,2010,2011,2012,2013,2014,2015,2016,2017
0,4,4,4,3,5.0,3.0,6.0,3.0
1,4,5,5,4,5.0,5.0,3.0,3.0
2,3,3,5,4,4.0,5.0,4.0,4.0
3,4,6,6,4,5.0,5.0,6.0,5.0
4,4,4,4,5,5.0,3.0,5.0,4.0
5,5,3,5,3,5.0,4.0,6.0,4.0
6,3,0,0,5,5.0,4.0,5.0,3.0
7,5,5,5,5,5.0,3.0,5.0,4.0
8,5,6,3,5,4.0,5.0,5.0,5.0
9,4,5,6,3,3.0,4.0,4.0,5.0
10,3,5,4,3,3.0,3.0,5.0,4.0
11,5,4,4,4,5.0,5.0,5.0,3.0
12,4,6,4,4,4.0,5.0,4.0,4.0
13,4,3,4,3,4.0,5.0,4.0,5.0
14,5,3,5,5,5.0,3.0,5.0,4.0
15,3,4,4,4,3.0,3.0,4.0,5.0
16,5,5,4,3,3.0,0.0,3.0,3.0
17,4,6,3,3,4.0,4.0,5.0,3.0
18,0,6,5,5,4.0,5.0,5.0,5.0
19,4,5,3,4,3.0,3.0,5.0,4.0
20,6,5,6,4,5.0,0.0,4.0,5.0
21,2,5,6,5,5.0,4.0,4.0,4.0
22,5,4,5,4,4.0,4.0,4.0,5.0
23,4,4,4,4,3.0,4.0,5.0,3.0
24,5,5,4,4,5.0,5.0,3.0,3.0
25,4,4,6,3,4.0,4.0,5.0,4.0
26,4,5,4,4,5.0,4.0,5.0,4.0
27,5,4,6,5,4.0,5.0,5.0,4.0
28,4,0,6,4,5.0,3.0,6.0,4.0
29,4,4,6,5,3.0,4.0,4.0,4.0
30,3,4,3,4,4.0,5.0,5.0,5.0
31,4,5,6,5,5.0,5.0,6.0,1.0
32,5,6,3,5,4.0,4.0,4.0,5.0
33,4,3,4,3,4.0,4.0,4.0,5.0
34,5,5,4,4,6.0,4.0,5.0,4.0
35,5,5,6,3,4.0,5.0,4.0,4.0
36,3,5,5,4,6.0,4.0,5.0,4.0
37,5,4,5,3,4.0,4.0,6.0,4.0
38,3,5,4,3,4.0,5.0,4.0,3.0
39,4,5,6,0,4.0,6.0,3.0,4.0
40,5,4,6,5,4.0,5.0,3.0,4.0
41,0,4,3,5,6.0,4.0,5.0,4.0
42,1,4,0,3,4.0,5.0,4.0,4.0
43,4,4,4,4,3.0,5.0,5.0,6.0
44,4,4,5,5,6.0,4.0,5.0,5.0
45,5,4,4,5,3.0,5.0,6.0,5.0
46,4,5,4,6,6.0,3.0,4.0,4.0
47,4,3,0,4,5.0,5.0,6.0,6.0
48,6,5,5,4,4.0,5.0,4.0,4.0
49,3,5,4,5,3.0,4.0,1.0,4.0
50,3,5,3,5,6.0,3.0,5.0,4.0
51,4,3,4,4,6.0,4.0,4.0,6.0
52,4,4,4,4,4.0,4.0,5.0,3.0
53,3,3,5,4,5.0,4.0,5.0,4.0
54,4,4,5,4,6.0,5.0,6.0,4.0
55,5,5,4,3,3.0,5.0,4.0,4.0
56,5,5,5,4,4.0,5.0,4.0,4.0
57,5,5,5,5,5.0,4.0,3.0,5.0
58,5,4,4,3,4.0,4.0,3.0,5.0
59,4,5,3,5,4.0,3.0,5.0,4.0
60,0,4,4,5,4.0,4.0,4.0,4.0
61,4,3,5,5,5.0,4.0,3.0,5.0
62,4,3,5,5,3.0,3.0,4.0,6.0
63,4,4,5,5,2.0,3.0,4.0,5.0
64,4,5,5,3,5.0,6.0,5.0,5.0
65,4,5,3,3,4.0,3.0,4.0,4.0
66,4,5,4,4,4.0,5.0,6.0,5.0
67,3,4,4,2,3.0,4.0,4.0,5.0
68,5,5,6,6,3.0,5.0,6.0,5.0
69,3,4,5,4,3.0,3.0,5.0,4.0
70,6,3,5,4,3.0,3.0,3.0,3.0
71,4,3,5,1,4.0,4.0,5.0,5.0
72,6,4,5,4,5.0,4.0,3.0,4.0
73,6,4,5,5,5.0,4.0,4.0,5.0
74,3,4,4,4,4.0,5.0,5.0,3.0
75,3,5,4,5,4.0,4.0,4.0,2.0
76,4,4,4,4,5.0,4.0,4.0,4.0
77,4,4,5,5,4.0,3.0,4.0,6.0
78,2,5,3,4,5.0,5.0,4.0,4.0
79,4,5,4,4,3.0,4.0,3.0,4.0
80,4,4,4,5,4.0,4.0,3.0,6.0
81,3,5,4,4,5.0,4.0,3.0,6.0
82,4,4,3,5,4.0,5.0,3.0,4.0
83,0,4,5,4,5.0,4.0,5.0,5.0
84,3,5,5,5,5.0,5.0,3.0,5.0
85,5,3,3,4,5.0,4.0,4.0,5.0
86,4,4,4,5,3.0,4.0,5.0,5.0
87,5,3,3,5,5.0,5.0,5.0,5.0
88,4,4,4,4,6.0,5.0,4.0,4.0
89,4,4,3,6,5.0,5.0,4.0,4.0
90,4,5,0,4,4.0,5.0,5.0,6.0
91,4,5,4,4,4.0,5.0,5.0,4.0
92,5,4,5,4,4.0,3.0,0.0,4.0
93,5,4,5,5,5.0,3.0,5.0,0.0
94,5,5,5,5,4.0,5.0,5.0,5.0
95,5,0,4,5,4.0,5.0,0.0,5.0
96,3,1,4,5,5.0,4.0,3.0,4.0
97,3,5,3,5,5.0,4.0,0.0,3.0
98,4,4,4,5,4.0,5.0,5.0,4.0
99,4,5,4,5,4.0,5.0,3.0,5.0
100,3,5,5,0,5.0,5.0,3.0,4.0
101,5,4,5,5,5.0,4.0,5.0,3.0
102,5,5,5,5,4.0,3.0,4.0,5.0
103,3,4,0,4,1.0,4.0,5.0,5.0
104,5,4,4,6,3.0,3.0,5.0,4.0
105,5,4,4,4,4.0,3.0,5.0,4.0
106,5,4,5,4,3.0,4.0,4.0,4.0
107,4,4,5,5,3.0,4.0,4.0,4.0
108,5,3,5,5,3.0,4.0,0.0,3.0
109,4,3,2,5,4.0,4.0,2.0,6.0
110,4,5,3,5,4.0,4.0,4.0,5.0
111,5,4,4,5,3.0,4.0,4.0,4.0
112,3,4,4,4,5.0,4.0,4.0,5.0
113,3,5,5,4,5.0,4.0,6.0,6.0
114,5,4,4,5,3.0,4.0,4.0,5.0
115,4,6,4,4,3.0,4.0,0.0,6.0
116,5,3,3,5,4.0,4.0,4.0,4.0
117,5,0,5,4,4.0,6.0,5.0,5.0
118,5,5,3,4,5.0,3.0,5.0,4.0
119,5,5,3,4,3.0,6.0,0.0,4.0
120,5,5,2,4,5.0,5.0,5.0,5.0
121,6,5,6,5,3.0,5.0,4.0,4.0
122,4,5,2,3,3.0,5.0,4.0,4.0
123,5,5,4,5,4.0,4.0,4.0,5.0
124,5,3,3,4,4.0,4.0,6.0,0.0
125,4,4,5,4,3.0,3.0,3.0,5.0
126,4,5,4,5,1.0,3.0,4.0,5.0
127,3,3,4,5,3.0,4.0,5.0,3.0
128,0,5,5,4,4.0,4.0,3.0,6.0
129,3,4,3,4,4.0,3.0,4.0,6.0
130,4,3,4,6,5.0,3.0,5.0,4.0
131,4,5,4,5,4.0,2.0,5.0,5.0
132,5,5,5,5,3.0,4.0,4.0,4.0
133,3,6,6,6,5.0,5.0,4.0,5.0
134,4,5,5,0,6.0,4.0,5.0,5.0
135,3,2,5,5,3.0,4.0,5.0,5.0
136,5,5,3,4,5.0,5.0,3.0,5.0
137,4,3,3,4,4.0,3.0,5.0,0.0
138,5,4,4,4,5.0,4.0,4.0,5.0
139,5,3,6,3,5.0,4.0,4.0,4.0
140,4,5,6,4,4.0,4.0,4.0,5.0
141,5,4,4,3,5.0,5.0,4.0,3.0
142,3,5,4,4,6.0,4.0,5.0,4.0
143,5,5,2,4,4.0,5.0,5.0,4.0
144,4,4,5,3,3.0,5.0,5.0,6.0
145,4,5,4,5,3.0,5.0,3.0,4.0
146,6,5,4,6,3.0,3.0,4.0,4.0
147,5,4,4,4,5.0,5.0,5.0,5.0
148,5,5,4,3,5.0,4.0,5.0,4.0
149,4,5,4,5,4.0,5.0,3.0,4.0
150,5,4,4,5,4.0,4.0,3.0,5.0
151,5,4,4,5,4.0,4.0,4.0,6.0
152,5,3,4,4,3.0,4.0,3.0,4.0
153,4,4,0,4,3.0,3.0,4.0,5.0
154,5,6,5,4,4.0,3.0,5.0,5.0
155,5,5,3,3,3.0,4.0,5.0,5.0
156,4,4,4,4,3.0,5.0,2.0,5.0
157,5,4,6,4,3.0,4.0,5.0,5.0
158,5,5,4,3,3.0,4.0,4.0,6.0
159,4,2,4,4,4.0,4.0,5.0,4.0
160,5,5,4,3,3.0,5.0,5.0,4.0
161,5,4,5,3,6.0,5.0,5.0,5.0
162,3,5,4,5,4.0,4.0,4.0,5.0
163,3,4,4,4,6.0,5.0,4.0,4.0
164,2,4,5,4,4.0,4.0,5.0,3.0
165,5,2,3,5,4.0,3.0,4.0,5.0
166,5,4,3,5,4.0,2.0,4.0,5.0
167,4,3,5,3,5.0,5.0,5.0,0.0
168,5,6,4,5,4.0,4.0,5.0,5.0
169,5,5,3,3,4.0,5.0,5.0,6.0
170,5,4,4,4,4.0,6.0,3.0,3.0
171,5,4,3,4,5.0,4.0,5.0,5.0
172,5,4,3,4,4.0,3.0,4.0,5.0
173,5,3,4,3,6.0,4.0,5.0,3.0
174,4,5,6,4,5.0,4.0,5.0,6.0
175,3,6,5,3,4.0,4.0,4.0,4.0
176,4,4,6,4,5.0,3.0,4.0,5.0
177,3,4,4,5,3.0,3.0,5.0,2.0
178,5,4,5,4,5.0,4.0,4.0,0.0
179,5,3,0,3,3.0,5.0,5.0,4.0
180,3,4,4,4,4.0,4.0,5.0,5.0
181,3,4,3,4,4.0,4.0,3.0,5.0
182,6,4,3,4,2.0,4.0,3.0,5.0
183,4,3,5,3,3.0,4.0,6.0,4.0
184,4,3,5,4,5.0,4.0,2.0,3.0
185,0,4,5,3,5.0,4.0,5.0,4.0
186,4,3,4,4,5.0,0.0,5.0,5.0
187,4,5,5,0,4.0,3.0,1.0,6.0
188,4,4,4,6,3.0,5.0,5.0,5.0
189,5,3,5,6,4.0,5.0,4.0,5.0
190,6,4,5,6,5.0,6.0,4.0,5.0
191,5,5,3,4,6.0,2.0,4.0,6.0
192,6,3,3,4,5.0,3.0,4.0,3.0
193,5,3,4,4,5.0,4.0,5.0,5.0
194,4,4,5,4,4.0,3.0,3.0,5.0
195,4,5,4,4,3.0,5.0,3.0,4.0
196,4,4,3,5,3.0,5.0,5.0,5.0
197,5,3,4,3,5.0,6.0,4.0,5.0
198,3,3,1,5,4.0,5.0,3.0,3.0
199,0,4,5,4,2.0,5.0,3.0,4.0
200,3,2,5,3,4.0,5.0,3.0,5.0
201,3,6,5,4,5.0,5.0,5.0,4.0
202,6,6,5,6,6.0,4.0,5.0,5.0
203,4,5,5,4,3.0,3.0,4.0,4.0
204,4,3,3,4,4.0,4.0,5.0,5.0
205,3,4,4,4,4.0,4.0,4.0,4.0
206,4,4,5,5,4.0,3.0,5.0,4.0
207,4,5,5,3,4.0,4.0,5.0,4.0
208,4,4,4,4,0.0,5.0,5.0,5.0
209,5,4,4,0,4.0,5.0,6.0,4.0
210,5,5,4,3,4.0,5.0,4.0,4.0
211,6,6,4,5,5.0,3.0,4.0,3.0
212,5,4,6,6,5.0,4.0,4.0,5.0
213,5,4,4,5,5.0,4.0,5.0,4.0
214,5,4,5,5,4.0,4.0,5.0,4.0
215,5,4,5,4,5.0,4.0,5.0,6.0
216,4,5,4,6,5.0,6.0,5.0,5.0
217,5,6,5,4,5.0,3.0,4.0,4.0
218,5,3,5,6,3.0,6.0,3.0,5.0
219,4,4,4,4,5.0,3.0,5.0,4.0
220,4,6,5,6,3.0,4.0,4.0,5.0
221,5,4,5,5,4.0,3.0,5.0,4.0
222,3,6,5,3,5.0,4.0,5.0,5.0
223,5,6,3,4,3.0,5.0,5.0,5.0
224,3,4,3,4,3.0,3.0,5.0,2.0
225,5,6,5,3,4.0,4.0,4.0,2.0
226,4,4,6,3,5.0,4.0,5.0,2.0
227,4,4,5,5,5.0,5.0,4.0,4.0
228,4,4,5,3,4.0,5.0,3.0,5.0
229,5,4,5,4,4.0,5.0,5.0,6.0
230,4,4,5,5,3.0,5.0,6.0,4.0
231,5,4,4,4,4.0,5.0,3.0,3.0
232,5,4,5,4,4.0,0.0,4.0,3.0
233,5,4,5,6,3.0,4.0,5.0,3.0
234,5,3,0,5,5.0,5.0,5.0,5.0
235,5,4,5,3,2.0,5.0,5.0,4.0
236,5,4,5,5,4.0,3.0,5.0,3.0
237,3,4,4,4,4.0,4.0,4.0,4.0
238,5,4,5,4,3.0,4.0,4.0,3.0
239,4,3,4,4,2.0,4.0,3.0,3.0
240,5,3,6,5,6.0,4.0,5.0,3.0
241,5,3,5,4,4.0,4.0,5.0,4.0
242,5,4,4,4,4.0,6.0,5.0,3.0
243,5,5,6,5,4.0,3.0,5.0,5.0
244,5,5,5,5,6.0,6.0,4.0,4.0
245,4,3,3,5,5.0,5.0,4.0,5.0
246,5,6,4,3,3.0,4.0,5.0,5.0
247,5,3,4,4,4.0,4.0,4.0,4.0
248,4,3,4,4,3.0,4.0,4.0,4.0
249,4,4,4,3,3.0,5.0,4.0,5.0
250,5,6,5,4,5.0,5.0,5.0,3.0
251,5,4,5,3,5.0,4.0,4.0,5.0
252,4,4,5,3,3.0,3.0,4.0,4.0
253,4,3,6,4,5.0,4.0,4.0,3.0
254,3,6,5,5,5.0,4.0,5.0,0.0
255,3,3,4,5,3.0,3.0,3.0,4.0
256,4,3,5,4,5.0,6.0,6.0,3.0
257,4,3,4,5,5.0,4.0,2.0,5.0
258,5,3,4,4,5.0,3.0,3.0,4.0
259,5,3,4,5,4.0,6.0,5.0,0.0
260,4,3,0,4,5.0,3.0,4.0,4.0
261,3,3,5,5,3.0,4.0,3.0,4.0
262,5,4,4,5,3.0,4.0,5.0,5.0
263,4,5,6,3,3.0,4.0,4.0,4.0
264,5,5,5,3,3.0,0.0,5.0,4.0
265,4,5,4,3,5.0,5.0,5.0,4.0
266,5,3,5,4,4.0,4.0,5.0,4.0
267,3,0,5,5,5.0,4.0,5.0,5.0
268,5,4,4,4,5.0,5.0,5.0,3.0
269,3,4,4,5,5.0,4.0,3.0,5.0
270,5,0,5,6,4.0,5.0,4.0,4.0
271,3,0,4,6,3.0,6.0,5.0,5.0
272,4,5,3,3,4.0,5.0,2.0,5.0
273,2,5,6,5,6.0,4.0,4.0,5.0
274,5,5,6,4,4.0,4.0,5.0,0.0
275,6,4,5,4,3.0,4.0,6.0,6.0
276,5,6,4,0,4.0,5.0,4.0,5.0
277,5,3,4,3,4.0,5.0,3.0,5.0
278,6,5,4,4,4.0,4.0,4.0,5.0
279,5,5,5,5,3.0,2.0,3.0,2.0
280,6,3,5,5,4.0,5.0,4.0,0.0
281,3,3,4,3,4.0,4.0,4.0,5.0
282,5,4,5,6,4.0,4.0,4.0,4.0
283,4,5,4,0,4.0,5.0,4.0,0.0
284,4,5,4,2,4.0,3.0,3.0,4.0
285,3,4,4,3,4.0,5.0,5.0,5.0
286,4,4,5,5,4.0,4.0,4.0,4.0
287,4,5,5,6,4.0,4.0,5.0,5.0
288,3,5,4,4,4.0,4.0,3.0,0.0
289,6,3,3,4,4.0,5.0,5.0,4.0
290,4,4,5,3,5.0,4.0,6.0,5.0
291,4,5,6,5,5.0,4.0,4.0,5.0
292,4,4,4,4,5.0,4.0,5.0,4.0
293,4,4,3,3,4.0,3.0,3.0,5.0
294,3,5,4,4,4.0,4.0,5.0,0.0
295,3,5,3,4,4.0,3.0,5.0,3.0
296,4,4,5,6,5.0,4.0,5.0,4.0
297,5,4,4,4,6.0,5.0,5.0,5.0
298,6,5,4,5,4.0,4.0,5.0,5.0
299,5,5,4,4,4.0,4.0,2.0,5.0
300,5,3,3,4,0.0,4.0,4.0,5.0
301,4,5,4,4,3.0,2.0,5.0,5.0
302,3,4,5,4,5.0,5.0,3.0,4.0
303,3,5,4,6,3.0,5.0,5.0,3.0
304,5,5,4,3,3.0,2.0,5.0,5.0
305,5,5,4,5,5.0,4.0,4.0,5.0
306,5,3,4,6,4.0,4.0,3.0,5.0
307,4,5,5,4,3.0,5.0,5.0,4.0
308,4,5,3,5,5.0,3.0,5.0,5.0
309,5,5,5,4,5.0,4.0,5.0,5.0
310,0,4,4,5,3.0,4.0,3.0,4.0
311,4,5,4,6,4.0,5.0,3.0,5.0
312,4,5,4,4,5.0,4.0,5.0,3.0
313,5,5,4,5,4.0,3.0,4.0,4.0
314,3,4,4,6,3.0,3.0,0.0,4.0
315,2,4,5,4,6.0,4.0,5.0,4.0
316,4,3,4,3,4.0,4.0,3.0,5.0
317,6,6,5,4,3.0,4.0,5.0,5.0
318,5,3,3,5,5.0,4.0,5.0,5.0
319,6,5,4,4,4.0,5.0,5.0,5.0
320,4,3,6,3,4.0,4.0,4.0,5.0
321,3,6,5,4,4.0,4.0,5.0,5.0
322,4,4,4,5,6.0,6.0,6.0,4.0
323,5,3,5,6,4.0,3.0,3.0,5.0
324,5,3,5,3,5.0,4.0,5.0,5.0
325,6,6,4,5,1.0,4.0,4.0,3.0
326,5,4,4,4,5.0,3.0,4.0,0.0
327,3,5,5,4,4.0,3.0,5.0,3.0
328,4,4,4,4,5.0,5.0,3.0,3.0
329,5,4,4,4,4.0,3.0,3.0,3.0
330,3,5,3,5,5.0,5.0,5.0,4.0
331,6,3,4,4,4.0,3.0,5.0,4.0
332,3,3,4,5,3.0,6.0,4.0,5.0
333,3,4,4,5,5.0,5.0,5.0,5.0
334,4,4,4,6,4.0,4.0,5.0,4.0
335,6,4,5,3,4.0,4.0,4.0,5.0
336,4,4,4,5,5.0,3.0,5.0,5.0
337,4,3,4,4,5.0,5.0,2.0,4.0
338,5,3,4,5,4.0,6.0,1.0,5.0
339,4,4,4,4,5.0,3.0,4.0,5.0
340,3,3,0,6,4.0,4.0,5.0,5.0
341,4,4,5,5,4.0,4.0,4.0,6.0
342,3,5,5,4,4.0,4.0,4.0,5.0
343,4,3,5,3,5.0,4.0,4.0,4.0
344,0,3,5,3,5.0,6.0,4.0,4.0
345,5,5,4,5,5.0,5.0,5.0,4.0
346,3,4,6,3,5.0,5.0,3.0,0.0
347,4,4,4,5,5.0,5.0,3.0,5.0
348,1,5,0,3,5.0,5.0,4.0,4.0
349,3,3,4,4,5.0,5.0,4.0,5.0
350,6,4,4,4,4.0,3.0,5.0,3.0
351,3,4,4,4,5.0,3.0,5.0,4.0
352,4,4,5,5,4.0,3.0,3.0,4.0
353,4,4,5,5,4.0,0.0,5.0,4.0
354,3,4,5,5,5.0,5.0,6.0,3.0
355,3,4,5,4,5.0,6.0,5.0,6.0
356,5,6,5,4,3.0,5.0,6.0,4.0
357,4,4,5,0,4.0,4.0,3.0,4.0
358,6,5,5,5,4.0,4.0,4.0,4.0
359,4,6,5,5,5.0,5.0,4.0,4.0
360,5,4,4,5,5.0,4.0,3.0,5.0
361,6,5,5,4,4.0,4.0,5.0,3.0
362,4,4,5,3,4.0,4.0,3.0,4.0
363,3,5,5,5,3.0,3.0,3.0,6.0
364,3,5,5,4,5.0,5.0,0.0,6.0
365,5,5,4,4,4.0,5.0,6.0,5.0
366,6,0,5,6,5.0,5.0,4.0,4.0
367,5,5,4,3,4.0,4.0,5.0,4.0
368,6,5,5,5,3.0,4.0,4.0,0.0
369,4,6,5,5,5.0,4.0,4.0,4.0
370,4,3,5,4,3.0,5.0,4.0,4.0
371,5,6,3,5,3.0,3.0,4.0,4.0
372,3,6,5,5,5.0,6.0,5.0,3.0
373,4,3,5,5,4.0,4.0,4.0,4.0
374,3,3,4,5,4.0,4.0,5.0,3.0
375,6,3,5,4,0.0,5.0,5.0,2.0
376,0,6,4,5,4.0,5.0,5.0,4.0
377,3,0,6,4,5.0,4.0,5.0,4.0
378,5,0,4,5,6.0,2.0,4.0,4.0
379,4,4,5,5,4.0,3.0,3.0,5.0
380,5,3,5,4,6.0,6.0,5.0,3.0
381,3,5,5,4,5.0,5.0,4.0,4.0
382,3,4,6,4,4.0,5.0,6.0,4.0
383,4,4,4,5,6.0,3.0,4.0,3.0
384,4,3,5,3,4.0,6.0,5.0,3.0
385,4,4,6,0,6.0,3.0,3.0,5.0
386,6,4,4,4,6.0,3.0,5.0,3.0
387,4,6,3,5,4.0,6.0,3.0,4.0
388,4,6,4,5,5.0,6.0,5.0,2.0
389,4,5,3,4,4.0,4.0,4.0,4.0
390,2,4,4,3,5.0,3.0,5.0,3.0
391,4,4,4,5,5.0,1.0,4.0,4.0
392,5,6,3,5,3.0,4.0,3.0,5.0
393,4,5,3,5,3.0,2.0,4.0,4.0
394,4,4,3,5,5.0,5.0,3.0,4.0
395,5,3,3,5,4.0,4.0,4.0,4.0
396,3,4,6,5,5.0,6.0,5.0,5.0
397,4,6,3,5,4.0,3.0,5.0,5.0
398,5,5,4,5,4.0,3.0,2.0,6.0
399,3,5,3,4,0.0,5.0,5.0,3.0
400,2,6,3,4,4.0,5.0,3.0,5.0
401,5,6,5,4,4.0,4.0,4.0,5.0
402,5,4,3,4,3.0,4.0,3.0,4.0
403,4,4,3,0,3.0,3.0,5.0,5.0
404,5,3,4,5,4.0,4.0,6.0,6.0
405,5,4,4,4,5.0,4.0,5.0,5.0
406,4,5,4,4,4.0,3.0,5.0,5.0
407,3,3,4,4,5.0,3.0,5.0,4.0
408,4,3,4,6,3.0,4.0,5.0,3.0
409,3,4,4,3,3.0,5.0,5.0,6.0
410,5,5,4,4,0.0,3.0,4.0,2.0
411,5,6,3,4,5.0,5.0,2.0,5.0
412,5,6,3,2,5.0,4.0,5.0,4.0
413,4,5,4,4,6.0,5.0,4.0,5.0
414,4,6,4,4,2.0,3.0,5.0,4.0
415,5,6,4,3,4.0,4.0,5.0,4.0
416,5,5,3,4,4.0,3.0,4.0,4.0
417,4,5,3,4,3.0,0.0,4.0,6.0
418,5,4,3,5,4.0,5.0,3.0,5.0
419,5,4,3,4,3.0,6.0,5.0,5.0
420,5,0,4,5,1.0,4.0,3.0,4.0
421,4,5,4,5,5.0,5.0,2.0,4.0
422,3,4,4,4,6.0,2.0,5.0,3.0
423,4,3,3,4,4.0,3.0,3.0,6.0
424,0,5,3,5,4.0,4.0,3.0,3.0
425,5,5,4,5,5.0,5.0,3.0,5.0
426,0,5,3,3,4.0,4.0,4.0,4.0
427,5,5,4,4,4.0,5.0,4.0,5.0
428,2,4,5,3,3.0,4.0,4.0,4.0
429,5,5,5,4,5.0,5.0,5.0,5.0
430,4,5,3,4,3.0,4.0,3.0,4.0
431,4,6,4,3,3.0,4.0,5.0,4.0
432,5,5,3,0,4.0,5.0,5.0,3.0
433,5,6,4,0,3.0,4.0,6.0,3.0
434,5,6,4,4,4.0,4.0,5.0,4.0
435,2,0,4,5,5.0,5.0,5.0,4.0
436,4,5,5,4,0.0,4.0,4.0,3.0
437,6,5,5,4,4.0,4.0,5.0,5.0
438,6,5,3,5,6.0,3.0,5.0,4.0
439,4,3,4,4,4.0,3.0,4.0,5.0
440,4,4,4,4,4.0,3.0,4.0,5.0
441,4,3,4,2,2.0,4.0,4.0,3.0
442,3,3,4,3,6.0,3.0,5.0,5.0
443,4,6,1,4,6.0,3.0,0.0,5.0
444,4,5,5,6,3.0,3.0,3.0,5.0
445,5,4,3,4,5.0,4.0,4.0,4.0
446,5,4,4,4,3.0,4.0,3.0,4.0
447,3,5,5,4,3.0,0.0,4.0,4.0
448,4,6,0,4,4.0,4.0,5.0,5.0
449,6,5,5,5,3.0,5.0,3.0,5.0
450,6,5,4,4,4.0,3.0,3.0,3.0
451,6,4,5,5,6.0,3.0,4.0,4.0
452,6,4,5,5,2.0,3.0,5.0,4.0
453,4,5,5,4,4.0,5.0,4.0,4.0
454,4,6,4,0,4.0,4.0,4.0,3.0
455,3,4,5,4,1.0,4.0,3.0,4.0
456,4,4,4,3,3.0,5.0,3.0,3.0
457,3,3,5,6,4.0,3.0,3.0,5.0
458,4,4,4,4,4.0,3.0,4.0,5.0
459,3,3,5,4,3.0,5.0,3.0,5.0
460,5,4,5,3,6.0,4.0,4.0,6.0
461,4,4,4,4,5.0,4.0,3.0,4.0
462,3,4,5,5,4.0,4.0,4.0,3.0
463,5,4,4,6,5.0,5.0,3.0,4.0
464,3,3,5,4,4.0,3.0,6.0,5.0
465,4,4,3,0,5.0,3.0,3.0,4.0
466,4,3,4,4,4.0,3.0,3.0,4.0
467,3,0,4,5,3.0,4.0,6.0,4.0
468,3,4,5,0,6.0,4.0,5.0,4.0
469,6,5,4,5,4.0,5.0,3.0,5.0
470,3,4,5,5,5.0,5.0,3.0,4.0
471,3,5,5,5,5.0,5.0,4.0,5.0
472,4,5,5,5,5.0,3.0,6.0,3.0
473,3,6,5,5,4.0,5.0,4.0,3.0
474,4,6,5,5,5.0,6.0,3.0,5.0
475,5,4,3,5,4.0,3.0,3.0,4.0
476,5,5,5,4,5.0,5.0,4.0,5.0
477,2,4,5,4,4.0,4.0,3.0,5.0
478,4,5,3,5,5.0,6.0,5.0,5.0
479,4,6,5,5,3.0,4.0,3.0,5.0
480,5,4,4,4,5.0,4.0,2.0,6.0
481,5,4,5,5,4.0,5.0,5.0,5.0
482,4,4,5,5,5.0,4.0,5.0,5.0
483,4,6,5,0,4.0,6.0,5.0,5.0
484,3,2,5,5,4.0,4.0,3.0,5.0
485,4,4,4,4,5.0,6.0,5.0,5.0
486,4,3,5,4,5.0,3.0,4.0,5.0
487,4,5,5,3,5.0,4.0,3.0,4.0
488,0,0,5,3,5.0,4.0,5.0,2.0
489,4,5,5,5,4.0,4.0,5.0,4.0
490,3,5,5,4,2.0,4.0,4.0,4.0
491,4,5,4,0,5.0,4.0,5.0,3.0
492,4,4,5,4,5.0,3.0,4.0,4.0
493,4,5,4,5,4.0,6.0,4.0,4.0
494,4,4,4,5,5.0,5.0,4.0,0.0
495,5,6,5,4,5.0,2.0,6.0,3.0
496,4,5,5,4,4.0,5.0,4.0,5.0
497,4,5,3,4,5.0,6.0,4.0,4.0
498,3,6,6,6,0.0,5.0,5.0,5.0
499,4,5,5,5,4.0,5.0,4.0,4.0
500,5,4,4,5,4.0,5.0,5.0,4.0
501,5,3,3,5,5.0,4.0,4.0,5.0
502,5,2,3,4,4.0,0.0,4.0,3.0
503,5,5,5,6,6.0,4.0,4.0,3.0
504,4,5,4,4,5.0,4.0,4.0,4.0
505,4,4,5,2,4.0,4.0,4.0,3.0
506,5,5,4,5,4.0,4.0,0.0,4.0
507,4,4,3,6,4.0,5.0,5.0,4.0
508,5,5,5,4,3.0,5.0,5.0,5.0
509,3,5,4,5,5.0,4.0,3.0,5.0
510,5,4,3,5,4.0,3.0,4.0,3.0
511,4,5,4,4,4.0,4.0,3.0,4.0
512,4,5,5,6,4.0,3.0,4.0,5.0
513,4,4,4,5,3.0,2.0,4.0,4.0
514,4,5,5,3,4.0,4.0,5.0,4.0
515,4,4,5,4,4.0,4.0,4.0,6.0
516,4,4,0,4,4.0,0.0,5.0,5.0
517,5,3,5,4,4.0,5.0,4.0,0.0
518,3,4,6,4,5.0,5.0,5.0,5.0
519,5,4,3,4,4.0,4.0,4.0,5.0
520,5,5,4,4,5.0,3.0,2.0,3.0
521,6,5,2,4,4.0,4.0,4.0,4.0
522,3,5,4,3,4.0,5.0,4.0,4.0
523,3,4,4,4,4.0,4.0,3.0,4.0
524,2,5,5,4,4.0,3.0,4.0,5.0
525,6,5,4,4,4.0,3.0,5.0,5.0
526,4,5,4,3,4.0,6.0,5.0,3.0
527,3,5,4,4,4.0,4.0,5.0,6.0
528,5,4,4,2,5.0,4.0,4.0,4.0
529,5,5,2,5,5.0,5.0,4.0,6.0
530,5,5,4,5,3.0,3.0,4.0,5.0
531,4,5,4,5,4.0,5.0,5.0,4.0
532,5,5,4,3,5.0,5.0,5.0,5.0
533,4,5,4,3,4.0,5.0,4.0,5.0
534,5,5,4,5,4.0,5.0,3.0,5.0
535,5,4,5,4,5.0,5.0,5.0,5.0
536,4,4,5,3,5.0,3.0,4.0,5.0
537,4,4,4,4,4.0,5.0,5.0,5.0
538,4,4,5,3,4.0,4.0,6.0,3.0
539,3,3,3,4,6.0,5.0,3.0,4.0
540,4,5,4,3,3.0,5.0,4.0,3.0
541,4,3,4,4,6.0,3.0,4.0,5.0
542,4,3,5,4,5.0,3.0,5.0,3.0
543,4,5,5,4,5.0,4.0,5.0,4.0
544,5,5,5,4,4.0,2.0,4.0,3.0
545,6,4,4,5,3.0,4.0,3.0,5.0
546,3,4,5,5,4.0,5.0,5.0,4.0
547,4,4,4,5,5.0,3.0,4.0,4.0
548,5,4,4,4,6.0,5.0,4.0,4.0
549,3,4,4,3,3.0,3.0,4.0,3.0
550,4,5,5,4,4.0,3.0,6.0,3.0
551,6,5,5,4,4.0,4.0,6.0,5.0
552,4,3,6,4,6.0,4.0,4.0,5.0
553,0,5,4,4,6.0,4.0,5.0,3.0
554,4,4,4,4,5.0,4.0,3.0,5.0
555,5,4,4,5,5.0,5.0,5.0,5.0
556,3,3,3,3,4.0,4.0,4.0,4.0
557,6,5,5,5,4.0,4.0,3.0,3.0
558,4,4,4,4,4.0,6.0,4.0,5.0
559,5,3,3,5,5.0,4.0,2.0,4.0
560,5,4,5,4,3.0,5.0,5.0,6.0
561,5,3,5,3,4.0,0.0,5.0,4.0
562,5,4,4,4,5.0,4.0,3.0,4.0
563,4,4,3,5,4.0,3.0,3.0,3.0
564,0,5,4,0,4.0,3.0,4.0,3.0
565,4,4,4,4,4.0,5.0,4.0,4.0
566,3,4,5,4,4.0,4.0,4.0,5.0
567,3,4,5,5,4.0,4.0,4.0,5.0
568,4,5,4,4,4.0,6.0,5.0,5.0
569,5,5,5,5,4.0,5.0,5.0,5.0
570,3,3,3,5,4.0,5.0,4.0,4.0
571,5,3,5,4,6.0,4.0,4.0,3.0
572,4,4,4,4,5.0,3.0,5.0,6.0
573,4,3,5,3,5.0,4.0,5.0,4.0
574,5,4,0,3,5.0,4.0,4.0,3.0
575,3,3,5,4,4.0,4.0,4.0,3.0
576,6,4,4,4,4.0,4.0,4.0,5.0
577,3,4,4,3,5.0,4.0,4.0,4.0
578,3,3,4,4,3.0,4.0,4.0,4.0
579,5,6,4,5,4.0,5.0,5.0,5.0
580,3,6,4,3,5.0,4.0,4.0,4.0
581,4,4,4,5,4.0,4.0,5.0,5.0
582,4,3,3,4,4.0,5.0,3.0,4.0
583,4,3,4,4,5.0,5.0,3.0,4.0
584,3,3,3,4,5.0,4.0,5.0,4.0
585,5,3,3,4,4.0,5.0,4.0,5.0
586,5,6,5,4,4.0,4.0,3.0,4.0
587,5,3,4,3,6.0,4.0,4.0,4.0
588,5,3,4,5,4.0,5.0,3.0,4.0
589,4,4,3,5,6.0,4.0,3.0,5.0
590,3,2,4,3,4.0,4.0,4.0,5.0
591,4,2,4,3,6.0,3.0,3.0,5.0
592,4,5,5,4,4.0,4.0,4.0,4.0
593,4,5,4,4,3.0,5.0,5.0,5.0
594,3,0,3,4,4.0,4.0,3.0,4.0
595,5,4,5,3,3.0,5.0,4.0,3.0
596,3,4,4,4,3.0,5.0,4.0,3.0
597,4,5,4,4,4.0,5.0,4.0,5.0
598,5,5,4,4,4.0,5.0,3.0,5.0
599,5,4,4,5,4.0,3.0,2.0,5.0
600,5,5,5,5,4.0,4.0,3.0,5.0
601,4,4,4,5,5.0,3.0,3.0,4.0
602,3,6,5,5,5.0,5.0,2.0,5.0
603,5,4,4,4,5.0,4.0,4.0,5.0
604,4,5,5,5,4.0,5.0,4.0,3.0
605,4,4,4,5,5.0,5.0,4.0,0.0
606,4,4,3,5,4.0,5.0,4.0,4.0
607,4,4,4,4,5.0,3.0,4.0,5.0
608,4,4,5,4,4.0,5.0,5.0,6.0
609,4,5,4,2,3.0,5.0,5.0,4.0
610,4,5,4,5,3.0,6.0,5.0,3.0
611,3,4,5,4,4.0,5.0,3.0,5.0
612,4,4,6,4,3.0,4.0,4.0,4.0
613,4,4,6,4,5.0,4.0,4.0,3.0
614,5,3,4,3,5.0,3.0,3.0,4.0
615,5,3,4,5,4.0,4.0,3.0,3.0
616,4,0,3,3,5.0,4.0,2.0,4.0
617,4,3,5,0,4.0,3.0,3.0,6.0
618,4,3,5,5,4.0,5.0,3.0,3.0
619,4,4,4,4,4.0,5.0,3.0,4.0
620,3,3,4,4,4.0,5.0,6.0,3.0
621,5,2,3,4,4.0,4.0,4.0,4.0
622,5,6,5,4,5.0,3.0,4.0,3.0
623,5,4,3,5,5.0,5.0,5.0,4.0
624,5,4,4,5,4.0,5.0,4.0,3.0
625,5,4,5,5,5.0,4.0,5.0,2.0
626,4,4,5,3,5.0,6.0,3.0,0.0
627,3,3,0,5,2.0,4.0,4.0,4.0
628,4,4,3,5,0.0,5.0,4.0,4.0
629,5,5,4,4,5.0,3.0,4.0,4.0
630,4,2,4,4,5.0,4.0,4.0,5.0
631,4,3,5,4,5.0,5.0,4.0,3.0
632,4,4,5,4,4.0,4.0,4.0,5.0
633,4,4,4,5,3.0,4.0,5.0,4.0
634,6,5,5,3,6.0,5.0,3.0,4.0
635,3,4,3,4,5.0,4.0,5.0,5.0
636,4,4,2,4,1.0,5.0,3.0,4.0
637,4,5,2,0,3.0,5.0,4.0,5.0
638,5,3,3,4,3.0,5.0,4.0,5.0
639,4,3,4,3,4.0,6.0,4.0,3.0
640,2,2,5,3,4.0,3.0,5.0,3.0
641,4,4,5,4,3.0,4.0,5.0,5.0
642,5,0,4,5,4.0,6.0,3.0,5.0
643,5,3,5,5,5.0,3.0,3.0,5.0
644,4,4,5,4,3.0,4.0,4.0,5.0
645,4,4,6,4,4.0,5.0,5.0,4.0
646,4,3,5,3,3.0,4.0,3.0,5.0
647,5,3,5,5,4.0,5.0,4.0,4.0
648,4,5,4,5,5.0,4.0,3.0,4.0
649,4,5,6,3,5.0,3.0,4.0,4.0
650,5,4,4,5,4.0,4.0,4.0,5.0
651,6,4,4,5,3.0,3.0,5.0,5.0
652,4,4,4,4,5.0,4.0,5.0,5.0
653,5,4,5,5,4.0,5.0,4.0,4.0
654,4,5,4,4,5.0,5.0,4.0,4.0
655,4,4,0,5,3.0,4.0,4.0,5.0
656,5,6,4,2,3.0,3.0,4.0,4.0
657,3,4,3,4,4.0,2.0,5.0,5.0
658,4,3,4,4,4.0,4.0,4.0,5.0
659,5,4,3,5,5.0,0.0,4.0,5.0
660,3,6,5,4,4.0,4.0,5.0,4.0
661,5,4,4,5,3.0,3.0,4.0,5.0
662,5,5,4,4,5.0,3.0,3.0,4.0
663,4,5,4,4,3.0,4.0,5.0,5.0
664,3,6,0,4,4.0,5.0,4.0,5.0
665,3,3,5,3,4.0,1.0,5.0,5.0
666,5,4,4,5,5.0,4.0,5.0,2.0
667,4,5,4,5,5.0,4.0,3.0,3.0
668,4,5,4,4,4.0,4.0,4.0,5.0
669,4,5,4,5,4.0,4.0,5.0,4.0
670,4,5,5,4,4.0,5.0,4.0,4.0
671,5,5,5,4,5.0,4.0,4.0,3.0
672,5,4,4,5,5.0,4.0,4.0,5.0
673,5,3,4,5,5.0,4.0,5.0,3.0
674,3,4,4,3,6.0,3.0,3.0,4.0
675,6,4,5,4,5.0,6.0,5.0,4.0
676,3,6,4,3,4.0,0.0,2.0,4.0
677,4,5,4,5,3.0,3.0,5.0,4.0
678,4,5,4,5,4.0,6.0,3.0,4.0
679,5,4,4,6,6.0,4.0,5.0,6.0
680,5,3,5,4,4.0,6.0,4.0,4.0
681,4,3,5,5,4.0,6.0,4.0,4.0
682,5,5,4,4,5.0,4.0,4.0,3.0
683,3,4,3,4,6.0,3.0,3.0,5.0
684,5,3,0,6,4.0,6.0,5.0,6.0
685,5,5,4,6,5.0,6.0,4.0,3.0
686,0,5,4,4,6.0,6.0,4.0,4.0
687,4,5,5,4,4.0,6.0,4.0,5.0
688,5,6,4,3,4.0,4.0,3.0,5.0
689,3,4,5,3,3.0,5.0,5.0,5.0
690,4,4,4,5,5.0,3.0,5.0,4.0
691,4,5,5,5,0.0,3.0,5.0,4.0
692,4,4,4,3,4.0,2.0,4.0,4.0
693,6,3,4,4,6.0,5.0,5.0,4.0
694,4,4,4,2,3.0,5.0,5.0,4.0
695,4,5,4,4,3.0,3.0,4.0,4.0
696,4,4,5,5,5.0,4.0,3.0,4.0
697,5,5,6,4,3.0,3.0,4.0,5.0
698,4,3,2,4,4.0,3.0,4.0,5.0
699,6,3,6,4,4.0,3.0,3.0,3.0
700,4,3,4,5,3.0,3.0,5.0,2.0
701,2,4,5,5,4.0,6.0,3.0,3.0
702,4,4,6,4,4.0,2.0,5.0,4.0
703,4,3,4,4,4.0,5.0,3.0,4.0
704,3,6,4,4,4.0,6.0,5.0,4.0
705,0,4,2,4,4.0,5.0,5.0,4.0
706,4,5,2,4,4.0,5.0,5.0,4.0
707,4,5,5,5,5.0,4.0,3.0,4.0
708,3,3,6,6,3.0,6.0,5.0,4.0
709,3,4,4,4,5.0,3.0,5.0,5.0
710,5,4,4,3,2.0,1.0,4.0,3.0
711,4,4,4,4,5.0,5.0,4.0,4.0
712,4,6,4,4,3.0,6.0,4.0,4.0
713,5,4,0,5,4.0,4.0,4.0,5.0
714,4,2,3,5,5.0,3.0,4.0,3.0
715,4,3,5,4,5.0,5.0,4.0,4.0
716,4,4,5,4,5.0,4.0,4.0,3.0
717,4,2,6,3,3.0,4.0,2.0,4.0
718,4,4,3,4,5.0,4.0,4.0,5.0
719,3,5,6,4,5.0,4.0,5.0,5.0
720,4,3,5,5,2.0,4.0,5.0,4.0
721,3,6,3,4,4.0,5.0,4.0,3.0
722,0,3,5,5,4.0,3.0,5.0,5.0
723,4,3,6,4,5.0,3.0,5.0,3.0
724,3,6,5,3,4.0,3.0,3.0,5.0
725,4,5,6,4,5.0,4.0,5.0,3.0
726,3,3,4,0,4.0,4.0,4.0,4.0
727,3,3,5,4,4.0,5.0,4.0,4.0
728,3,3,5,5,5.0,4.0,4.0,4.0
729,3,4,5,4,3.0,6.0,5.0,5.0
730,4,3,6,5,4.0,4.0,4.0,5.0
731,5,4,5,5,4.0,3.0,4.0,4.0
732,5,6,2,4,4.0,4.0,5.0,5.0
733,4,6,4,3,4.0,4.0,4.0,2.0
734,4,4,3,4,4.0,6.0,5.0,3.0
735,3,6,4,5,4.0,5.0,4.0,5.0
736,3,4,3,5,4.0,4.0,3.0,0.0
737,2,4,6,5,5.0,4.0,3.0,3.0
738,3,4,6,5,3.0,3.0,4.0,4.0
739,3,0,3,4,4.0,3.0,4.0,4.0
740,4,5,2,5,4.0,3.0,5.0,4.0
741,4,2,4,3,5.0,5.0,4.0,3.0
742,5,2,5,4,4.0,4.0,4.0,4.0
743,4,5,4,4,3.0,5.0,5.0,5.0
744,3,4,4,4,4.0,5.0,6.0,4.0
745,4,6,5,4,5.0,4.0,4.0,6.0
746,0,4,4,4,0.0,3.0,4.0,6.0
747,4,4,3,4,4.0,4.0,5.0,5.0
748,5,3,4,4,5.0,4.0,5.0,3.0
749,4,4,5,4,5.0,4.0,5.0,4.0
750,4,3,3,4,4.0,4.0,5.0,5.0
751,4,3,4,5,5.0,5.0,3.0,4.0
752,4,4,4,3,5.0,5.0,4.0,4.0
753,6,3,4,4,4.0,5.0,5.0,4.0
754,4,4,5,4,3.0,4.0,3.0,4.0
755,5,4,6,5,6.0,4.0,4.0,3.0
756,2,5,5,6,4.0,3.0,4.0,4.0
757,4,4,5,3,5.0,5.0,4.0,5.0
758,4,4,5,3,5.0,3.0,3.0,5.0
759,5,4,4,4,3.0,5.0,4.0,3.0
760,5,5,4,3,5.0,4.0,4.0,4.0
761,3,3,4,5,5.0,4.0,5.0,5.0
762,5,5,5,3,4.0,5.0,4.0,5.0
763,3,4,4,4,4.0,4.0,4.0,5.0
764,3,3,6,3,4.0,4.0,5.0,5.0
765,3,5,4,4,5.0,5.0,5.0,5.0
766,4,4,3,6,4.0,3.0,4.0,4.0
767,3,0,4,3,6.0,4.0,4.0,5.0
768,5,4,4,3,4.0,6.0,4.0,5.0
769,5,4,6,4,6.0,3.0,5.0,4.0
770,3,5,4,4,5.0,4.0,4.0,0.0
771,4,3,4,3,3.0,6.0,5.0,4.0
772,5,4,5,3,2.0,4.0,4.0,4.0
773,3,3,4,3,4.0,4.0,5.0,4.0
774,5,4,4,2,3.0,3.0,4.0,4.0
775,5,4,4,3,4.0,4.0,5.0,6.0
776,5,5,5,3,3.0,4.0,4.0,4.0
777,5,4,5,3,4.0,3.0,4.0,5.0
778,5,3,6,3,2.0,4.0,4.0,4.0
779,4,5,4,0,4.0,4.0,5.0,5.0
780,4,4,2,4,5.0,4.0,4.0,5.0
781,4,4,3,4,5.0,4.0,4.0,6.0
782,4,6,5,4,4.0,5.0,3.0,3.0
783,4,6,5,3,4.0,4.0,0.0,4.0
784,3,5,5,4,5.0,4.0,4.0,4.0
785,3,4,4,3,4.0,4.0,4.0,3.0
786,5,4,3,2,4.0,4.0,4.0,4.0
787,5,4,5,3,4.0,4.0,5.0,5.0
788,5,4,5,4,4.0,4.0,5.0,5.0
789,5,0,4,4,6.0,4.0,4.0,5.0
790,4,4,5,3,4.0,3.0,5.0,4.0
791,4,4,3,0,3.0,4.0,5.0,4.0
792,3,5,4,6,4.0,3.0,5.0,5.0
793,5,5,5,4,5.0,5.0,5.0,5.0
794,5,4,3,5,3.0,3.0,4.0,4.0
795,3,3,4,4,3.0,5.0,3.0,5.0
796,4,4,6,4,5.0,4.0,4.0,5.0
797,6,5,5,4,0.0,5.0,5.0,3.0
798,5,5,4,4,3.0,5.0,4.0,4.0
799,6,6,6,5,4.0,5.0,3.0,1.0
800,4,4,4,5,5.0,3.0,3.0,5.0
801,5,4,5,5,4.0,4.0,4.0,5.0
802,5,4,4,4,3.0,3.0,4.0,5.0
803,4,4,6,6,4.0,5.0,5.0,5.0
804,4,3,3,3,5.0,5.0,5.0,4.0
805,6,4,4,5,4.0,4.0,5.0,5.0
806,6,2,3,5,5.0,4.0,5.0,4.0
807,6,3,4,4,6.0,3.0,4.0,4.0
808,3,3,6,5,3.0,4.0,4.0,4.0
809,5,3,4,4,5.0,5.0,4.0,4.0
810,4,5,5,4,4.0,3.0,3.0,2.0
811,5,0,5,5,4.0,5.0,4.0,3.0
812,5,4,5,4,5.0,4.0,3.0,5.0
813,3,3,3,4,4.0,4.0,5.0,4.0
814,4,4,4,2,3.0,4.0,6.0,4.0
815,6,2,4,4,4.0,4.0,4.0,4.0
816,0,4,3,4,5.0,5.0,3.0,4.0
817,4,4,4,5,5.0,3.0,3.0,4.0
818,3,2,4,4,4.0,5.0,5.0,5.0
819,5,3,4,5,3.0,3.0,5.0,4.0
820,4,5,5,4,4.0,3.0,6.0,4.0
821,5,5,4,5,5.0,4.0,4.0,3.0
822,3,4,4,6,5.0,4.0,5.0,5.0
823,4,4,3,4,4.0,6.0,4.0,4.0
824,4,4,5,4,4.0,4.0,5.0,4.0
825,3,5,5,4,5.0,5.0,5.0,5.0
826,4,5,4,5,3.0,3.0,4.0,0.0
827,4,4,5,3,3.0,4.0,5.0,5.0
828,5,5,4,4,3.0,4.0,5.0,4.0
829,4,3,5,4,3.0,5.0,4.0,5.0
830,5,3,4,4,3.0,5.0,4.0,3.0
831,5,4,4,4,5.0,4.0,4.0,4.0
832,5,5,4,4,3.0,5.0,5.0,5.0
833,5,5,4,4,4.0,4.0,3.0,4.0
834,3,3,3,4,4.0,5.0,6.0,5.0
835,3,4,4,4,4.0,4.0,5.0,5.0
836,3,4,5,5,5.0,5.0,4.0,4.0
837,3,4,4,4,4.0,5.0,3.0,4.0
838,4,3,5,5,0.0,5.0,5.0,4.0
839,5,4,4,6,4.0,6.0,3.0,4.0
840,5,4,4,6,3.0,4.0,3.0,5.0
841,4,4,4,6,4.0,5.0,5.0,5.0
842,5,3,0,3,4.0,3.0,4.0,4.0
843,4,3,5,3,4.0,5.0,4.0,5.0
844,5,4,4,4,4.0,5.0,3.0,5.0
845,3,4,4,4,4.0,4.0,4.0,6.0
846,4,5,6,4,5.0,4.0,3.0,3.0
847,5,5,5,5,3.0,5.0,3.0,5.0
848,6,5,5,5,4.0,4.0,5.0,4.0
849,5,5,5,6,4.0,4.0,5.0,5.0
850,5,4,5,4,6.0,5.0,4.0,6.0
851,3,5,4,4,4.0,4.0,0.0,5.0
852,5,4,5,0,4.0,4.0,5.0,0.0
853,4,4,3,3,4.0,4.0,4.0,3.0
854,4,4,4,3,5.0,5.0,3.0,4.0
855,4,4,5,2,0.0,5.0,4.0,5.0
856,3,4,3,3,4.0,4.0,3.0,3.0
857,3,4,5,4,5.0,4.0,4.0,4.0
858,4,4,4,6,3.0,4.0,5.0,4.0
859,5,4,0,3,3.0,3.0,3.0,4.0
860,4,3,3,6,4.0,5.0,4.0,4.0
861,4,5,5,4,5.0,4.0,5.0,3.0
862,4,4,6,3,0.0,4.0,2.0,3.0
863,5,3,3,6,4.0,4.0,3.0,4.0
864,3,3,4,3,2.0,4.0,4.0,4.0
865,5,3,4,5,3.0,5.0,4.0,3.0
866,5,5,4,5,4.0,5.0,3.0,5.0
867,5,3,5,6,5.0,3.0,5.0,4.0
868,5,5,5,6,5.0,5.0,5.0,4.0
869,4,4,5,3,5.0,5.0,3.0,5.0
870,5,3,5,5,4.0,5.0,4.0,5.0
871,4,4,5,4,5.0,5.0,3.0,5.0
872,5,4,6,6,4.0,3.0,3.0,5.0
873,4,4,5,4,5.0,4.0,5.0,3.0
874,4,3,4,6,3.0,5.0,4.0,3.0
875,6,5,5,3,5.0,5.0,3.0,5.0
876,5,4,5,4,3.0,5.0,3.0,5.0
877,5,3,6,5,5.0,3.0,4.0,5.0
878,4,5,3,4,5.0,5.0,4.0,5.0
879,4,3,5,1,4.0,5.0,5.0,4.0
880,3,4,4,3,6.0,5.0,4.0,5.0
881,5,4,5,4,3.0,3.0,3.0,1.0
882,5,5,4,5,6.0,5.0,6.0,4.0
883,6,5,5,4,6.0,4.0,4.0,5.0
884,5,4,5,4,3.0,4.0,4.0,5.0
885,5,5,5,3,5.0,4.0,4.0,5.0
886,4,4,4,3,4.0,5.0,4.0,5.0
887,5,5,4,4,4.0,5.0,4.0,5.0
888,5,5,4,4,4.0,5.0,3.0,4.0
889,4,5,4,4,3.0,4.0,5.0,3.0
890,4,3,5,5,6.0,5.0,3.0,4.0
891,3,4,3,4,4.0,4.0,4.0,5.0
892,3,4,5,4,4.0,4.0,5.0,3.0
893,5,5,4,4,3.0,5.0,3.0,5.0
894,4,4,5,4,4.0,5.0,4.0,5.0
895,5,3,5,4,4.0,5.0,5.0,4.0
896,3,5,5,5,5.0,5.0,5.0,5.0
897,3,5,5,4,3.0,4.0,5.0,5.0
898,4,5,5,5,3.0,4.0,4.0,4.0
899,2,4,4,4,3.0,5.0,5.0,4.0
900,4,4,4,4,5.0,4.0,3.0,4.0
901,2,5,4,4,5.0,5.0,4.0,5.0
902,2,0,5,0,5.0,5.0,4.0,4.0
903,4,5,3,0,5.0,5.0,3.0,5.0
904,4,5,4,4,3.0,5.0,5.0,3.0
905,3,2,4,5,4.0,5.0,5.0,4.0
906,4,3,5,5,6.0,4.0,5.0,3.0
907,5,5,5,4,4.0,3.0,4.0,0.0
908,5,2,5,5,3.0,3.0,4.0,4.0
909,5,3,3,5,4.0,2.0,5.0,4.0
910,3,4,4,4,4.0,5.0,4.0,4.0
911,4,4,3,4,4.0,4.0,3.0,5.0
912,5,3,5,4,5.0,5.0,3.0,4.0
913,4,3,3,5,0.0,5.0,4.0,5.0
914,5,5,4,3,3.0,5.0,4.0,5.0
915,4,4,3,4,5.0,4.0,4.0,4.0
916,4,4,3,4,6.0,4.0,3.0,5.0
917,3,5,4,4,4.0,4.0,4.0,4.0
918,4,4,3,4,5.0,5.0,5.0,5.0
919,4,4,3,3,5.0,4.0,4.0,2.0
920,4,5,5,5,4.0,4.0,4.0,3.0
921,5,4,5,5,3.0,5.0,4.0,4.0
922,4,5,4,4,4.0,4.0,2.0,4.0
923,4,4,4,0,5.0,5.0,1.0,5.0
924,4,4,4,5,5.0,6.0,4.0,3.0
925,3,4,5,5,4.0,5.0,4.0,5.0
926,5,5,3,4,3.0,4.0,4.0,5.0
927,4,4,6,3,5.0,5.0,5.0,4.0
928,4,4,4,4,6.0,5.0,5.0,4.0
929,4,5,5,4,4.0,4.0,4.0,5.0
930,4,4,5,0,3.0,5.0,4.0,5.0
931,5,6,5,5,2.0,2.0,5.0,5.0
932,4,5,4,5,3.0,3.0,4.0,4.0
933,4,6,6,5,5.0,5.0,0.0,5.0
934,5,5,4,2,5.0,5.0,4.0,4.0
935,5,4,4,4,3.0,5.0,4.0,5.0
936,4,2,5,4,4.0,5.0,4.0,5.0
937,4,4,5,5,3.0,5.0,5.0,5.0
938,4,4,5,5,2.0,5.0,4.0,3.0
939,5,6,4,5,4.0,4.0,3.0,5.0
940,0,5,5,4,5.0,5.0,3.0,4.0
941,5,4,4,5,4.0,4.0,4.0,4.0
942,4,4,4,3,3.0,2.0,3.0,5.0
943,3,3,5,4,4.0,5.0,4.0,5.0
944,4,6,3,4,5.0,5.0,3.0,5.0
945,5,6,3,5,5.0,4.0,4.0,3.0
946,4,4,0,4,5.0,4.0,3.0,3.0
947,3,3,4,3,5.0,4.0,4.0,4.0
948,3,3,4,5,5.0,5.0,4.0,4.0
949,4,3,6,4,3.0,4.0,4.0,5.0
950,4,4,5,0,5.0,3.0,5.0,5.0
951,3,6,5,4,5.0,5.0,4.0,5.0
952,2,4,2,3,4.0,5.0,4.0,3.0
953,5,4,4,4,4.0,3.0,4.0,5.0
954,4,0,3,4,5.0,3.0,4.0,5.0
955,4,4,4,4,3.0,5.0,4.0,3.0
956,5,4,3,4,5.0,6.0,4.0,4.0
957,5,6,3,5,4.0,6.0,5.0,4.0
958,5,4,3,3,4.0,4.0,4.0,3.0
959,4,5,5,4,4.0,3.0,5.0,4.0
960,4,4,4,3,5.0,5.0,5.0,5.0
961,4,4,4,3,0.0,4.0,4.0,4.0
962,5,3,4,3,3.0,4.0,4.0,4.0
963,5,5,4,5,5.0,3.0,5.0,5.0
964,5,4,3,5,5.0,4.0,6.0,5.0
965,5,4,4,0,4.0,3.0,3.0,5.0
966,5,5,6,4,4.0,4.0,4.0,4.0
967,4,5,3,0,4.0,4.0,2.0,6.0
968,3,5,5,6,4.0,4.0,5.0,6.0
969,4,3,3,4,6.0,3.0,4.0,5.0
970,4,3,6,5,4.0,3.0,4.0,5.0
971,4,4,4,4,6.0,5.0,4.0,5.0
972,4,4,6,3,3.0,4.0,5.0,4.0
973,4,4,3,4,4.0,4.0,4.0,5.0
974,5,4,6,4,6.0,5.0,6.0,5.0
975,5,3,4,1,4.0,5.0,3.0,4.0
976,4,3,4,3,3.0,3.0,5.0,5.0
977,5,2,5,4,3.0,4.0,5.0,3.0
978,5,5,4,6,6.0,4.0,3.0,0.0
979,6,3,5,6,6.0,4.0,5.0,5.0
980,5,3,4,3,3.0,4.0,4.0,4.0
981,4,5,4,5,5.0,4.0,3.0,4.0
982,5,5,0,5,4.0,3.0,4.0,3.0
983,6,3,6,3,3.0,4.0,5.0,6.0
984,3,3,4,4,3.0,5.0,5.0,5.0
985,3,5,5,4,5.0,5.0,5.0,5.0
986,3,3,5,4,3.0,4.0,5.0,4.0
987,3,5,4,4,2.0,4.0,3.0,5.0
988,3,4,3,3,6.0,5.0,4.0,2.0
989,6,4,4,4,6.0,4.0,5.0,3.0
990,5,4,5,5,6.0,5.0,4.0,4.0
991,6,4,4,5,6.0,5.0,5.0,3.0
992,6,4,5,3,5.0,4.0,4.0,5.0
993,3,6,6,4,5.0,5.0,3.0,5.0
994,4,4,4,4,4.0,3.0,5.0,5.0
995,3,3,4,4,5.0,5.0,3.0,5.0
996,3,3,5,4,5.0,5.0,4.0,5.0
997,4,6,4,3,4.0,4.0,6.0,4.0
998,4,3,3,4,4.0,4.0,5.0,0.0
999,5,4,4,5,4.0,3.0,4.0,2.0
1000,3,4,5,5,3.0,5.0,5.0,4.0
1001,5,0,4,4,4.0,5.0,4.0,3.0
1002,3,0,4,4,4.0,4.0,4.0,4.0
1003,3,5,4,3,3.0,5.0,4.0,5.0
1004,3,4,4,5,4.0,4.0,5.0,4.0
1005,3,4,4,2,5.0,4.0,3.0,5.0
1006,4,4,6,4,0.0,4.0,5.0,4.0
1007,4,5,3,4,3.0,0.0,4.0,5.0
1008,2,6,3,4,5.0,5.0,4.0,4.0
1009,5,5,5,5,5.0,5.0,4.0,3.0
1010,3,5,4,4,5.0,5.0,6.0,5.0
1011,4,3,4,4,5.0,4.0,5.0,4.0
1012,3,6,4,5,4.0,5.0,4.0,3.0
1013,3,4,3,6,4.0,5.0,5.0,4.0
1014,4,5,5,4,5.0,4.0,5.0,4.0
1015,4,6,6,4,5.0,5.0,5.0,5.0
1016,4,4,3,6,4.0,5.0,4.0,3.0
1017,4,4,3,6,5.0,5.0,3.0,4.0
1018,5,5,4,2,4.0,4.0,6.0,2.0
1019,4,4,4,6,4.0,4.0,4.0,4.0
1020,5,3,2,4,4.0,4.0,2.0,4.0
1021,6,5,3,4,4.0,4.0,5.0,4.0
1022,3,5,5,4,4.0,4.0,4.0,5.0
1023,4,5,2,5,4.0,4.0,4.0,5.0
1024,6,5,4,4,5.0,4.0,5.0,5.0
1025,4,5,6,6,5.0,3.0,4.0,5.0
1026,4,4,6,3,4.0,4.0,5.0,4.0
1027,5,5,6,4,5.0,3.0,4.0,5.0
1028,4,3,5,4,3.0,5.0,4.0,5.0
1029,5,4,3,5,4.0,5.0,5.0,0.0
1030,3,4,3,4,3.0,5.0,4.0,5.0
1031,3,3,4,4,4.0,1.0,4.0,5.0
1032,4,3,3,5,4.0,3.0,3.0,6.0
1033,3,5,4,5,4.0,4.0,4.0,5.0
1034,5,4,4,3,4.0,5.0,4.0,5.0
1035,3,0,5,4,3.0,3.0,5.0,4.0
1036,3,4,5,4,5.0,4.0,3.0,4.0
1037,2,5,3,3,3.0,3.0,4.0,5.0
1038,4,4,3,3,5.0,5.0,5.0,5.0
1039,3,5,4,5,3.0,4.0,5.0,4.0
1040,4,5,4,4,5.0,4.0,5.0,3.0
1041,3,4,4,5,5.0,4.0,5.0,5.0
1042,3,4,4,4,6.0,5.0,4.0,4.0
1043,3,5,6,4,4.0,5.0,4.0,5.0
1044,4,5,4,6,4.0,5.0,5.0,6.0
1045,4,5,6,5,4.0,4.0,4.0,4.0
1046,4,4,5,4,5.0,4.0,5.0,5.0
1047,3,4,4,5,3.0,5.0,4.0,3.0
1048,4,5,3,3,3.0,4.0,4.0,4.0
1049,3,5,5,4,5.0,4.0,4.0,6.0
1050,3,3,6,4,5.0,3.0,5.0,5.0
1051,3,1,4,3,5.0,5.0,5.0,5.0
1052,4,5,4,4,2.0,4.0,4.0,5.0
1053,3,2,5,4,4.0,4.0,5.0,4.0
1054,4,4,4,6,5.0,4.0,5.0,3.0
1055,3,4,4,3,4.0,5.0,3.0,0.0
1056,5,4,5,5,2.0,5.0,4.0,4.0
1057,4,4,6,5,3.0,4.0,4.0,5.0
1058,4,5,5,5,6.0,6.0,4.0,3.0
1059,4,5,3,4,5.0,5.0,3.0,5.0
1060,3,3,5,4,2.0,4.0,4.0,3.0
1061,3,4,6,4,5.0,5.0,5.0,4.0
1062,4,4,4,4,4.0,4.0,3.0,0.0
1063,4,3,4,4,5.0,6.0,3.0,4.0
1064,5,3,4,3,5.0,6.0,4.0,4.0
1065,3,3,5,4,5.0,4.0,1.0,3.0
1066,4,4,4,5,3.0,6.0,3.0,5.0
1067,4,4,5,5,5.0,5.0,2.0,4.0
1068,4,6,5,4,6.0,3.0,3.0,5.0
1069,4,6,4,4,5.0,6.0,4.0,4.0
1070,3,3,5,4,3.0,5.0,4.0,5.0
1071,4,4,5,4,5.0,5.0,4.0,4.0
1072,4,4,4,6,5.0,5.0,5.0,5.0
1073,5,3,5,3,5.0,5.0,4.0,3.0
1074,5,4,3,5,3.0,4.0,5.0,4.0
1075,4,5,6,4,4.0,4.0,5.0,5.0
1076,4,4,4,3,5.0,4.0,5.0,5.0
1077,3,3,5,4,5.0,5.0,3.0,5.0
1078,5,3,2,3,3.0,5.0,6.0,6.0
1079,5,5,5,2,6.0,3.0,5.0,5.0
1080,5,5,5,5,5.0,5.0,4.0,4.0
1081,5,5,5,4,4.0,6.0,4.0,4.0
1082,5,3,4,3,3.0,6.0,3.0,4.0
1083,4,3,3,3,3.0,6.0,5.0,6.0
1084,5,3,4,4,5.0,4.0,5.0,6.0
1085,5,3,3,5,5.0,0.0,5.0,5.0
1086,5,4,5,4,5.0,4.0,4.0,4.0
1087,5,4,5,5,5.0,5.0,4.0,0.0
1088,5,0,5,3,5.0,6.0,5.0,5.0
1089,4,4,6,5,0.0,3.0,4.0,5.0
1090,3,4,4,6,5.0,3.0,3.0,4.0
1091,4,0,3,6,5.0,5.0,5.0,5.0
1092,5,6,4,6,5.0,4.0,3.0,4.0
1093,3,4,3,4,5.0,5.0,5.0,4.0
1094,1,4,6,5,4.0,4.0,5.0,4.0
1095,6,4,5,4,6.0,4.0,5.0,5.0
1096,4,5,4,4,5.0,4.0,5.0,5.0
1097,5,5,3,4,5.0,4.0,3.0,5.0
1098,4,6,4,0,5.0,3.0,3.0,5.0
1099,5,6,2,4,4.0,3.0,5.0,5.0
1100,5,4,0,3,0.0,5.0,3.0,3.0
1101,4,4,3,5,4.0,6.0,5.0,3.0
1102,5,5,6,5,4.0,3.0,4.0,4.0
1103,4,5,4,5,3.0,4.0,4.0,5.0
1104,5,5,4,3,4.0,5.0,3.0,3.0
1105,3,4,0,5,4.0,4.0,4.0,5.0
1106,5,4,6,5,3.0,5.0,3.0,4.0
1107,4,5,4,4,4.0,1.0,5.0,4.0
1108,4,4,4,5,4.0,4.0,4.0,3.0
1109,3,4,4,5,4.0,5.0,5.0,3.0
1110,4,5,4,3,5.0,4.0,4.0,5.0
1111,6,4,5,4,6.0,4.0,4.0,5.0
1112,5,0,4,4,4.0,5.0,4.0,5.0
1113,5,6,4,4,5.0,6.0,5.0,6.0
1114,3,3,5,5,4.0,5.0,4.0,4.0
1115,3,5,0,5,5.0,3.0,5.0,4.0
1116,2,5,6,5,5.0,5.0,5.0,4.0
1117,5,4,0,4,4.0,4.0,3.0,3.0
1118,5,5,3,5,4.0,4.0,5.0,5.0
1119,4,6,4,6,4.0,3.0,6.0,4.0
1120,5,5,4,3,3.0,5.0,4.0,5.0
1121,5,4,5,3,4.0,4.0,4.0,5.0
1122,5,4,4,5,4.0,5.0,5.0,0.0
1123,5,5,5,5,4.0,4.0,4.0,2.0
1124,4,4,4,0,4.0,4.0,5.0,4.0
1125,4,4,4,4,4.0,5.0,5.0,4.0
1126,3,4,3,4,4.0,3.0,3.0,4.0
1127,3,5,3,5,5.0,4.0,5.0,4.0
1128,3,5,3,3,5.0,3.0,4.0,3.0
1129,3,4,5,4,4.0,3.0,5.0,3.0
1130,4,4,5,3,4.0,6.0,5.0,4.0
1131,4,3,4,5,5.0,4.0,3.0,4.0
1132,3,4,4,3,4.0,4.0,3.0,5.0
1133,4,3,5,6,5.0,5.0,4.0,4.0
1134,3,3,3,4,3.0,4.0,4.0,4.0
1135,5,4,6,4,4.0,6.0,2.0,4.0
1136,5,4,6,4,4.0,4.0,4.0,5.0
1137,3,5,5,4,4.0,4.0,4.0,3.0
1138,4,3,6,4,4.0,4.0,3.0,6.0
1139,4,4,6,4,4.0,5.0,5.0,5.0
1140,5,3,6,4,4.0,4.0,4.0,3.0
1141,3,5,5,4,3.0,4.0,3.0,4.0
1142,4,3,5,3,4.0,4.0,3.0,0.0
1143,4,3,4,4,6.0,5.0,4.0,3.0
1144,4,3,5,4,3.0,6.0,5.0,4.0
1145,5,3,5,5,5.0,4.0,4.0,4.0
1146,3,3,6,4,4.0,4.0,4.0,5.0
1147,4,3,6,5,3.0,4.0,2.0,4.0
1148,3,4,6,4,5.0,4.0,4.0,5.0
1149,4,3,5,4,5.0,3.0,3.0,4.0
1150,3,4,5,3,4.0,3.0,0.0,4.0
1151,6,3,4,4,4.0,3.0,3.0,4.0
1152,4,3,3,4,5.0,0.0,5.0,4.0
1153,4,6,4,1,4.0,5.0,3.0,5.0
1154,5,5,4,5,3.0,3.0,5.0,4.0
1155,3,2,4,5,3.0,4.0,5.0,5.0
1156,3,5,5,3,0.0,5.0,5.0,4.0
1157,4,5,4,4,4.0,5.0,4.0,3.0
1158,4,3,5,4,5.0,4.0,4.0,3.0
1159,4,3,3,4,5.0,3.0,6.0,5.0
1160,5,2,5,4,3.0,4.0,3.0,4.0
1161,3,2,3,5,3.0,3.0,5.0,4.0
1162,6,4,4,5,4.0,4.0,3.0,4.0
1163,6,4,3,5,4.0,3.0,4.0,5.0
1164,2,3,5,5,6.0,5.0,5.0,6.0
1165,5,4,5,4,3.0,4.0,4.0,5.0
1166,5,3,4,5,6.0,4.0,4.0,5.0
1167,3,3,4,5,4.0,4.0,4.0,5.0
1168,5,3,5,5,3.0,5.0,4.0,5.0
1169,5,3,4,5,4.0,4.0,4.0,5.0
1170,3,3,5,4,3.0,3.0,4.0,5.0
1171,5,5,4,4,4.0,4.0,3.0,5.0
1172,5,5,3,4,4.0,5.0,1.0,5.0
1173,5,4,3,5,3.0,5.0,4.0,4.0
1174,3,4,4,5,4.0,5.0,3.0,3.0
1175,4,4,4,5,4.0,6.0,4.0,6.0
1176,5,5,3,5,3.0,3.0,3.0,4.0
1177,5,4,3,4,4.0,5.0,5.0,5.0
1178,5,6,5,4,2.0,5.0,3.0,4.0
1179,5,4,6,5,3.0,4.0,3.0,3.0
1180,6,4,4,4,4.0,6.0,4.0,4.0
1181,4,5,4,4,6.0,3.0,3.0,5.0
1182,3,4,4,5,5.0,3.0,4.0,5.0
1183,3,4,5,5,4.0,3.0,6.0,4.0
1184,5,4,4,6,4.0,4.0,4.0,4.0
1185,4,4,4,4,4.0,5.0,3.0,5.0
1186,4,5,4,4,4.0,3.0,4.0,5.0
1187,4,4,4,5,3.0,5.0,2.0,3.0
1188,4,6,4,4,4.0,5.0,5.0,4.0
1189,6,4,4,3,4.0,5.0,4.0,5.0
1190,4,4,5,4,3.0,4.0,3.0,5.0
1191,5,5,4,4,3.0,5.0,4.0,3.0
1192,4,4,6,3,5.0,3.0,4.0,5.0
1193,4,3,5,2,3.0,4.0,2.0,5.0
1194,4,4,6,3,3.0,6.0,3.0,4.0
1195,5,4,5,5,5.0,4.0,3.0,4.0
1196,5,4,6,3,6.0,3.0,5.0,5.0
1197,6,5,3,4,5.0,3.0,3.0,3.0
1198,4,4,6,2,0.0,4.0,5.0,3.0
1199,4,5,4,4,5.0,6.0,5.0,4.0
1200,4,4,4,4,4.0,5.0,3.0,4.0
1201,4,5,4,3,4.0,5.0,4.0,4.0
1202,4,5,5,5,4.0,5.0,4.0,4.0
1203,0,4,5,3,4.0,5.0,3.0,4.0
1204,4,3,5,4,4.0,4.0,3.0,5.0
1205,3,5,3,5,6.0,4.0,5.0,4.0
1206,4,4,0,4,4.0,4.0,4.0,4.0
1207,4,4,5,3,4.0,5.0,3.0,3.0
1208,5,4,5,3,5.0,0.0,5.0,4.0
1209,6,3,5,4,5.0,4.0,5.0,5.0
1210,6,3,3,3,6.0,5.0,5.0,4.0
1211,4,3,4,0,4.0,5.0,3.0,2.0
1212,4,4,4,3,5.0,3.0,3.0,3.0
1213,4,4,3,3,3.0,4.0,4.0,4.0
1214,4,4,3,3,5.0,5.0,5.0,5.0
1215,4,5,5,4,5.0,6.0,3.0,4.0
1216,4,4,3,4,5.0,4.0,4.0,3.0
1217,5,4,4,3,5.0,6.0,4.0,5.0
1218,3,4,3,4,4.0,5.0,4.0,4.0
1219,5,5,5,3,4.0,3.0,6.0,4.0
1220,5,6,4,2,4.0,4.0,4.0,5.0
1221,5,5,4,3,5.0,4.0,5.0,5.0
1222,3,6,6,3,4.0,6.0,5.0,4.0
1223,5,4,0,6,4.0,5.0,5.0,2.0
1224,5,5,4,4,5.0,5.0,0.0,4.0
1225,5,6,5,5,4.0,5.0,0.0,4.0
1226,4,5,4,5,3.0,4.0,5.0,4.0
1227,4,4,6,4,5.0,4.0,3.0,4.0
1228,4,4,6,6,5.0,4.0,4.0,5.0
1229,5,4,5,3,2.0,4.0,6.0,5.0
1230,4,3,2,4,4.0,3.0,4.0,5.0
1231,4,4,4,2,4.0,4.0,4.0,5.0
1232,5,4,5,3,5.0,2.0,5.0,4.0
1233,4,4,4,4,5.0,6.0,3.0,4.0
1234,3,3,5,4,3.0,5.0,4.0,3.0
1235,3,4,5,4,5.0,5.0,4.0,4.0
1236,3,5,6,4,5.0,0.0,4.0,5.0
1237,5,5,6,3,4.0,5.0,4.0,5.0
1238,4,6,6,4,5.0,5.0,6.0,5.0
1239,4,5,6,4,5.0,4.0,5.0,4.0
1240,4,4,3,3,5.0,4.0,5.0,5.0
1241,5,4,5,5,3.0,5.0,3.0,4.0
1242,5,5,6,5,5.0,4.0,4.0,5.0
1243,3,4,4,3,5.0,6.0,5.0,4.0
1244,4,4,3,5,5.0,3.0,4.0,4.0
1245,5,5,5,3,5.0,1.0,5.0,4.0
1246,4,4,5,2,5.0,4.0,6.0,4.0
1247,4,3,4,4,5.0,5.0,4.0,4.0
1248,5,4,4,4,3.0,6.0,3.0,5.0
1249,5,4,4,4,4.0,5.0,5.0,4.0
1250,4,3,6,5,4.0,4.0,3.0,5.0
1251,4,3,5,3,3.0,6.0,5.0,4.0
1252,4,5,6,5,5.0,3.0,3.0,4.0
1253,3,4,6,3,4.0,4.0,4.0,4.0
1254,5,3,5,4,3.0,5.0,4.0,5.0
1255,6,4,4,2,4.0,4.0,5.0,4.0
1256,5,4,4,1,3.0,6.0,4.0,3.0
1257,6,5,5,4,5.0,4.0,4.0,6.0
1258,5,5,4,5,3.0,4.0,4.0,5.0
1259,4,5,3,1,4.0,5.0,5.0,3.0
1260,3,5,3,3,4.0,5.0,4.0,5.0
1261,4,3,4,3,5.0,5.0,4.0,5.0
1262,6,4,3,4,4.0,4.0,5.0,4.0
1263,5,5,5,2,5.0,4.0,5.0,4.0
1264,3,6,1,3,3.0,4.0,5.0,0.0
1265,4,5,5,3,2.0,4.0,4.0,4.0
1266,4,4,3,4,4.0,5.0,4.0,4.0
1267,4,4,5,3,5.0,5.0,5.0,4.0
1268,5,3,4,6,3.0,4.0,1.0,5.0
1269,4,4,6,4,5.0,4.0,5.0,4.0
1270,5,5,5,5,3.0,4.0,5.0,4.0
1271,3,4,5,4,5.0,5.0,6.0,3.0
1272,5,3,3,0,5.0,0.0,3.0,3.0
1273,5,3,6,5,4.0,5.0,5.0,4.0
1274,5,4,6,5,3.0,4.0,6.0,4.0
1275,5,5,4,5,6.0,4.0,5.0,3.0
1276,3,2,5,4,3.0,4.0,5.0,4.0
1277,3,4,6,5,6.0,4.0,5.0,4.0
1278,4,4,6,5,3.0,4.0,4.0,4.0
1279,6,6,4,5,4.0,3.0,4.0,4.0
1280,6,5,6,4,4.0,3.0,3.0,2.0
1281,5,4,6,4,6.0,4.0,5.0,4.0
1282,4,5,3,3,3.0,4.0,1.0,5.0
1283,0,4,5,5,3.0,5.0,5.0,5.0
1284,3,6,3,3,5.0,3.0,4.0,3.0
1285,4,4,5,4,3.0,3.0,4.0,5.0
1286,4,5,3,4,4.0,4.0,5.0,4.0
1287,3,3,5,4,3.0,3.0,5.0,4.0
1288,4,4,3,5,3.0,4.0,5.0,5.0
1289,4,5,5,4,3.0,5.0,5.0,4.0
1290,6,0,3,4,4.0,4.0,5.0,3.0
1291,4,5,4,5,5.0,4.0,4.0,5.0
1292,6,5,4,5,3.0,4.0,4.0,6.0
1293,6,3,3,5,4.0,4.0,4.0,4.0
1294,4,4,5,5,3.0,4.0,5.0,4.0
1295,3,3,6,5,4.0,5.0,4.0,5.0
1296,4,5,4,2,5.0,4.0,4.0,5.0
1297,5,4,4,2,5.0,4.0,3.0,4.0
1298,4,4,5,5,5.0,4.0,3.0,3.0
1299,4,4,3,5,5.0,5.0,4.0,2.0
1300,4,4,4,5,5.0,3.0,4.0,5.0
1301,4,4,4,5,3.0,4.0,6.0,4.0
1302,3,5,5,5,4.0,3.0,5.0,5.0
1303,4,6,5,5,3.0,5.0,4.0,6.0
1304,6,4,4,4,6.0,4.0,5.0,6.0
1305,6,5,5,5,3.0,5.0,4.0,5.0
1306,6,3,5,6,4.0,5.0,3.0,6.0
1307,5,5,0,4,3.0,3.0,2.0,5.0
1308,4,5,4,3,5.0,5.0,6.0,5.0
1309,4,4,5,1,3.0,5.0,5.0,5.0
1310,6,4,5,4,4.0,4.0,0.0,5.0
1311,5,4,5,4,4.0,5.0,4.0,5.0
1312,3,5,4,5,5.0,3.0,4.0,5.0
1313,3,4,5,5,4.0,6.0,4.0,5.0
1314,5,3,5,3,3.0,5.0,5.0,5.0
1315,4,6,4,3,4.0,3.0,4.0,4.0
1316,6,5,3,3,5.0,6.0,4.0,2.0
1317,4,4,4,3,4.0,6.0,5.0,3.0
1318,3,5,6,3,6.0,5.0,2.0,4.0
1319,6,4,5,5,4.0,4.0,5.0,4.0
1320,5,3,4,5,4.0,6.0,4.0,4.0
1321,3,3,4,5,4.0,6.0,3.0,4.0
1322,4,2,5,5,3.0,6.0,5.0,4.0
1323,5,3,4,5,4.0,4.0,4.0,4.0
1324,5,3,4,5,5.0,3.0,4.0,5.0
1325,5,3,3,4,5.0,4.0,4.0,4.0
1326,6,3,6,4,4.0,3.0,3.0,5.0
1327,6,3,5,5,5.0,3.0,5.0,6.0
1328,4,3,4,4,5.0,5.0,4.0,5.0
1329,4,5,3,5,4.0,5.0,5.0,5.0
1330,4,4,4,4,4.0,3.0,4.0,4.0
1331,4,4,3,3,5.0,4.0,3.0,3.0
1332,3,4,5,3,2.0,6.0,4.0,4.0
1333,6,4,6,4,5.0,5.0,3.0,5.0
1334,4,4,5,5,5.0,6.0,4.0,3.0
1335,5,4,6,4,5.0,4.0,5.0,3.0
1336,4,4,4,5,0.0,6.0,5.0,4.0
1337,6,4,4,5,5.0,5.0,3.0,4.0
1338,6,3,4,5,4.0,6.0,4.0,4.0
1339,3,5,4,4,6.0,4.0,3.0,4.0
1340,3,3,5,5,4.0,4.0,5.0,4.0
1341,5,5,6,5,4.0,3.0,4.0,5.0
1342,3,4,4,3,3.0,6.0,5.0,5.0
1343,4,4,3,5,4.0,5.0,4.0,4.0
1344,4,3,4,4,4.0,6.0,4.0,5.0
1345,4,3,3,5,1.0,4.0,3.0,4.0
1346,5,3,5,5,5.0,4.0,4.0,0.0
1347,3,3,4,0,4.0,6.0,4.0,3.0
1348,5,4,6,5,4.0,5.0,6.0,5.0
1349,5,4,5,5,5.0,6.0,5.0,5.0
1350,4,3,4,4,4.0,4.0,4.0,3.0
1351,4,3,3,3,4.0,5.0,5.0,5.0
1352,5,2,3,0,4.0,5.0,3.0,4.0
1353,5,1,4,4,5.0,5.0,5.0,4.0
1354,4,3,5,5,5.0,3.0,4.0,1.0
1355,4,4,4,5,4.0,3.0,4.0,4.0
1356,4,5,4,5,3.0,4.0,3.0,4.0
1357,5,6,3,4,5.0,5.0,4.0,5.0
1358,4,5,5,3,4.0,5.0,3.0,3.0
1359,5,4,3,1,5.0,5.0,4.0,4.0
1360,3,3,5,4,6.0,4.0,3.0,4.0
1361,3,4,3,4,4.0,3.0,4.0,4.0
1362,5,4,3,3,4.0,6.0,6.0,3.0
1363,5,4,6,5,3.0,5.0,2.0,5.0
1364,4,3,4,4,3.0,6.0,4.0,5.0
1365,4,3,4,3,5.0,5.0,5.0,4.0
1366,5,4,4,4,4.0,4.0,4.0,4.0
1367,4,4,5,4,4.0,4.0,4.0,4.0
1368,5,3,6,5,6.0,4.0,5.0,3.0
1369,0,5,3,4,3.0,4.0,3.0,4.0
1370,5,3,5,4,2.0,3.0,5.0,5.0
1371,4,4,3,6,3.0,6.0,6.0,4.0
1372,3,4,3,3,3.0,3.0,4.0,4.0
1373,4,6,4,3,0.0,3.0,4.0,5.0
1374,4,5,6,5,4.0,3.0,3.0,3.0
1375,5,5,6,5,3.0,4.0,3.0,4.0
1376,4,0,6,4,4.0,3.0,3.0,5.0
1377,4,4,4,4,5.0,4.0,4.0,5.0
1378,5,5,5,3,4.0,5.0,6.0,5.0
1379,4,5,4,3,6.0,4.0,2.0,5.0
1380,5,0,3,3,6.0,3.0,5.0,5.0
1381,0,4,4,4,4.0,5.0,5.0,4.0
1382,5,4,3,5,5.0,5.0,5.0,5.0
1383,5,4,0,4,3.0,4.0,5.0,4.0
1384,4,4,4,0,4.0,5.0,5.0,5.0
1385,4,5,2,4,3.0,2.0,4.0,4.0
1386,5,6,5,4,4.0,4.0,3.0,4.0
1387,5,3,4,5,6.0,4.0,5.0,3.0
1388,4,3,4,4,4.0,3.0,4.0,0.0
1389,0,5,6,3,3.0,4.0,3.0,6.0
1390,5,5,4,4,5.0,4.0,3.0,5.0
1391,4,4,4,1,4.0,5.0,5.0,4.0
1392,4,3,5,4,4.0,4.0,5.0,3.0
1393,4,5,6,3,3.0,5.0,5.0,5.0
1394,3,5,5,2,4.0,3.0,4.0,5.0
1395,4,3,6,5,3.0,4.0,2.0,5.0
1396,5,5,5,4,4.0,4.0,5.0,3.0
1397,5,4,4,5,4.0,6.0,2.0,4.0
1398,4,5,3,4,6.0,4.0,3.0,4.0
1399,5,5,5,3,4.0,4.0,3.0,5.0
1400,5,3,2,3,5.0,4.0,5.0,5.0
1401,5,5,4,5,4.0,4.0,6.0,4.0
1402,5,4,4,5,4.0,4.0,5.0,5.0
1403,4,3,4,4,6.0,4.0,5.0,4.0
1404,4,0,4,4,4.0,4.0,6.0,4.0
1405,4,3,4,4,2.0,6.0,6.0,4.0
1406,5,5,3,5,0.0,5.0,5.0,5.0
1407,5,4,3,5,6.0,5.0,6.0,4.0
1408,5,0,6,4,5.0,5.0,5.0,4.0
1409,5,0,4,6,4.0,4.0,4.0,6.0
1410,3,5,4,3,3.0,5.0,4.0,3.0
1411,4,3,3,4,4.0,5.0,4.0,5.0
1412,5,5,4,3,5.0,2.0,5.0,4.0
1413,5,5,6,2,3.0,5.0,5.0,5.0
1414,4,5,5,3,3.0,6.0,4.0,3.0
1415,5,5,4,5,2.0,2.0,4.0,5.0
1416,2,4,6,4,6.0,5.0,5.0,4.0
1417,5,5,3,4,4.0,4.0,4.0,3.0
1418,6,5,4,3,4.0,6.0,3.0,2.0
1419,5,4,5,5,4.0,5.0,3.0,4.0
1420,5,4,5,4,6.0,5.0,3.0,5.0
1421,3,4,4,3,3.0,4.0,5.0,4.0
1422,4,3,4,4,5.0,4.0,3.0,3.0
1423,3,3,4,4,3.0,3.0,4.0,3.0
1424,5,5,4,5,0.0,5.0,4.0,3.0
1425,0,6,3,4,3.0,4.0,4.0,3.0
1426,0,3,4,4,5.0,4.0,3.0,4.0
1427,1,4,5,4,0.0,6.0,4.0,3.0
1428,4,4,5,5,4.0,5.0,5.0,5.0
1429,2,3,4,5,4.0,4.0,4.0,5.0
1430,3,3,5,3,4.0,5.0,4.0,0.0
1431,3,4,5,4,5.0,3.0,4.0,5.0
1432,4,4,5,2,3.0,4.0,5.0,3.0
1433,4,3,5,5,4.0,3.0,3.0,3.0
1434,3,4,4,5,5.0,3.0,5.0,3.0
1435,3,5,5,5,4.0,5.0,3.0,4.0
1436,4,4,4,4,3.0,3.0,4.0,4.0
1437,5,4,3,5,5.0,2.0,4.0,3.0
1438,6,4,5,1,4.0,5.0,4.0,5.0
1439,5,5,4,5,5.0,3.0,4.0,5.0
1440,3,6,4,1,3.0,6.0,3.0,2.0
1441,4,5,3,4,4.0,3.0,2.0,4.0
1442,3,5,4,4,4.0,5.0,5.0,4.0
1443,4,6,4,2,5.0,2.0,4.0,4.0
1444,4,5,3,3,3.0,4.0,5.0,3.0
1445,6,6,4,4,4.0,4.0,3.0,5.0
1446,4,6,4,4,5.0,0.0,6.0,3.0
1447,2,4,5,4,4.0,5.0,3.0,3.0
1448,6,5,5,5,5.0,4.0,5.0,5.0
1449,4,3,4,5,4.0,4.0,4.0,4.0
1450,5,5,3,4,3.0,5.0,4.0,5.0
1451,4,4,6,4,3.0,4.0,4.0,2.0
1452,2,3,5,3,3.0,5.0,5.0,4.0
1453,5,3,5,4,3.0,3.0,4.0,4.0
1454,4,2,4,4,5.0,3.0,5.0,5.0
1455,3,5,4,4,5.0,4.0,3.0,5.0
1456,4,5,4,4,4.0,4.0,4.0,5.0
1457,2,6,3,5,3.0,3.0,4.0,4.0
1458,4,4,4,4,3.0,5.0,4.0,3.0
1459,5,5,3,4,3.0,2.0,5.0,5.0
1460,5,5,3,4,3.0,0.0,5.0,5.0
1461,3,5,3,4,3.0,3.0,5.0,5.0
1462,5,3,3,5,4.0,4.0,0.0,4.0
1463,3,3,3,4,5.0,4.0,4.0,3.0
1464,6,3,4,4,4.0,4.0,3.0,6.0
1465,3,5,3,4,3.0,0.0,5.0,4.0
1466,5,5,3,3,2.0,5.0,5.0,5.0
1467,5,6,5,5,4.0,4.0,5.0,5.0
1468,4,5,3,4,3.0,4.0,4.0,3.0
1469,5,6,5,4,5.0,4.0,5.0,4.0
1470,5,5,3,4,3.0,6.0,5.0,4.0
1471,6,6,2,2,4.0,4.0,4.0,4.0
1472,5,6,4,5,5.0,5.0,0.0,5.0
1473,3,4,5,3,4.0,5.0,5.0,5.0
1474,4,4,5,4,6.0,4.0,6.0,3.0
1475,5,3,4,4,4.0,2.0,5.0,4.0
1476,4,3,6,5,4.0,5.0,5.0,4.0
1477,4,6,6,4,4.0,3.0,5.0,4.0
1478,4,4,6,4,4.0,3.0,5.0,4.0
1479,5,4,5,4,3.0,0.0,0.0,4.0
1480,4,4,4,3,3.0,4.0,4.0,5.0
1481,5,3,3,6,3.0,4.0,6.0,4.0
1482,6,5,3,4,4.0,3.0,3.0,3.0
1483,5,5,0,5,5.0,3.0,4.0,3.0
1484,4,5,4,5,5.0,4.0,5.0,4.0
1485,5,5,4,4,5.0,3.0,4.0,5.0
1486,5,3,2,5,3.0,4.0,5.0,3.0
1487,4,4,5,4,4.0,5.0,0.0,4.0
1488,5,5,6,5,5.0,4.0,5.0,4.0
1489,4,5,4,4,3.0,5.0,5.0,6.0
1490,4,6,5,3,4.0,6.0,4.0,0.0
1491,5,4,6,5,5.0,4.0,5.0,5.0
1492,4,5,5,6,5.0,3.0,5.0,4.0
1493,4,0,6,5,5.0,3.0,4.0,3.0
1494,5,6,4,5,4.0,5.0,4.0,5.0
1495,5,4,5,6,5.0,3.0,6.0,4.0
1496,4,4,4,4,5.0,0.0,5.0,3.0
1497,4,5,0,5,3.0,5.0,4.0,4.0
1498,4,3,6,3,3.0,3.0,5.0,3.0
1499,3,5,5,5,4.0,4.0,4.0,3.0
1500,4,6,4,2,5.0,5.0,4.0,4.0
1501,3,5,4,5,5.0,4.0,4.0,6.0
1502,5,5,5,6,4.0,3.0,4.0,4.0
1503,3,3,5,5,3.0,4.0,5.0,4.0
1504,6,6,4,4,4.0,4.0,4.0,3.0
1505,4,5,4,4,4.0,4.0,3.0,6.0
1506,4,6,5,5,4.0,3.0,5.0,6.0
1507,4,5,4,4,3.0,5.0,5.0,4.0
1508,4,4,5,5,4.0,2.0,5.0,5.0
1509,0,3,4,6,4.0,5.0,4.0,4.0
1510,4,4,4,2,4.0,5.0,5.0,5.0
1511,4,3,2,4,4.0,3.0,3.0,5.0
1512,4,3,5,4,4.0,4.0,3.0,5.0
1513,3,5,4,4,4.0,2.0,4.0,5.0
1514,5,5,6,4,5.0,4.0,5.0,6.0
1515,4,5,4,3,3.0,0.0,3.0,4.0
1516,4,5,4,3,5.0,6.0,3.0,4.0
1517,4,4,3,4,0.0,5.0,6.0,4.0
1518,3,4,5,4,3.0,5.0,5.0,6.0
1519,4,4,4,4,3.0,3.0,5.0,4.0
1520,5,4,5,4,4.0,5.0,4.0,5.0
1521,4,4,5,4,5.0,4.0,5.0,3.0
1522,3,4,5,3,3.0,3.0,4.0,5.0
1523,4,3,4,0,6.0,3.0,6.0,3.0
1524,5,3,4,3,4.0,4.0,3.0,3.0
1525,5,4,5,4,6.0,4.0,4.0,4.0
1526,5,5,4,4,5.0,4.0,5.0,6.0
1527,4,4,6,5,6.0,3.0,4.0,4.0
1528,6,5,4,5,4.0,5.0,5.0,3.0
1529,5,5,4,3,4.0,5.0,5.0,4.0
1530,3,4,5,5,5.0,4.0,5.0,5.0
1531,5,4,4,4,6.0,5.0,0.0,4.0
1532,4,5,5,5,3.0,5.0,5.0,3.0
1533,3,3,3,4,4.0,4.0,5.0,4.0
1534,4,4,5,4,4.0,3.0,3.0,4.0
1535,4,4,4,6,4.0,5.0,4.0,6.0
1536,3,4,4,5,3.0,4.0,4.0,5.0
1537,3,3,4,5,4.0,5.0,5.0,4.0
1538,2,5,5,3,4.0,4.0,4.0,4.0
1539,5,5,6,5,5.0,6.0,1.0,4.0
1540,4,5,5,5,4.0,5.0,4.0,5.0
1541,6,5,5,5,5.0,3.0,4.0,4.0
1542,5,5,5,6,5.0,3.0,5.0,4.0
1543,5,6,3,5,4.0,4.0,5.0,5.0
1544,4,5,5,5,5.0,5.0,5.0,4.0
1545,3,3,4,4,4.0,4.0,5.0,3.0
1546,4,4,4,4,3.0,5.0,3.0,4.0
1547,3,4,5,4,4.0,5.0,0.0,5.0
1548,5,3,4,4,4.0,5.0,6.0,4.0
1549,0,5,4,5,4.0,5.0,5.0,3.0
1550,4,0,5,6,5.0,6.0,5.0,0.0
1551,4,4,4,4,4.0,4.0,4.0,4.0
1552,5,4,3,5,3.0,4.0,5.0,4.0
1553,3,4,5,3,4.0,5.0,4.0,5.0
1554,6,6,4,3,5.0,4.0,4.0,4.0
1555,4,5,3,4,5.0,5.0,4.0,3.0
1556,4,5,4,4,4.0,5.0,2.0,5.0
1557,2,5,3,5,3.0,6.0,1.0,5.0
1558,4,4,5,3,4.0,5.0,5.0,4.0
1559,6,4,5,5,4.0,6.0,5.0,3.0
1560,3,3,5,5,4.0,5.0,5.0,4.0
1561,4,4,5,4,3.0,3.0,5.0,5.0
1562,5,5,5,4,4.0,4.0,6.0,5.0
1563,5,3,4,5,3.0,4.0,5.0,4.0
1564,4,4,5,5,4.0,5.0,2.0,4.0
1565,5,3,5,4,5.0,3.0,5.0,5.0
1566,6,5,4,0,5.0,4.0,4.0,4.0
1567,5,3,4,4,5.0,4.0,4.0,3.0
1568,4,5,5,5,5.0,4.0,4.0,4.0
1569,4,3,4,4,5.0,4.0,6.0,2.0
1570,4,4,3,4,4.0,5.0,5.0,2.0
1571,4,4,4,4,4.0,5.0,3.0,4.0
1572,4,3,4,3,5.0,4.0,5.0,3.0
1573,4,4,4,5,0.0,4.0,4.0,4.0
1574,4,6,5,4,5.0,4.0,3.0,5.0
1575,5,5,5,5,4.0,5.0,5.0,4.0
1576,5,4,5,4,4.0,3.0,4.0,5.0
1577,4,4,4,4,3.0,0.0,5.0,3.0
1578,4,4,5,5,5.0,5.0,5.0,6.0
1579,4,4,5,4,5.0,5.0,4.0,5.0
1580,5,3,5,5,0.0,2.0,5.0,5.0
1581,5,5,5,4,0.0,4.0,5.0,3.0
1582,0,2,4,5,4.0,6.0,4.0,4.0
1583,5,3,6,5,5.0,4.0,5.0,4.0
1584,4,3,4,5,4.0,4.0,5.0,5.0
1585,4,4,4,4,5.0,5.0,3.0,3.0
1586,3,4,5,4,5.0,4.0,5.0,1.0
1587,5,4,4,3,4.0,5.0,5.0,4.0
1588,4,4,3,5,5.0,4.0,4.0,3.0
1589,3,4,5,3,4.0,5.0,6.0,5.0
1590,4,3,3,5,2.0,4.0,3.0,5.0
1591,5,3,4,3,4.0,5.0,3.0,5.0
1592,4,4,2,4,4.0,3.0,5.0,3.0
1593,0,6,4,5,5.0,4.0,4.0,5.0
1594,4,4,6,5,4.0,5.0,4.0,3.0
1595,4,4,4,3,4.0,5.0,3.0,4.0
1596,4,3,3,2,3.0,5.0,5.0,5.0
1597,4,5,6,5,6.0,3.0,5.0,5.0
1598,4,5,4,5,5.0,5.0,0.0,5.0
1599,4,5,4,4,4.0,4.0,5.0,1.0
1600,4,4,3,5,4.0,5.0,5.0,3.0
1601,4,5,4,5,5.0,5.0,4.0,3.0
1602,4,4,5,5,6.0,5.0,5.0,4.0
1603,4,6,6,4,3.0,6.0,4.0,3.0
1604,4,4,4,5,5.0,5.0,3.0,4.0
1605,4,3,0,4,5.0,5.0,3.0,4.0
1606,5,5,5,4,5.0,1.0,4.0,5.0
1607,5,4,3,4,4.0,6.0,1.0,4.0
1608,4,4,5,6,4.0,2.0,4.0,4.0
1609,4,5,0,3,4.0,5.0,4.0,5.0
1610,3,4,4,3,3.0,5.0,4.0,3.0
1611,3,5,5,4,3.0,5.0,4.0,4.0
1612,5,4,3,2,5.0,2.0,4.0,4.0
1613,5,5,4,2,5.0,3.0,4.0,5.0
1614,3,3,5,3,3.0,5.0,5.0,3.0
1615,5,4,4,4,3.0,4.0,4.0,4.0
1616,3,4,4,4,4.0,3.0,4.0,5.0
1617,3,3,4,4,3.0,4.0,0.0,4.0
1618,3,4,5,4,4.0,5.0,5.0,4.0
1619,4,6,5,4,5.0,5.0,3.0,3.0
1620,4,3,4,3,4.0,3.0,3.0,4.0
1621,4,6,4,4,5.0,5.0,4.0,4.0
1622,3,5,5,3,3.0,4.0,4.0,0.0
1623,0,4,5,4,3.0,4.0,4.0,4.0
1624,4,3,5,4,4.0,4.0,4.0,4.0
1625,4,4,5,3,4.0,4.0,3.0,2.0
1626,5,3,3,5,6.0,4.0,3.0,4.0
1627,5,5,4,6,4.0,3.0,1.0,4.0
1628,5,3,4,3,4.0,4.0,4.0,4.0
1629,5,5,5,3,1.0,6.0,5.0,5.0
1630,4,5,5,4,5.0,4.0,2.0,4.0
1631,6,5,4,4,2.0,5.0,5.0,5.0
1632,4,3,3,4,3.0,6.0,3.0,3.0
1633,3,5,4,6,5.0,5.0,3.0,4.0
1634,6,5,3,4,4.0,6.0,5.0,5.0
1635,4,5,4,2,4.0,5.0,5.0,5.0
1636,3,5,4,6,3.0,5.0,4.0,3.0
1637,4,3,5,3,4.0,3.0,5.0,4.0
1638,4,3,4,4,4.0,3.0,6.0,5.0
1639,5,5,4,4,5.0,4.0,0.0,4.0
1640,3,6,4,6,5.0,4.0,5.0,4.0
1641,4,6,5,4,2.0,4.0,4.0,4.0
1642,4,4,4,3,4.0,6.0,0.0,0.0
1643,5,4,3,3,3.0,5.0,5.0,5.0
1644,5,4,4,3,6.0,5.0,4.0,5.0
1645,5,4,5,6,4.0,4.0,5.0,4.0
1646,4,3,4,6,5.0,4.0,5.0,5.0
1647,3,3,5,6,4.0,5.0,5.0,4.0
1648,6,4,5,4,4.0,5.0,4.0,4.0
1649,3,5,4,4,2.0,5.0,5.0,5.0
1650,4,4,5,6,4.0,4.0,4.0,5.0
1651,3,4,3,3,4.0,5.0,5.0,3.0
1652,5,4,5,5,4.0,4.0,5.0,4.0
1653,6,4,4,4,4.0,4.0,4.0,4.0
1654,5,5,5,5,4.0,4.0,5.0,5.0
1655,4,4,5,4,5.0,5.0,5.0,2.0
1656,3,3,4,5,3.0,5.0,4.0,4.0
1657,3,6,5,6,5.0,4.0,4.0,4.0
1658,4,5,5,4,4.0,0.0,4.0,5.0
1659,4,5,4,4,4.0,4.0,5.0,4.0
1660,4,5,1,3,4.0,4.0,4.0,5.0
1661,4,6,5,4,4.0,5.0,4.0,5.0
1662,5,6,6,4,4.0,4.0,5.0,4.0
1663,4,6,4,4,4.0,5.0,2.0,2.0
1664,3,6,6,3,4.0,4.0,4.0,4.0
1665,3,4,5,3,4.0,5.0,5.0,3.0
1666,6,5,5,4,4.0,3.0,5.0,4.0
1667,3,4,3,4,4.0,4.0,5.0,3.0
1668,4,2,3,6,6.0,3.0,5.0,3.0
1669,3,5,4,3,6.0,4.0,5.0,3.0
1670,3,4,4,0,5.0,4.0,5.0,4.0
1671,4,3,4,5,2.0,4.0,5.0,5.0
1672,4,5,0,3,3.0,3.0,6.0,5.0
1673,3,3,3,4,2.0,5.0,4.0,6.0
1674,4,5,5,4,4.0,4.0,4.0,4.0
1675,3,6,5,5,4.0,5.0,5.0,6.0
1676,3,4,3,4,5.0,3.0,5.0,4.0
1677,4,4,3,6,4.0,3.0,4.0,4.0
1678,4,6,6,4,4.0,3.0,5.0,3.0
1679,4,6,6,3,2.0,5.0,5.0,4.0
1680,4,6,3,5,4.0,5.0,3.0,4.0
1681,5,3,4,3,4.0,4.0,6.0,5.0
1682,4,5,3,5,5.0,3.0,5.0,4.0
1683,5,5,4,4,4.0,6.0,5.0,4.0
1684,4,0,4,6,4.0,5.0,5.0,4.0
1685,5,4,0,4,5.0,5.0,5.0,5.0
1686,5,0,3,6,4.0,5.0,0.0,5.0
1687,5,6,3,3,5.0,4.0,4.0,6.0
1688,3,4,3,3,4.0,4.0,4.0,0.0
1689,5,4,3,6,4.0,6.0,4.0,5.0
1690,4,4,4,3,3.0,5.0,5.0,4.0
1691,4,4,3,0,5.0,4.0,5.0,4.0
1692,4,4,6,3,6.0,3.0,5.0,3.0
1693,5,4,3,6,4.0,3.0,5.0,5.0
1694,5,4,4,4,4.0,0.0,5.0,4.0
1695,5,5,5,4,3.0,3.0,4.0,3.0
1696,4,5,4,3,4.0,4.0,4.0,4.0
1697,4,6,4,5,5.0,5.0,5.0,5.0
1698,4,6,3,5,4.0,4.0,6.0,4.0
1699,2,6,4,5,5.0,3.0,6.0,4.0
1700,3,6,2,5,2.0,5.0,4.0,4.0
1701,4,6,6,5,5.0,5.0,5.0,5.0
1702,5,5,3,3,4.0,4.0,5.0,3.0
1703,3,4,4,5,4.0,5.0,4.0,3.0
1704,3,4,6,4,5.0,5.0,5.0,5.0
1705,4,5,4,4,3.0,3.0,4.0,5.0
1706,5,5,6,0,6.0,3.0,4.0,5.0
1707,6,3,0,5,5.0,5.0,5.0,4.0
1708,3,3,4,6,4.0,4.0,5.0,6.0
1709,4,4,4,4,5.0,3.0,6.0,4.0
1710,3,5,2,5,5.0,5.0,0.0,4.0
1711,6,4,5,4,4.0,5.0,4.0,3.0
1712,2,5,4,5,3.0,5.0,4.0,3.0
1713,6,6,4,4,3.0,5.0,3.0,5.0
1714,1,3,4,4,4.0,4.0,5.0,5.0
1715,4,3,5,3,3.0,5.0,4.0,3.0
1716,3,4,3,6,4.0,0.0,5.0,5.0
1717,3,5,5,3,4.0,5.0,4.0,5.0
1718,5,5,4,5,4.0,4.0,5.0,5.0
1719,5,5,4,5,6.0,5.0,4.0,1.0
1720,6,4,3,6,5.0,5.0,4.0,3.0
1721,5,0,5,6,3.0,5.0,6.0,5.0
1722,4,5,4,5,5.0,4.0,4.0,3.0
1723,2,5,0,6,5.0,0.0,4.0,5.0
1724,3,5,6,4,4.0,6.0,3.0,3.0
1725,5,4,3,4,5.0,5.0,4.0,3.0
1726,3,6,4,4,4.0,3.0,5.0,4.0
1727,4,3,4,5,0.0,5.0,5.0,4.0
1728,5,4,3,4,3.0,6.0,4.0,5.0
1729,6,4,4,5,3.0,4.0,5.0,4.0
1730,5,5,3,5,5.0,3.0,5.0,5.0
1731,6,5,4,4,4.0,4.0,4.0,5.0
1732,4,3,5,5,3.0,5.0,6.0,5.0
1733,3,5,4,4,3.0,5.0,3.0,4.0
1734,5,3,5,4,4.0,6.0,3.0,4.0
1735,5,5,4,3,5.0,5.0,5.0,4.0
1736,5,4,4,4,4.0,5.0,5.0,3.0
1737,3,3,5,5,5.0,5.0,5.0,5.0
1738,5,2,3,5,6.0,3.0,4.0,5.0
1739,6,0,5,4,5.0,5.0,4.0,4.0
1740,5,4,6,3,0.0,4.0,4.0,4.0
1741,4,0,3,5,3.0,3.0,5.0,3.0
1742,3,5,6,6,5.0,3.0,5.0,4.0
1743,6,5,6,6,6.0,0.0,2.0,4.0
1744,3,2,3,5,6.0,4.0,5.0,4.0
1745,3,4,4,5,5.0,5.0,4.0,4.0
1746,6,4,4,4,5.0,3.0,4.0,4.0
1747,4,6,4,6,5.0,4.0,5.0,5.0
1748,3,4,5,3,6.0,4.0,4.0,3.0
1749,4,4,5,4,4.0,5.0,5.0,3.0
1750,3,0,5,4,6.0,3.0,3.0,6.0
1751,5,4,4,4,2.0,5.0,4.0,3.0
1752,3,4,4,4,3.0,3.0,6.0,4.0
1753,3,5,5,5,5.0,4.0,4.0,3.0
1754,3,4,6,5,5.0,2.0,3.0,4.0
1755,4,4,6,2,5.0,5.0,3.0,4.0
1756,4,5,5,2,4.0,2.0,4.0,5.0
1757,4,5,5,5,4.0,5.0,4.0,4.0
1758,2,4,4,4,4.0,3.0,5.0,0.0
1759,5,5,3,3,4.0,4.0,5.0,3.0
1760,2,4,2,4,4.0,5.0,4.0,4.0
1761,4,4,0,4,5.0,3.0,5.0,5.0
1762,3,4,3,3,5.0,4.0,5.0,4.0
1763,6,4,3,5,3.0,4.0,2.0,5.0
1764,4,0,4,4,3.0,2.0,5.0,5.0
1765,3,3,6,2,4.0,4.0,3.0,4.0
1766,5,3,4,5,4.0,3.0,4.0,4.0
1767,4,4,5,5,5.0,5.0,4.0,5.0
1768,3,4,4,4,5.0,5.0,4.0,4.0
1769,5,5,2,3,4.0,4.0,4.0,5.0
1770,5,4,4,4,2.0,6.0,5.0,4.0
1771,5,4,5,5,5.0,5.0,4.0,3.0
1772,4,5,4,6,5.0,5.0,5.0,5.0
1773,5,3,4,3,6.0,3.0,4.0,5.0
1774,4,3,4,3,3.0,5.0,4.0,5.0
1775,3,4,3,4,5.0,4.0,4.0,4.0
1776,5,4,4,4,4.0,4.0,4.0,5.0
1777,5,4,4,3,5.0,0.0,5.0,4.0
1778,5,4,6,5,5.0,5.0,5.0,5.0
1779,4,4,4,4,5.0,4.0,3.0,5.0
1780,5,4,6,6,5.0,4.0,4.0,4.0
1781,5,4,4,5,5.0,4.0,4.0,5.0
1782,3,4,3,3,4.0,4.0,5.0,4.0
1783,5,5,4,4,4.0,5.0,4.0,4.0
1784,0,0,6,3,3.0,5.0,4.0,3.0
1785,3,3,4,3,3.0,3.0,5.0,4.0
1786,4,4,3,3,6.0,4.0,3.0,5.0
1787,5,4,4,4,5.0,4.0,4.0,4.0
1788,4,3,4,4,3.0,5.0,5.0,4.0
1789,5,3,4,1,4.0,3.0,4.0,3.0
1790,3,3,5,4,4.0,3.0,5.0,0.0
1791,5,4,4,6,3.0,5.0,5.0,4.0
1792,5,3,3,2,5.0,4.0,4.0,5.0
1793,4,3,3,5,4.0,4.0,4.0,4.0
1794,2,5,4,4,5.0,5.0,4.0,4.0
1795,5,0,0,2,4.0,5.0,4.0,4.0
1796,4,0,6,5,6.0,5.0,4.0,5.0
1797,4,4,4,3,4.0,5.0,5.0,3.0
1798,4,5,0,4,5.0,5.0,4.0,5.0
1799,4,5,4,5,3.0,5.0,5.0,4.0
1800,5,3,3,5,3.0,2.0,5.0,5.0
1801,5,5,5,3,5.0,4.0,5.0,4.0
1802,2,5,5,4,4.0,4.0,4.0,4.0
1803,6,4,4,4,5.0,4.0,5.0,4.0
1804,3,4,4,6,4.0,4.0,5.0,5.0
1805,6,4,3,1,4.0,5.0,5.0,5.0
1806,4,5,5,5,4.0,4.0,4.0,4.0
1807,3,5,5,6,5.0,3.0,4.0,0.0
1808,4,3,3,6,4.0,6.0,4.0,4.0
1809,0,5,4,4,5.0,3.0,4.0,5.0
1810,0,3,3,6,4.0,3.0,4.0,5.0
1811,0,4,5,4,4.0,4.0,4.0,4.0
1812,4,5,5,5,5.0,5.0,4.0,5.0
1813,6,4,5,4,4.0,4.0,5.0,3.0
1814,1,5,6,3,5.0,5.0,5.0,4.0
1815,4,4,4,4,4.0,5.0,5.0,6.0
1816,3,5,3,4,5.0,4.0,5.0,4.0
1817,5,3,4,4,5.0,4.0,5.0,0.0
1818,6,6,5,5,4.0,4.0,5.0,5.0
1819,5,4,5,5,4.0,4.0,5.0,4.0
1820,4,4,3,5,2.0,3.0,3.0,4.0
1821,5,4,5,4,4.0,3.0,5.0,4.0
1822,3,3,4,4,4.0,6.0,5.0,3.0
1823,3,5,3,4,3.0,5.0,6.0,2.0
1824,4,4,6,3,3.0,4.0,6.0,5.0
1825,4,5,5,4,4.0,5.0,6.0,5.0
1826,4,3,4,3,5.0,5.0,4.0,5.0
1827,4,5,3,6,5.0,4.0,5.0,2.0
1828,3,4,5,6,5.0,6.0,5.0,4.0
1829,4,4,4,3,4.0,5.0,2.0,4.0
1830,5,3,4,4,4.0,5.0,5.0,5.0
1831,5,4,4,3,5.0,4.0,5.0,5.0
1832,4,5,5,4,4.0,5.0,5.0,4.0
1833,6,4,0,4,5.0,5.0,5.0,4.0
1834,4,5,4,4,6.0,4.0,5.0,4.0
1835,5,4,5,0,5.0,5.0,5.0,4.0
1836,5,5,5,4,5.0,5.0,5.0,1.0
1837,2,5,5,5,4.0,5.0,5.0,3.0
1838,2,4,4,4,3.0,5.0,4.0,5.0
1839,4,2,5,5,3.0,5.0,4.0,3.0
1840,3,5,5,4,3.0,4.0,4.0,5.0
1841,4,5,3,4,4.0,5.0,4.0,3.0
1842,4,5,5,4,3.0,4.0,4.0,4.0
1843,3,3,0,0,3.0,4.0,4.0,4.0
1844,5,5,2,5,3.0,5.0,5.0,4.0
1845,2,6,4,4,0.0,5.0,3.0,4.0
1846,4,6,3,5,3.0,5.0,5.0,3.0
1847,3,4,4,5,4.0,5.0,5.0,4.0
1848,3,4,5,5,4.0,4.0,5.0,5.0
1849,3,3,3,5,5.0,6.0,4.0,4.0
1850,6,6,4,5,5.0,4.0,3.0,4.0
1851,4,4,5,5,5.0,4.0,5.0,4.0
1852,4,5,5,4,3.0,4.0,3.0,3.0
1853,4,3,5,4,3.0,4.0,4.0,4.0
1854,3,4,3,4,5.0,4.0,4.0,5.0
1855,4,5,5,6,4.0,5.0,4.0,5.0
1856,4,6,5,4,5.0,4.0,5.0,5.0
1857,5,6,5,6,5.0,5.0,3.0,5.0
1858,3,3,5,3,5.0,3.0,4.0,5.0
1859,4,6,4,2,5.0,5.0,3.0,4.0
1860,4,4,5,4,5.0,4.0,4.0,4.0
1861,4,3,3,3,5.0,4.0,4.0,3.0
1862,2,3,4,5,3.0,4.0,3.0,5.0
1863,4,4,3,5,4.0,5.0,5.0,5.0
1864,3,3,5,5,5.0,5.0,4.0,4.0
1865,3,6,5,4,5.0,5.0,5.0,4.0
1866,4,6,4,5,5.0,0.0,6.0,5.0
1867,4,5,5,5,5.0,5.0,5.0,4.0
1868,4,4,6,3,5.0,4.0,4.0,3.0
1869,3,3,3,5,4.0,4.0,4.0,4.0
1870,0,3,4,4,5.0,3.0,4.0,4.0
1871,6,3,5,2,4.0,5.0,4.0,5.0
1872,4,4,5,2,4.0,5.0,2.0,5.0
1873,5,4,4,6,4.0,4.0,4.0,4.0
1874,4,3,5,5,3.0,5.0,5.0,5.0
1875,3,5,3,4,3.0,0.0,4.0,5.0
1876,3,5,4,5,4.0,6.0,4.0,5.0
1877,4,5,5,4,4.0,5.0,5.0,5.0
1878,4,5,4,5,3.0,5.0,5.0,4.0
1879,5,5,4,5,5.0,5.0,3.0,5.0
1880,4,4,5,3,4.0,4.0,5.0,4.0
1881,3,3,3,6,4.0,4.0,5.0,5.0
1882,5,3,4,5,5.0,5.0,4.0,5.0
1883,3,4,4,4,4.0,5.0,4.0,5.0
1884,5,4,5,5,3.0,6.0,3.0,5.0
1885,6,3,3,5,5.0,5.0,4.0,4.0
1886,6,6,5,5,5.0,5.0,5.0,4.0
1887,6,3,5,4,5.0,5.0,4.0,3.0
1888,5,4,5,5,5.0,5.0,4.0,5.0
1889,5,4,5,5,5.0,4.0,4.0,3.0
1890,4,4,5,5,5.0,5.0,3.0,5.0
1891,5,5,5,3,4.0,3.0,4.0,3.0
1892,3,3,3,4,5.0,4.0,4.0,3.0
1893,3,3,5,5,4.0,4.0,4.0,5.0
1894,4,3,5,5,4.0,3.0,5.0,5.0
1895,4,4,4,4,6.0,5.0,5.0,3.0
1896,5,4,5,5,4.0,4.0,5.0,4.0
1897,4,0,5,6,2.0,5.0,5.0,5.0
1898,5,3,4,0,6.0,4.0,5.0,4.0
1899,0,4,5,5,4.0,4.0,6.0,4.0
1900,4,5,5,6,4.0,4.0,4.0,3.0
1901,5,3,6,4,4.0,3.0,5.0,3.0
1902,4,3,4,3,4.0,5.0,5.0,3.0
1903,4,5,3,4,3.0,5.0,4.0,5.0
1904,5,5,3,6,3.0,4.0,4.0,3.0
1905,4,3,6,5,5.0,5.0,4.0,4.0
1906,3,3,4,3,5.0,5.0,5.0,5.0
1907,4,3,2,4,5.0,4.0,4.0,3.0
1908,5,4,3,5,5.0,1.0,4.0,3.0
1909,5,3,4,4,2.0,0.0,5.0,5.0
1910,3,5,4,4,4.0,4.0,5.0,4.0
1911,5,4,4,5,5.0,4.0,5.0,4.0
1912,4,5,5,4,5.0,4.0,4.0,4.0
1913,4,3,5,5,6.0,5.0,4.0,5.0
1914,5,4,5,4,6.0,4.0,5.0,3.0
1915,5,5,5,4,6.0,3.0,4.0,5.0
1916,4,4,5,3,5.0,5.0,5.0,5.0
1917,4,4,5,5,0.0,5.0,3.0,4.0
1918,5,3,4,3,5.0,5.0,4.0,4.0
1919,4,4,5,0,4.0,4.0,5.0,4.0
1920,4,4,4,4,0.0,4.0,5.0,5.0
1921,4,2,5,4,5.0,5.0,4.0,3.0
1922,5,4,3,5,5.0,5.0,4.0,5.0
1923,4,5,3,4,4.0,5.0,3.0,5.0
1924,5,4,3,3,5.0,4.0,5.0,4.0
1925,4,3,5,6,5.0,5.0,5.0,5.0
1926,5,5,4,4,4.0,5.0,4.0,4.0
1927,5,4,3,0,4.0,5.0,5.0,5.0
1928,4,3,5,5,4.0,4.0,5.0,6.0
1929,3,4,4,4,4.0,3.0,4.0,3.0
1930,3,5,1,3,5.0,4.0,5.0,4.0
1931,4,2,6,6,5.0,5.0,5.0,5.0
1932,4,4,4,4,5.0,5.0,5.0,4.0
1933,4,3,4,4,5.0,3.0,6.0,5.0
1934,0,5,4,4,4.0,4.0,4.0,3.0
1935,0,4,3,5,3.0,4.0,0.0,6.0
1936,3,3,6,5,4.0,4.0,6.0,4.0
1937,5,4,5,4,2.0,3.0,4.0,3.0
1938,4,4,5,5,3.0,4.0,5.0,3.0
1939,5,3,6,5,4.0,5.0,3.0,5.0
1940,5,4,5,4,5.0,4.0,5.0,6.0
1941,0,4,5,4,4.0,4.0,4.0,4.0
1942,0,3,4,5,4.0,5.0,4.0,4.0
1943,3,4,3,5,4.0,5.0,4.0,4.0
1944,5,4,4,4,4.0,5.0,4.0,3.0
1945,4,4,6,6,5.0,3.0,4.0,4.0
1946,4,5,2,5,5.0,3.0,4.0,5.0
1947,4,4,5,4,3.0,5.0,4.0,6.0
1948,5,5,0,5,6.0,5.0,5.0,4.0
1949,4,5,3,4,5.0,5.0,4.0,5.0
1950,4,4,4,5,3.0,4.0,5.0,3.0
1951,3,5,6,3,4.0,3.0,5.0,4.0
1952,3,4,3,0,4.0,5.0,5.0,6.0
1953,0,5,4,5,5.0,5.0,4.0,2.0
1954,4,3,4,5,6.0,4.0,4.0,5.0
1955,3,5,3,5,5.0,4.0,5.0,5.0
1956,5,4,6,4,1.0,5.0,4.0,5.0
1957,3,5,4,5,4.0,5.0,5.0,4.0
1958,4,3,4,5,6.0,4.0,4.0,5.0
1959,4,5,6,6,4.0,5.0,4.0,3.0
1960,3,4,5,4,4.0,6.0,3.0,4.0
1961,6,4,4,6,4.0,4.0,3.0,6.0
1962,5,4,6,5,4.0,4.0,4.0,3.0
1963,5,5,5,4,3.0,4.0,0.0,4.0
1964,4,4,5,4,5.0,4.0,4.0,5.0
1965,0,3,4,4,5.0,3.0,3.0,4.0
1966,5,3,3,2,3.0,5.0,4.0,4.0
1967,5,5,3,5,4.0,5.0,6.0,3.0
1968,5,5,4,3,4.0,5.0,3.0,5.0
1969,4,3,5,4,3.0,5.0,5.0,5.0
1970,4,4,6,4,4.0,5.0,4.0,5.0
1971,4,5,4,5,6.0,3.0,4.0,6.0
1972,5,5,3,5,3.0,4.0,3.0,4.0
1973,4,3,4,4,3.0,4.0,4.0,4.0
1974,3,3,4,5,3.0,4.0,5.0,5.0
1975,4,4,4,4,3.0,4.0,5.0,3.0
1976,4,4,6,4,4.0,3.0,6.0,5.0
1977,0,4,0,5,6.0,4.0,4.0,5.0
1978,5,3,6,5,3.0,4.0,5.0,5.0
1979,3,3,6,1,6.0,4.0,5.0,5.0
1980,3,5,4,6,5.0,3.0,5.0,4.0
1981,4,4,4,4,2.0,3.0,2.0,4.0
1982,5,6,5,4,5.0,5.0,4.0,5.0
1983,5,4,4,3,6.0,3.0,5.0,5.0
1984,5,5,6,5,6.0,4.0,5.0,5.0
1985,5,5,5,0,5.0,4.0,5.0,4.0
1986,4,4,5,4,5.0,4.0,4.0,5.0
1987,5,6,5,4,0.0,6.0,3.0,4.0
1988,4,4,4,5,6.0,4.0,5.0,4.0
1989,5,4,4,4,3.0,5.0,3.0,5.0
1990,4,4,4,3,5.0,4.0,4.0,4.0
1991,4,4,4,4,3.0,4.0,4.0,4.0
1992,3,4,5,4,4.0,3.0,4.0,5.0
1993,4,5,6,5,4.0,5.0,4.0,3.0
1994,3,4,4,5,5.0,4.0,5.0,4.0
1995,4,4,5,5,5.0,3.0,5.0,5.0
1996,5,0,4,2,4.0,4.0,4.0,5.0
1997,4,5,3,4,5.0,4.0,4.0,3.0
1998,5,3,5,4,4.0,4.0,5.0,5.0
1999,4,0,4,3,3.0,2.0,4.0,4.0
2000,3,3,4,4,6.0,3.0,5.0,4.0
2001,4,5,5,4,4.0,4.0,4.0,6.0
2002,3,5,5,4,4.0,3.0,3.0,5.0
2003,5,5,4,5,4.0,4.0,5.0,4.0
2004,4,4,5,4,5.0,4.0,5.0,4.0
2005,4,3,5,4,4.0,5.0,4.0,5.0
2006,4,3,5,5,5.0,3.0,5.0,4.0
2007,4,4,4,3,6.0,3.0,5.0,6.0
2008,3,4,5,4,4.0,4.0,4.0,4.0
2009,3,4,5,5,3.0,3.0,5.0,4.0
2010,5,4,4,4,4.0,4.0,4.0,5.0
2011,4,4,5,5,4.0,3.0,4.0,3.0
2012,5,5,5,5,3.0,5.0,5.0,4.0
2013,5,4,3,4,5.0,5.0,5.0,6.0
2014,4,5,5,4,3.0,5.0,6.0,3.0
2015,4,5,4,5,3.0,4.0,4.0,4.0
2016,5,5,5,5,4.0,5.0,4.0,4.0
2017,6,4,4,4,4.0,5.0,4.0,5.0
2018,4,3,4,4,4.0,4.0,5.0,3.0
2019,4,3,5,4,5.0,4.0,4.0,5.0
2020,5,4,4,4,4.0,4.0,4.0,4.0
2021,3,5,4,4,5.0,5.0,4.0,4.0
2022,5,4,0,4,4.0,4.0,2.0,3.0
2023,3,5,4,6,5.0,6.0,5.0,4.0
2024,2,5,3,4,5.0,5.0,5.0,3.0
2025,3,4,3,4,4.0,4.0,4.0,3.0
2026,6,4,4,4,5.0,5.0,3.0,6.0
2027,3,5,5,3,3.0,5.0,4.0,5.0
2028,3,6,4,4,6.0,4.0,4.0,4.0
2029,5,3,4,4,5.0,4.0,5.0,4.0
2030,3,3,4,4,5.0,4.0,4.0,4.0
2031,4,4,5,3,2.0,4.0,4.0,3.0
2032,5,4,4,3,5.0,4.0,4.0,5.0
2033,6,3,3,6,3.0,4.0,6.0,4.0
2034,6,4,5,0,4.0,5.0,3.0,4.0
2035,6,6,5,5,4.0,5.0,4.0,5.0
2036,5,0,3,4,4.0,4.0,4.0,3.0
2037,4,5,4,3,5.0,3.0,5.0,3.0
2038,6,0,4,6,4.0,5.0,3.0,4.0
2039,5,2,4,3,3.0,5.0,5.0,3.0
2040,0,4,5,3,3.0,4.0,5.0,3.0
2041,4,4,4,4,4.0,4.0,5.0,4.0
2042,3,4,4,4,3.0,4.0,5.0,5.0
2043,4,5,5,4,5.0,5.0,5.0,3.0
2044,6,3,5,5,4.0,4.0,4.0,5.0
2045,4,6,5,5,6.0,4.0,4.0,5.0
2046,4,5,3,5,4.0,3.0,3.0,3.0
2047,2,3,5,3,5.0,4.0,5.0,4.0
2048,3,4,4,5,5.0,4.0,3.0,4.0
2049,4,4,4,4,5.0,5.0,5.0,4.0
2050,5,6,5,4,5.0,4.0,4.0,5.0
2051,5,6,4,5,6.0,6.0,0.0,5.0
2052,3,5,5,4,3.0,5.0,3.0,5.0
2053,4,5,3,5,4.0,5.0,5.0,5.0
2054,3,3,5,5,4.0,4.0,5.0,3.0
2055,3,6,3,4,5.0,4.0,4.0,5.0
2056,5,6,5,3,3.0,3.0,5.0,4.0
2057,5,6,3,4,5.0,5.0,3.0,4.0
2058,3,5,5,5,5.0,2.0,4.0,0.0
2059,4,0,5,3,0.0,3.0,5.0,5.0
2060,4,4,5,3,4.0,3.0,5.0,5.0
2061,4,4,5,5,5.0,4.0,4.0,4.0
2062,2,4,5,5,4.0,4.0,4.0,5.0
2063,3,1,5,5,5.0,6.0,4.0,5.0
2064,4,4,5,5,4.0,4.0,4.0,4.0
2065,4,3,3,3,0.0,4.0,4.0,4.0
2066,0,4,4,3,4.0,3.0,4.0,5.0
2067,5,4,4,4,3.0,5.0,4.0,4.0
2068,4,6,4,5,5.0,0.0,5.0,5.0
2069,4,6,4,0,5.0,4.0,5.0,5.0
2070,4,5,5,3,5.0,3.0,3.0,5.0
2071,4,4,5,4,4.0,5.0,3.0,3.0
2072,4,4,4,4,5.0,5.0,5.0,4.0
2073,3,0,5,5,6.0,4.0,5.0,5.0
2074,0,4,3,5,5.0,3.0,4.0,5.0
2075,3,3,4,5,3.0,5.0,4.0,4.0
2076,4,4,3,4,5.0,5.0,3.0,4.0
2077,3,4,4,4,6.0,5.0,3.0,5.0
2078,3,4,4,3,5.0,5.0,3.0,4.0
2079,5,4,4,5,4.0,5.0,5.0,5.0
2080,4,4,3,4,3.0,3.0,5.0,6.0
2081,3,3,3,5,5.0,5.0,4.0,4.0
2082,5,5,3,5,4.0,5.0,4.0,4.0
2083,5,4,4,5,5.0,4.0,5.0,4.0
2084,5,3,4,5,5.0,5.0,3.0,3.0
2085,5,3,4,5,5.0,4.0,5.0,5.0
2086,4,4,5,4,4.0,5.0,2.0,5.0
2087,4,4,3,3,4.0,4.0,4.0,5.0
2088,3,4,2,5,5.0,5.0,5.0,2.0
2089,3,4,5,5,5.0,4.0,5.0,5.0
2090,6,4,4,3,5.0,3.0,2.0,3.0
2091,3,4,3,4,4.0,3.0,4.0,4.0
2092,4,5,3,3,4.0,4.0,3.0,3.0
2093,4,4,4,4,3.0,0.0,4.0,3.0
2094,4,5,3,3,4.0,5.0,3.0,4.0
2095,4,6,4,4,5.0,6.0,4.0,3.0
2096,3,4,4,5,6.0,5.0,4.0,3.0
2097,4,6,5,5,5.0,4.0,3.0,5.0
2098,6,6,3,4,3.0,4.0,5.0,4.0
2099,4,5,4,3,3.0,4.0,5.0,5.0
2100,6,4,4,4,4.0,3.0,4.0,4.0
2101,5,6,4,4,4.0,4.0,5.0,3.0
2102,6,4,0,4,4.0,5.0,2.0,5.0
2103,4,4,4,6,3.0,5.0,5.0,5.0
2104,6,6,4,5,4.0,4.0,4.0,5.0
2105,4,3,3,3,5.0,6.0,3.0,4.0
2106,4,6,4,4,3.0,4.0,5.0,4.0
2107,6,3,4,5,5.0,3.0,5.0,5.0
2108,6,6,4,5,4.0,5.0,4.0,5.0
2109,3,4,4,5,6.0,3.0,6.0,4.0
2110,3,3,4,4,4.0,5.0,4.0,4.0
2111,4,3,3,3,4.0,4.0,6.0,5.0
2112,3,3,4,5,3.0,4.0,5.0,4.0
2113,3,0,4,4,5.0,4.0,5.0,4.0
2114,3,5,6,5,4.0,4.0,5.0,4.0
2115,2,3,3,5,5.0,4.0,4.0,6.0
2116,4,5,4,4,5.0,4.0,5.0,5.0
2117,4,1,5,6,4.0,6.0,6.0,5.0
2118,5,4,3,4,4.0,5.0,3.0,4.0
2119,5,3,5,4,5.0,5.0,5.0,5.0
2120,3,4,4,4,5.0,5.0,3.0,4.0
2121,4,3,4,5,3.0,4.0,4.0,5.0
2122,4,3,4,5,5.0,6.0,4.0,4.0
2123,5,5,4,5,5.0,4.0,4.0,6.0
2124,0,3,3,6,5.0,6.0,3.0,4.0
2125,4,4,4,4,4.0,4.0,5.0,4.0
2126,5,4,4,4,5.0,4.0,4.0,3.0
2127,3,3,4,5,4.0,5.0,6.0,4.0
2128,3,4,5,4,3.0,4.0,4.0,3.0
2129,4,3,4,5,5.0,4.0,3.0,2.0
2130,3,5,6,5,4.0,5.0,3.0,4.0
2131,0,3,4,5,5.0,5.0,4.0,4.0
2132,4,4,5,4,4.0,4.0,4.0,4.0
2133,5,4,3,5,4.0,4.0,4.0,2.0
2134,5,3,4,4,5.0,5.0,5.0,5.0
2135,5,5,3,5,3.0,5.0,4.0,5.0
2136,4,3,3,6,5.0,3.0,4.0,4.0
2137,5,5,3,4,5.0,4.0,5.0,4.0
2138,5,4,5,5,5.0,4.0,5.0,3.0
2139,4,4,4,5,4.0,4.0,3.0,4.0
2140,4,3,4,4,4.0,3.0,4.0,5.0
2141,5,3,3,5,5.0,4.0,4.0,3.0
2142,5,4,4,5,3.0,3.0,4.0,2.0
2143,4,6,5,3,6.0,5.0,4.0,4.0
2144,4,4,4,4,4.0,5.0,3.0,5.0
2145,4,0,5,4,3.0,4.0,4.0,4.0
2146,5,4,5,5,4.0,5.0,2.0,5.0
2147,4,4,3,5,5.0,4.0,5.0,5.0
2148,5,5,4,3,5.0,5.0,4.0,5.0
2149,4,4,6,3,4.0,4.0,5.0,0.0
2150,3,5,5,4,4.0,5.0,4.0,4.0
2151,4,1,5,5,4.0,5.0,3.0,3.0
2152,5,4,4,5,5.0,5.0,5.0,4.0
2153,4,4,4,3,5.0,4.0,4.0,4.0
2154,5,3,4,3,5.0,5.0,4.0,3.0
2155,4,4,4,3,6.0,4.0,4.0,4.0
2156,4,3,5,4,4.0,3.0,4.0,4.0
2157,3,3,4,5,3.0,4.0,5.0,4.0
2158,5,3,3,1,4.0,2.0,3.0,5.0
2159,4,4,3,5,4.0,4.0,4.0,5.0
2160,3,6,5,4,5.0,5.0,5.0,4.0
2161,5,4,6,0,4.0,5.0,3.0,5.0
2162,3,4,4,5,6.0,4.0,4.0,1.0
2163,3,3,5,5,4.0,5.0,4.0,5.0
2164,3,4,3,4,4.0,5.0,4.0,4.0
2165,3,0,5,4,4.0,0.0,5.0,4.0
2166,4,5,3,2,4.0,2.0,3.0,5.0
2167,3,3,4,4,3.0,4.0,5.0,4.0
2168,4,4,5,4,5.0,3.0,5.0,5.0
2169,5,6,4,5,4.0,4.0,4.0,4.0
2170,2,5,2,5,0.0,4.0,5.0,6.0
2171,6,5,3,4,3.0,5.0,4.0,4.0
2172,5,6,3,4,6.0,5.0,5.0,5.0
2173,5,6,6,5,0.0,5.0,4.0,4.0
2174,5,5,4,4,5.0,5.0,4.0,3.0
2175,3,0,3,4,3.0,5.0,5.0,5.0
2176,4,4,5,3,4.0,4.0,4.0,3.0
2177,5,4,4,3,4.0,4.0,0.0,4.0
2178,4,6,5,4,5.0,4.0,5.0,3.0
2179,4,3,6,4,5.0,5.0,4.0,5.0
2180,4,3,6,5,5.0,5.0,5.0,5.0
2181,4,4,6,5,6.0,5.0,3.0,4.0
2182,3,4,5,5,3.0,4.0,5.0,5.0
2183,4,0,3,4,4.0,5.0,4.0,3.0
2184,3,4,4,4,3.0,5.0,4.0,4.0
2185,3,3,5,5,5.0,4.0,5.0,5.0
2186,4,3,4,5,5.0,4.0,5.0,4.0
2187,4,4,6,5,6.0,5.0,5.0,5.0
2188,5,4,3,4,5.0,3.0,5.0,4.0
2189,5,5,4,3,5.0,4.0,4.0,3.0
2190,4,3,5,4,3.0,6.0,4.0,5.0
2191,3,4,4,5,5.0,5.0,4.0,3.0
2192,5,5,3,5,5.0,4.0,5.0,5.0
2193,4,6,6,5,5.0,3.0,5.0,5.0
2194,5,5,6,3,4.0,3.0,0.0,5.0
2195,4,5,6,3,5.0,5.0,4.0,6.0
2196,4,5,5,3,4.0,4.0,5.0,2.0
2197,5,4,3,5,5.0,5.0,3.0,4.0
2198,4,1,5,5,4.0,4.0,4.0,4.0
2199,4,3,4,6,4.0,5.0,4.0,5.0
2200,4,3,5,5,4.0,3.0,5.0,4.0
2201,4,3,5,5,4.0,6.0,4.0,3.0
2202,5,5,4,4,3.0,5.0,5.0,5.0
2203,6,4,2,4,4.0,5.0,4.0,0.0
2204,5,5,5,3,4.0,5.0,3.0,3.0
2205,3,5,5,4,3.0,3.0,5.0,0.0
2206,4,4,4,6,5.0,5.0,4.0,4.0
2207,0,5,5,4,4.0,5.0,4.0,4.0
2208,3,3,4,5,4.0,4.0,4.0,4.0
2209,5,1,5,3,3.0,5.0,4.0,4.0
2210,2,5,5,3,3.0,4.0,5.0,4.0
2211,5,4,5,4,5.0,5.0,4.0,5.0
2212,4,4,5,4,4.0,4.0,5.0,3.0
2213,4,5,5,1,5.0,5.0,5.0,4.0
2214,4,4,3,3,5.0,5.0,2.0,4.0
2215,4,5,4,3,4.0,5.0,5.0,4.0
2216,4,4,5,3,5.0,3.0,4.0,5.0
2217,3,6,4,4,4.0,5.0,4.0,5.0
2218,6,5,4,5,3.0,5.0,4.0,3.0
2219,4,5,4,4,3.0,5.0,4.0,6.0
2220,0,5,4,3,5.0,5.0,3.0,4.0
2221,4,5,3,4,0.0,3.0,3.0,4.0
2222,6,5,6,4,4.0,3.0,3.0,3.0
2223,4,6,4,4,4.0,5.0,3.0,6.0
2224,4,5,6,4,4.0,3.0,5.0,6.0
2225,3,5,5,5,6.0,3.0,4.0,5.0
2226,3,4,4,3,4.0,5.0,3.0,4.0
2227,4,4,3,3,4.0,5.0,0.0,6.0
2228,3,6,5,4,3.0,4.0,3.0,5.0
2229,3,6,6,4,3.0,5.0,5.0,3.0
2230,3,4,5,4,4.0,3.0,2.0,4.0
2231,4,5,3,5,4.0,3.0,0.0,0.0
2232,4,4,4,4,3.0,5.0,5.0,5.0
2233,3,4,3,3,6.0,4.0,5.0,5.0
2234,4,5,3,4,5.0,5.0,5.0,5.0
2235,0,4,4,5,4.0,3.0,6.0,4.0
2236,3,5,4,4,5.0,4.0,3.0,3.0
2237,3,6,5,4,5.0,4.0,5.0,4.0
2238,6,4,5,5,5.0,5.0,3.0,5.0
2239,3,6,6,5,4.0,4.0,4.0,4.0
2240,3,3,3,5,6.0,5.0,4.0,4.0
2241,4,5,5,5,4.0,5.0,5.0,5.0
2242,4,5,5,3,6.0,5.0,6.0,4.0
2243,4,5,5,4,5.0,4.0,3.0,5.0
2244,3,3,5,0,5.0,4.0,5.0,3.0
2245,4,5,3,3,5.0,4.0,2.0,3.0
2246,6,5,4,5,4.0,3.0,5.0,3.0
2247,6,3,4,4,5.0,4.0,5.0,4.0
2248,6,3,4,4,5.0,5.0,3.0,3.0
2249,5,4,5,3,4.0,5.0,3.0,4.0
2250,6,4,4,4,6.0,4.0,5.0,5.0
2251,6,5,4,4,4.0,4.0,4.0,6.0
2252,6,4,5,4,3.0,5.0,5.0,6.0
2253,6,4,5,4,5.0,4.0,3.0,5.0
2254,6,5,4,4,4.0,3.0,4.0,3.0
2255,6,5,5,4,4.0,5.0,5.0,3.0
2256,5,5,5,4,3.0,4.0,5.0,4.0
2257,3,4,4,5,6.0,5.0,5.0,4.0
2258,5,5,4,5,4.0,4.0,5.0,5.0
2259,5,5,4,5,6.0,5.0,6.0,4.0
2260,2,3,0,4,4.0,4.0,4.0,4.0
2261,4,5,4,3,4.0,5.0,5.0,5.0
2262,4,4,3,3,5.0,3.0,5.0,5.0
2263,4,5,5,4,4.0,4.0,4.0,6.0
2264,5,4,4,4,3.0,4.0,3.0,5.0
2265,6,0,4,0,5.0,5.0,4.0,5.0
2266,6,5,4,5,3.0,5.0,5.0,6.0
2267,5,4,4,5,0.0,5.0,4.0,3.0
2268,5,5,5,4,4.0,4.0,4.0,4.0
2269,5,4,6,4,3.0,3.0,5.0,4.0
2270,5,5,6,4,4.0,4.0,2.0,5.0
2271,4,4,5,4,3.0,4.0,5.0,4.0
2272,6,6,4,4,4.0,3.0,5.0,5.0
2273,4,4,6,5,4.0,4.0,5.0,4.0
2274,4,0,4,5,6.0,4.0,5.0,3.0
2275,4,5,4,4,4.0,3.0,4.0,5.0
2276,3,5,5,3,4.0,2.0,4.0,0.0
2277,5,3,4,3,4.0,5.0,6.0,3.0
2278,3,3,4,5,5.0,4.0,5.0,3.0
2279,2,4,2,4,3.0,0.0,4.0,4.0
2280,4,5,4,4,4.0,5.0,4.0,3.0
2281,3,5,4,4,5.0,2.0,6.0,3.0
2282,3,4,4,4,5.0,4.0,4.0,5.0
2283,4,5,0,4,4.0,5.0,5.0,4.0
2284,3,4,4,4,5.0,5.0,4.0,5.0
2285,5,5,4,5,5.0,5.0,5.0,3.0
2286,5,4,5,5,4.0,5.0,5.0,4.0
2287,5,4,5,4,4.0,3.0,4.0,5.0
2288,5,3,3,5,5.0,4.0,5.0,5.0
2289,5,5,4,5,4.0,4.0,5.0,5.0
2290,5,5,5,5,5.0,6.0,6.0,3.0
2291,5,4,5,5,4.0,6.0,3.0,4.0
2292,4,6,4,4,4.0,4.0,4.0,6.0
2293,5,4,4,6,4.0,4.0,4.0,4.0
2294,4,4,6,6,5.0,3.0,5.0,6.0
2295,1,3,6,5,4.0,5.0,4.0,5.0
2296,4,0,4,5,5.0,5.0,3.0,0.0
2297,3,4,5,3,5.0,5.0,4.0,5.0
2298,4,4,5,3,4.0,4.0,4.0,4.0
2299,5,4,6,3,5.0,4.0,5.0,6.0
2300,5,6,6,3,4.0,4.0,4.0,4.0
2301,4,5,4,4,6.0,5.0,5.0,5.0
2302,4,3,5,5,5.0,3.0,3.0,5.0
2303,5,4,5,4,6.0,4.0,5.0,5.0
2304,5,0,3,3,3.0,3.0,5.0,4.0
2305,5,4,3,5,6.0,3.0,3.0,4.0
2306,4,6,4,5,0.0,4.0,5.0,4.0
2307,5,4,4,0,5.0,4.0,4.0,3.0
2308,4,6,0,5,6.0,6.0,4.0,5.0
2309,4,6,4,3,4.0,5.0,3.0,4.0
2310,5,5,6,3,4.0,2.0,6.0,4.0
2311,5,6,2,5,4.0,0.0,4.0,3.0
2312,5,4,4,5,4.0,3.0,4.0,5.0
2313,3,4,6,5,3.0,4.0,5.0,1.0
2314,5,4,5,3,5.0,4.0,5.0,5.0
2315,3,4,4,4,6.0,1.0,4.0,5.0
2316,4,3,5,4,5.0,3.0,5.0,4.0
2317,3,3,5,5,3.0,0.0,3.0,3.0
2318,3,3,4,4,4.0,3.0,4.0,4.0
2319,3,3,4,5,5.0,6.0,5.0,5.0
2320,5,4,4,5,3.0,4.0,4.0,3.0
2321,3,3,4,4,1.0,0.0,4.0,4.0
2322,5,5,6,3,5.0,4.0,4.0,3.0
2323,5,6,1,0,0.0,4.0,3.0,3.0
2324,4,4,3,5,4.0,4.0,4.0,4.0
2325,4,6,4,4,5.0,3.0,1.0,5.0
2326,5,5,4,3,4.0,0.0,5.0,4.0
2327,4,6,5,4,4.0,4.0,3.0,4.0
2328,4,5,5,4,5.0,5.0,3.0,4.0
2329,5,5,4,5,3.0,4.0,5.0,5.0
2330,4,5,5,4,4.0,4.0,5.0,4.0
2331,5,4,2,3,4.0,5.0,5.0,5.0
2332,5,4,6,4,5.0,5.0,3.0,5.0
2333,3,4,6,3,5.0,4.0,4.0,3.0
2334,5,5,4,3,4.0,3.0,4.0,5.0
2335,4,4,5,5,5.0,5.0,5.0,3.0
2336,4,4,4,4,4.0,5.0,4.0,5.0
2337,5,3,5,5,5.0,5.0,5.0,6.0
2338,5,0,5,4,6.0,5.0,5.0,3.0
2339,5,6,5,6,4.0,5.0,4.0,4.0
2340,6,5,0,5,3.0,6.0,3.0,5.0
2341,4,5,4,4,5.0,5.0,5.0,3.0
2342,5,4,4,6,6.0,5.0,5.0,5.0
2343,3,5,5,5,3.0,5.0,4.0,0.0
2344,4,6,5,5,4.0,3.0,5.0,4.0
2345,4,5,5,5,5.0,5.0,4.0,5.0
2346,2,6,5,4,4.0,5.0,4.0,0.0
2347,4,4,5,4,5.0,6.0,0.0,4.0
2348,6,3,4,4,5.0,4.0,4.0,4.0
2349,6,3,5,5,5.0,5.0,3.0,4.0
2350,3,4,4,4,6.0,5.0,6.0,3.0
2351,4,5,4,4,4.0,4.0,3.0,4.0
2352,3,4,4,0,5.0,5.0,5.0,6.0
2353,4,4,5,3,4.0,6.0,4.0,5.0
2354,5,4,5,5,5.0,5.0,4.0,4.0
2355,4,6,5,4,3.0,5.0,3.0,3.0
2356,2,5,3,5,4.0,3.0,4.0,4.0
2357,3,5,6,3,3.0,5.0,3.0,4.0
2358,3,6,4,5,6.0,5.0,4.0,4.0
2359,6,6,4,5,4.0,3.0,5.0,5.0
2360,5,6,5,6,5.0,4.0,5.0,5.0
2361,2,4,5,3,3.0,5.0,4.0,3.0
2362,5,4,5,4,3.0,4.0,4.0,5.0
2363,5,4,0,3,5.0,4.0,6.0,5.0
2364,3,6,3,2,4.0,5.0,0.0,4.0
2365,6,4,5,3,6.0,5.0,3.0,3.0
2366,4,4,4,6,4.0,6.0,4.0,3.0
2367,4,4,3,5,3.0,5.0,5.0,3.0
2368,4,6,5,4,5.0,4.0,2.0,3.0
2369,5,5,4,4,3.0,4.0,4.0,6.0
2370,3,5,4,4,3.0,5.0,4.0,4.0
2371,4,4,5,6,3.0,4.0,5.0,5.0
2372,3,6,5,6,4.0,3.0,3.0,4.0
2373,4,3,5,6,5.0,3.0,4.0,3.0
2374,5,4,6,5,5.0,5.0,4.0,4.0
2375,4,4,3,5,5.0,4.0,6.0,5.0
2376,4,6,3,4,4.0,4.0,4.0,5.0
2377,6,0,5,4,3.0,5.0,5.0,4.0
2378,5,6,3,4,6.0,3.0,6.0,3.0
2379,5,0,5,4,3.0,4.0,4.0,6.0
2380,4,5,4,6,4.0,3.0,3.0,4.0
2381,5,4,4,5,4.0,6.0,4.0,4.0
2382,5,3,3,4,4.0,4.0,5.0,4.0
2383,4,6,6,6,5.0,3.0,5.0,5.0
2384,5,0,4,6,5.0,5.0,4.0,4.0
2385,4,5,5,5,5.0,6.0,3.0,4.0
2386,4,4,4,6,4.0,4.0,3.0,4.0
2387,6,3,4,5,6.0,5.0,4.0,0.0
2388,5,5,4,0,5.0,5.0,4.0,1.0
2389,5,4,5,4,4.0,4.0,5.0,4.0
2390,2,6,5,5,4.0,5.0,5.0,5.0
2391,3,6,5,5,6.0,4.0,4.0,4.0
2392,4,4,4,5,5.0,5.0,5.0,5.0
2393,3,3,4,4,3.0,5.0,5.0,4.0
2394,5,5,5,4,0.0,5.0,4.0,6.0
2395,5,3,5,4,4.0,5.0,4.0,6.0
2396,5,4,6,4,4.0,5.0,5.0,4.0
2397,4,3,4,4,5.0,5.0,3.0,2.0
2398,5,6,5,5,5.0,3.0,5.0,4.0
2399,5,6,4,5,4.0,5.0,5.0,3.0
2400,5,6,4,4,3.0,4.0,5.0,5.0
2401,4,4,5,4,4.0,5.0,0.0,5.0
2402,5,5,4,4,4.0,4.0,4.0,4.0
2403,3,5,4,5,5.0,4.0,3.0,4.0
2404,2,4,4,5,4.0,5.0,5.0,5.0
2405,5,4,5,5,6.0,4.0,1.0,4.0
2406,5,3,5,4,0.0,5.0,3.0,2.0
2407,5,5,5,5,5.0,4.0,4.0,4.0
2408,3,3,6,4,3.0,5.0,4.0,3.0
2409,5,4,5,4,5.0,5.0,5.0,5.0
2410,5,2,5,4,4.0,3.0,4.0,5.0
2411,3,3,5,1,6.0,4.0,5.0,3.0
2412,3,3,4,4,6.0,4.0,5.0,5.0
2413,4,0,5,1,5.0,5.0,3.0,5.0
2414,4,3,5,4,5.0,5.0,5.0,5.0
2415,4,5,4,5,6.0,4.0,4.0,4.0
2416,3,3,3,0,5.0,5.0,4.0,5.0
2417,3,6,5,4,5.0,3.0,4.0,5.0
2418,4,4,5,2,4.0,5.0,4.0,4.0
2419,5,4,5,0,4.0,6.0,5.0,5.0
2420,0,4,4,4,4.0,5.0,2.0,4.0
2421,5,3,5,4,4.0,5.0,5.0,4.0
2422,4,5,4,4,3.0,4.0,4.0,4.0
2423,5,5,3,4,4.0,2.0,5.0,4.0
2424,5,6,4,4,6.0,5.0,4.0,4.0
2425,5,5,4,5,4.0,4.0,0.0,4.0
2426,3,4,4,3,4.0,5.0,5.0,4.0
2427,4,4,3,1,3.0,2.0,5.0,5.0
2428,4,4,5,5,4.0,5.0,4.0,3.0
2429,5,4,5,5,5.0,3.0,4.0,4.0
2430,4,4,2,4,4.0,6.0,5.0,0.0
2431,5,4,3,4,6.0,5.0,5.0,3.0
2432,4,3,5,4,5.0,5.0,0.0,5.0
2433,5,4,3,4,5.0,6.0,3.0,3.0
2434,4,5,4,4,5.0,4.0,3.0,2.0
2435,5,5,4,3,4.0,4.0,5.0,5.0
2436,3,6,4,4,4.0,3.0,4.0,4.0
2437,6,4,3,5,4.0,4.0,5.0,0.0
2438,6,4,4,3,4.0,3.0,4.0,4.0
2439,4,5,4,4,4.0,5.0,4.0,3.0
2440,3,6,4,6,5.0,5.0,3.0,3.0
2441,5,6,4,5,0.0,5.0,4.0,4.0
2442,4,6,5,5,5.0,5.0,4.0,2.0
2443,3,6,4,4,5.0,6.0,5.0,3.0
2444,4,6,3,4,5.0,4.0,5.0,6.0
2445,5,0,6,5,5.0,4.0,0.0,5.0
2446,4,3,4,4,5.0,4.0,3.0,4.0
2447,5,4,4,5,4.0,4.0,5.0,1.0
2448,3,6,5,5,3.0,3.0,4.0,4.0
2449,2,4,4,5,5.0,5.0,4.0,4.0
2450,4,5,5,5,5.0,5.0,5.0,3.0
2451,4,6,3,0,0.0,5.0,5.0,4.0
2452,4,3,5,2,4.0,5.0,5.0,4.0
2453,0,3,5,5,5.0,4.0,5.0,3.0
2454,3,4,5,4,4.0,4.0,5.0,4.0
2455,5,4,3,5,3.0,5.0,5.0,5.0
2456,4,0,5,3,4.0,5.0,5.0,5.0
2457,3,5,6,4,3.0,5.0,4.0,4.0
2458,4,4,5,5,2.0,5.0,5.0,5.0
2459,4,4,6,4,4.0,4.0,5.0,5.0
2460,0,3,2,5,4.0,5.0,5.0,3.0
2461,5,4,5,3,3.0,4.0,5.0,2.0
2462,5,4,4,4,2.0,4.0,5.0,5.0
2463,5,6,5,3,4.0,4.0,4.0,6.0
2464,5,4,4,3,3.0,4.0,3.0,5.0
2465,4,4,4,4,6.0,5.0,5.0,5.0
2466,4,5,4,4,4.0,4.0,4.0,5.0
2467,3,5,0,6,4.0,0.0,5.0,4.0
2468,4,5,4,4,3.0,5.0,5.0,3.0
2469,5,4,5,4,5.0,5.0,5.0,5.0
2470,3,4,4,5,6.0,4.0,3.0,4.0
2471,5,3,4,4,5.0,5.0,4.0,4.0
2472,3,4,4,3,3.0,5.0,4.0,5.0
2473,4,0,5,4,4.0,4.0,3.0,3.0
2474,5,3,4,4,5.0,5.0,5.0,5.0
2475,4,4,4,5,4.0,5.0,2.0,5.0
2476,4,5,6,3,5.0,4.0,4.0,5.0
2477,4,5,3,5,5.0,4.0,2.0,5.0
2478,5,4,3,3,3.0,5.0,2.0,3.0
2479,3,4,5,4,5.0,3.0,6.0,6.0
2480,3,5,5,3,4.0,3.0,6.0,5.0
2481,5,3,0,5,6.0,5.0,0.0,3.0
2482,5,4,3,6,5.0,3.0,4.0,0.0
2483,5,5,6,4,4.0,5.0,5.0,4.0
2484,3,4,5,3,5.0,3.0,4.0,4.0
2485,5,0,3,4,4.0,4.0,5.0,4.0
2486,1,6,5,5,6.0,3.0,5.0,6.0
2487,5,5,3,6,4.0,5.0,5.0,4.0
2488,4,3,3,5,4.0,4.0,5.0,4.0
2489,5,3,5,4,3.0,4.0,5.0,5.0
2490,4,4,3,3,0.0,4.0,3.0,4.0
2491,5,5,3,4,3.0,5.0,4.0,6.0
2492,5,5,5,4,3.0,4.0,5.0,3.0
2493,5,4,5,3,4.0,6.0,4.0,5.0
2494,3,4,3,3,3.0,5.0,4.0,3.0
2495,5,4,4,4,4.0,3.0,2.0,3.0
2496,5,4,4,5,4.0,4.0,5.0,3.0
2497,5,4,4,5,4.0,4.0,5.0,6.0
2498,4,4,4,5,4.0,4.0,5.0,4.0
2499,5,6,4,5,2.0,5.0,5.0,4.0
2500,4,4,4,3,6.0,5.0,6.0,4.0
2501,3,4,5,3,5.0,4.0,6.0,5.0
2502,4,3,4,3,3.0,5.0,4.0,6.0
2503,3,5,6,3,4.0,5.0,5.0,3.0
2504,4,5,6,5,6.0,4.0,3.0,3.0
2505,6,4,4,4,5.0,3.0,4.0,3.0
2506,4,4,4,3,4.0,4.0,4.0,4.0
2507,0,4,5,4,5.0,3.0,5.0,4.0
2508,4,4,4,5,4.0,0.0,5.0,4.0
2509,3,5,5,4,2.0,3.0,5.0,4.0
2510,3,4,4,4,3.0,3.0,1.0,5.0
2511,4,5,4,3,0.0,0.0,3.0,4.0
2512,3,4,6,5,4.0,2.0,5.0,4.0
2513,4,5,0,4,5.0,3.0,4.0,5.0
2514,5,5,4,5,5.0,5.0,5.0,5.0
2515,5,4,5,5,5.0,5.0,4.0,3.0
2516,4,4,6,4,4.0,4.0,6.0,3.0
2517,4,6,5,5,4.0,3.0,5.0,6.0
2518,3,3,5,4,4.0,4.0,4.0,5.0
2519,3,4,5,3,4.0,4.0,4.0,5.0
2520,3,5,5,5,4.0,5.0,5.0,4.0
2521,6,3,0,4,6.0,4.0,4.0,1.0
2522,4,3,5,4,4.0,3.0,4.0,4.0
2523,2,3,4,5,3.0,4.0,6.0,1.0
2524,3,4,4,3,4.0,4.0,5.0,5.0
2525,5,3,4,4,3.0,4.0,3.0,4.0
2526,3,4,3,4,4.0,4.0,4.0,4.0
2527,5,5,4,4,3.0,5.0,4.0,3.0
2528,4,4,3,4,6.0,6.0,4.0,3.0
2529,6,5,5,5,3.0,3.0,2.0,5.0
2530,5,4,3,3,3.0,4.0,5.0,4.0
2531,5,4,5,5,3.0,4.0,4.0,4.0
2532,4,5,4,4,5.0,4.0,5.0,5.0
2533,4,4,5,4,3.0,2.0,4.0,4.0
2534,4,4,4,4,3.0,3.0,6.0,4.0
2535,5,4,5,3,5.0,4.0,4.0,4.0
2536,5,3,4,3,5.0,1.0,4.0,4.0
2537,3,5,5,4,5.0,4.0,5.0,5.0
2538,4,5,3,3,4.0,5.0,5.0,3.0
2539,5,3,4,5,4.0,3.0,3.0,4.0
2540,5,4,3,4,4.0,3.0,0.0,5.0
2541,3,4,3,3,6.0,2.0,4.0,5.0
2542,6,6,4,4,3.0,3.0,3.0,4.0
2543,5,0,3,5,4.0,3.0,4.0,5.0
2544,3,5,5,6,4.0,5.0,3.0,4.0
2545,3,4,5,4,3.0,4.0,4.0,5.0
2546,4,4,5,6,3.0,3.0,5.0,4.0
2547,6,4,6,5,4.0,4.0,3.0,4.0
2548,2,5,5,4,3.0,3.0,5.0,0.0
2549,4,5,3,5,5.0,3.0,3.0,5.0
2550,3,0,3,6,4.0,5.0,4.0,5.0
2551,2,4,5,5,5.0,0.0,4.0,5.0
2552,3,3,5,5,4.0,5.0,3.0,4.0
2553,5,4,5,4,5.0,4.0,4.0,4.0
2554,6,3,5,3,5.0,5.0,3.0,1.0
2555,3,5,4,5,4.0,4.0,3.0,4.0
2556,4,4,4,4,4.0,4.0,4.0,3.0
2557,4,4,4,3,4.0,5.0,5.0,3.0
2558,5,5,5,4,3.0,4.0,3.0,5.0
2559,6,4,5,3,5.0,4.0,2.0,5.0
2560,4,2,5,3,6.0,4.0,5.0,5.0
2561,3,4,4,4,4.0,5.0,4.0,0.0
2562,4,3,5,5,3.0,5.0,4.0,3.0
2563,4,5,4,3,5.0,5.0,4.0,4.0
2564,3,3,5,3,4.0,5.0,4.0,4.0
2565,4,5,3,5,5.0,3.0,3.0,4.0
2566,4,5,3,4,4.0,4.0,4.0,4.0
2567,4,4,4,3,5.0,5.0,5.0,4.0
2568,3,5,4,5,4.0,5.0,3.0,4.0
2569,6,3,6,4,4.0,5.0,5.0,4.0
2570,5,3,5,5,6.0,4.0,6.0,3.0
2571,5,5,5,4,3.0,4.0,6.0,5.0
2572,5,5,6,3,4.0,3.0,5.0,5.0
2573,0,2,5,3,4.0,3.0,5.0,5.0
2574,5,3,4,2,5.0,4.0,5.0,2.0
2575,5,4,3,4,4.0,4.0,4.0,4.0
2576,5,4,4,4,4.0,4.0,3.0,4.0
2577,5,2,3,3,5.0,5.0,3.0,5.0
2578,5,5,4,3,6.0,4.0,4.0,4.0
2579,3,5,5,3,3.0,5.0,5.0,5.0
2580,4,5,4,4,4.0,4.0,3.0,5.0
2581,5,4,3,3,3.0,3.0,4.0,4.0
2582,5,4,4,3,3.0,5.0,3.0,5.0
2583,4,4,6,4,3.0,4.0,6.0,5.0
2584,5,4,4,5,5.0,5.0,4.0,5.0
2585,5,4,5,4,5.0,3.0,3.0,4.0
2586,4,3,4,5,4.0,5.0,4.0,3.0
2587,5,3,6,4,4.0,6.0,6.0,6.0
2588,4,0,4,4,4.0,5.0,5.0,5.0
2589,3,3,4,5,4.0,6.0,4.0,4.0
2590,4,5,6,5,6.0,3.0,4.0,4.0
2591,4,4,5,5,5.0,4.0,3.0,4.0
2592,5,4,5,5,4.0,3.0,2.0,5.0
2593,5,6,4,5,5.0,4.0,1.0,4.0
2594,6,5,5,4,4.0,0.0,4.0,3.0
2595,6,3,3,5,5.0,4.0,4.0,4.0
2596,4,6,3,5,3.0,4.0,5.0,4.0
2597,6,3,4,5,5.0,3.0,4.0,3.0
2598,6,4,4,4,4.0,3.0,4.0,5.0
2599,5,3,4,4,5.0,0.0,5.0,3.0
2600,6,4,4,3,3.0,5.0,5.0,4.0
2601,4,4,5,4,5.0,4.0,3.0,5.0
2602,3,4,5,3,5.0,5.0,3.0,5.0
2603,4,4,5,5,3.0,4.0,5.0,4.0
2604,3,3,5,3,4.0,4.0,4.0,3.0
2605,4,5,4,5,4.0,5.0,5.0,5.0
2606,3,6,4,5,5.0,4.0,5.0,5.0
2607,4,5,4,5,6.0,5.0,3.0,5.0
2608,5,4,4,5,4.0,4.0,4.0,4.0
2609,4,4,4,5,4.0,5.0,3.0,6.0
2610,4,4,5,5,4.0,5.0,4.0,5.0
2611,4,3,6,5,4.0,4.0,5.0,5.0
2612,4,5,6,4,3.0,5.0,6.0,4.0
2613,5,4,6,3,3.0,5.0,4.0,4.0
2614,4,4,6,5,3.0,4.0,4.0,4.0
2615,4,4,4,5,4.0,5.0,4.0,4.0
2616,5,3,4,5,5.0,5.0,4.0,4.0
2617,5,4,4,5,5.0,4.0,5.0,4.0
2618,4,5,2,0,5.0,4.0,4.0,4.0
2619,4,5,6,5,4.0,4.0,4.0,5.0
2620,5,5,4,4,3.0,5.0,5.0,4.0
2621,4,4,2,5,5.0,3.0,5.0,3.0
2622,5,0,3,5,6.0,5.0,0.0,4.0
2623,4,5,3,0,5.0,4.0,4.0,3.0
2624,4,5,5,5,4.0,5.0,4.0,4.0
2625,4,4,5,5,0.0,4.0,4.0,5.0
2626,5,5,4,4,4.0,4.0,5.0,5.0
2627,4,4,4,4,5.0,5.0,4.0,5.0
2628,5,5,4,3,4.0,4.0,4.0,5.0
2629,4,5,4,4,4.0,5.0,5.0,5.0
2630,4,3,4,4,4.0,3.0,5.0,4.0
2631,4,5,3,5,3.0,4.0,4.0,4.0
2632,5,4,5,5,4.0,5.0,4.0,4.0
2633,4,0,5,0,3.0,4.0,5.0,3.0
2634,6,4,5,4,4.0,4.0,3.0,5.0
2635,5,5,5,4,5.0,5.0,4.0,4.0
2636,6,5,5,5,5.0,3.0,5.0,4.0
2637,5,4,5,4,5.0,4.0,4.0,4.0
2638,5,5,4,5,3.0,5.0,4.0,4.0
2639,4,5,5,5,5.0,4.0,5.0,6.0
2640,5,5,5,3,4.0,4.0,3.0,4.0
2641,4,3,5,5,5.0,4.0,5.0,4.0
2642,5,3,5,3,6.0,5.0,5.0,4.0
2643,3,4,5,4,6.0,5.0,4.0,4.0
2644,3,4,5,5,4.0,6.0,4.0,5.0
2645,4,4,0,2,4.0,3.0,5.0,3.0
2646,3,4,3,4,6.0,3.0,4.0,4.0
2647,3,5,3,4,5.0,5.0,5.0,5.0
2648,5,6,4,5,6.0,3.0,5.0,5.0
2649,4,5,3,5,4.0,5.0,4.0,4.0
2650,5,6,1,4,4.0,3.0,4.0,6.0
2651,4,4,3,3,5.0,4.0,3.0,6.0
2652,5,5,5,4,5.0,4.0,5.0,5.0
2653,4,4,3,5,4.0,5.0,5.0,3.0
2654,4,5,5,3,4.0,2.0,4.0,4.0
2655,5,5,4,5,3.0,4.0,4.0,4.0
2656,5,4,4,5,4.0,4.0,5.0,5.0
2657,4,3,6,5,4.0,4.0,5.0,3.0
2658,5,4,5,3,3.0,5.0,4.0,4.0
2659,5,5,5,5,5.0,4.0,5.0,0.0
2660,3,3,5,4,5.0,4.0,3.0,2.0
2661,4,5,5,4,5.0,4.0,4.0,5.0
2662,4,6,6,6,5.0,5.0,3.0,5.0
2663,4,5,2,4,5.0,3.0,4.0,4.0
2664,4,4,5,6,4.0,4.0,3.0,4.0
2665,5,3,4,4,4.0,3.0,3.0,4.0
2666,6,5,4,3,5.0,3.0,6.0,5.0
2667,4,3,3,2,3.0,5.0,6.0,4.0
2668,3,6,3,2,4.0,3.0,5.0,4.0
2669,4,5,4,5,5.0,4.0,4.0,5.0
2670,4,5,4,5,3.0,4.0,4.0,5.0
2671,5,4,5,4,4.0,5.0,4.0,5.0
2672,4,5,5,4,4.0,5.0,0.0,4.0
2673,5,4,5,4,4.0,3.0,4.0,4.0
2674,4,4,5,5,5.0,5.0,4.0,3.0
2675,5,6,5,5,2.0,5.0,4.0,5.0
2676,3,4,5,5,3.0,6.0,5.0,3.0
2677,4,4,4,5,5.0,4.0,4.0,3.0
2678,3,4,4,5,0.0,4.0,3.0,3.0
2679,5,5,5,5,4.0,5.0,4.0,3.0
2680,5,5,4,6,3.0,3.0,0.0,5.0
2681,3,4,6,2,4.0,5.0,6.0,4.0
2682,4,4,2,5,6.0,5.0,3.0,3.0
2683,5,3,4,4,6.0,5.0,5.0,5.0
2684,4,3,4,4,2.0,4.0,4.0,4.0
2685,3,1,5,4,5.0,2.0,5.0,3.0
2686,3,4,3,5,1.0,4.0,6.0,5.0
2687,5,5,5,5,5.0,4.0,4.0,5.0
2688,3,3,4,4,5.0,5.0,4.0,4.0
2689,4,3,3,5,5.0,5.0,4.0,5.0
2690,4,5,5,5,4.0,4.0,3.0,4.0
2691,6,3,4,4,5.0,3.0,4.0,5.0
2692,4,5,4,5,5.0,3.0,2.0,5.0
2693,2,2,3,4,3.0,4.0,3.0,5.0
2694,4,0,0,4,5.0,6.0,4.0,5.0
2695,3,5,4,3,5.0,4.0,5.0,5.0
2696,0,4,5,3,3.0,4.0,0.0,5.0
2697,5,4,5,4,3.0,4.0,5.0,4.0
2698,4,3,6,5,4.0,3.0,4.0,5.0
2699,6,4,5,3,0.0,5.0,4.0,4.0
2700,3,3,4,4,4.0,4.0,4.0,5.0
2701,4,2,5,4,5.0,5.0,5.0,4.0
2702,5,4,4,3,4.0,5.0,4.0,3.0
2703,2,4,6,4,2.0,4.0,4.0,4.0
2704,2,3,3,5,4.0,4.0,4.0,4.0
2705,5,5,5,4,6.0,5.0,5.0,4.0
2706,4,4,4,5,6.0,3.0,5.0,5.0
2707,5,4,0,4,5.0,5.0,5.0,4.0
2708,5,3,4,3,6.0,4.0,4.0,5.0
2709,5,3,5,4,4.0,3.0,0.0,4.0
2710,5,5,4,3,5.0,5.0,3.0,4.0
2711,5,4,3,4,4.0,0.0,0.0,4.0
2712,4,4,4,2,4.0,5.0,4.0,4.0
2713,5,5,4,3,4.0,5.0,5.0,4.0
2714,4,3,6,3,4.0,5.0,5.0,0.0
2715,5,2,3,3,4.0,4.0,4.0,4.0
2716,5,3,2,4,4.0,3.0,5.0,3.0
2717,5,6,5,5,4.0,4.0,5.0,4.0
2718,5,3,2,3,5.0,3.0,4.0,4.0
2719,4,5,6,5,5.0,5.0,5.0,3.0
2720,5,4,6,5,3.0,5.0,4.0,4.0
2721,4,4,0,3,4.0,4.0,4.0,5.0
2722,5,3,4,6,5.0,4.0,4.0,5.0
2723,0,4,4,4,6.0,5.0,4.0,2.0
2724,5,4,5,4,4.0,5.0,4.0,4.0
2725,4,4,4,4,5.0,3.0,5.0,5.0
2726,4,4,5,4,4.0,6.0,5.0,5.0
2727,4,4,4,5,5.0,4.0,4.0,4.0
2728,5,3,5,4,4.0,5.0,5.0,4.0
2729,2,5,5,4,5.0,3.0,4.0,4.0
2730,5,4,5,5,5.0,4.0,5.0,5.0
2731,5,4,5,5,5.0,4.0,5.0,4.0
2732,5,4,5,4,5.0,3.0,4.0,5.0
2733,4,4,6,5,6.0,4.0,4.0,3.0
2734,4,4,3,5,6.0,4.0,4.0,0.0
2735,5,5,0,2,5.0,5.0,5.0,6.0
2736,4,5,4,4,5.0,6.0,4.0,5.0
2737,4,3,5,4,4.0,5.0,4.0,4.0
2738,5,5,3,4,3.0,6.0,4.0,3.0
2739,5,4,6,4,3.0,5.0,4.0,5.0
2740,3,5,6,4,4.0,4.0,4.0,4.0
2741,5,6,4,5,4.0,3.0,5.0,5.0
2742,3,5,3,4,5.0,5.0,5.0,5.0
2743,4,3,3,4,5.0,4.0,3.0,4.0
2744,4,4,4,3,6.0,4.0,5.0,3.0
2745,4,4,4,4,4.0,3.0,4.0,4.0
2746,4,3,4,5,4.0,4.0,4.0,4.0
2747,2,0,5,3,5.0,3.0,6.0,5.0
2748,0,5,4,4,5.0,5.0,4.0,4.0
2749,4,4,0,4,5.0,4.0,4.0,4.0
2750,4,4,6,5,4.0,5.0,5.0,3.0
2751,4,4,4,4,4.0,5.0,5.0,4.0
2752,4,5,5,4,4.0,6.0,4.0,4.0
2753,3,4,4,4,5.0,6.0,6.0,5.0
2754,4,3,4,5,5.0,4.0,3.0,5.0
2755,4,3,5,3,4.0,3.0,4.0,3.0
2756,4,5,6,5,4.0,5.0,3.0,5.0
2757,3,0,4,5,4.0,5.0,5.0,4.0
2758,3,4,3,5,4.0,0.0,4.0,5.0
2759,3,4,2,3,5.0,4.0,4.0,5.0
2760,4,4,5,5,4.0,4.0,5.0,3.0
2761,5,5,6,5,4.0,4.0,6.0,5.0
2762,4,6,4,3,4.0,4.0,4.0,5.0
2763,3,5,6,4,4.0,5.0,4.0,6.0
2764,5,6,6,5,3.0,4.0,4.0,5.0
2765,3,5,4,5,4.0,4.0,6.0,4.0
2766,4,4,5,5,4.0,4.0,4.0,5.0
2767,5,0,4,6,4.0,4.0,4.0,4.0
2768,5,5,5,3,4.0,5.0,4.0,6.0
2769,4,5,3,4,2.0,5.0,4.0,6.0
2770,4,4,5,3,4.0,4.0,5.0,4.0
2771,5,5,4,5,4.0,5.0,5.0,3.0
2772,6,5,2,4,5.0,4.0,5.0,4.0
2773,3,6,5,3,6.0,4.0,4.0,4.0
2774,4,4,2,0,0.0,5.0,5.0,5.0
2775,2,5,5,5,5.0,6.0,5.0,4.0
2776,3,4,3,3,5.0,5.0,4.0,0.0
2777,5,4,4,3,6.0,5.0,5.0,2.0
2778,5,5,3,3,4.0,3.0,5.0,5.0
2779,3,3,4,3,4.0,5.0,4.0,0.0
2780,4,4,3,3,4.0,3.0,4.0,5.0
2781,5,4,3,4,4.0,4.0,4.0,3.0
2782,2,4,4,4,6.0,3.0,4.0,5.0
2783,3,4,6,5,0.0,5.0,4.0,5.0
2784,4,0,4,4,5.0,5.0,5.0,3.0
2785,5,4,6,6,4.0,6.0,4.0,5.0
2786,4,5,5,3,5.0,5.0,4.0,5.0
2787,3,3,6,3,4.0,5.0,3.0,5.0
2788,5,5,3,3,3.0,0.0,4.0,4.0
2789,4,3,5,3,4.0,4.0,4.0,4.0
2790,6,5,4,3,4.0,4.0,5.0,5.0
2791,4,6,5,2,5.0,4.0,4.0,5.0
2792,4,4,4,6,5.0,4.0,6.0,4.0
2793,5,2,5,3,5.0,5.0,5.0,3.0
2794,4,5,5,4,4.0,5.0,5.0,5.0
2795,3,5,5,5,4.0,5.0,4.0,5.0
2796,3,4,5,6,5.0,4.0,5.0,4.0
2797,5,5,5,4,0.0,4.0,4.0,4.0
2798,5,4,5,4,6.0,5.0,5.0,3.0
2799,3,2,5,4,4.0,5.0,5.0,4.0
2800,4,3,5,4,0.0,6.0,3.0,5.0
2801,4,4,5,4,5.0,4.0,5.0,4.0
2802,3,5,3,5,5.0,3.0,5.0,5.0
2803,5,5,3,4,5.0,6.0,4.0,4.0
2804,4,5,4,5,5.0,5.0,4.0,5.0
2805,0,6,4,4,0.0,4.0,4.0,2.0
2806,3,5,4,4,4.0,4.0,5.0,3.0
2807,4,4,6,5,0.0,3.0,5.0,4.0
2808,4,4,5,4,4.0,5.0,4.0,0.0
2809,3,5,4,5,5.0,3.0,2.0,5.0
2810,3,3,5,4,4.0,6.0,5.0,4.0
2811,4,3,4,4,3.0,5.0,5.0,4.0
2812,5,3,4,5,4.0,4.0,5.0,4.0
2813,3,6,5,0,4.0,4.0,3.0,5.0
2814,3,5,4,3,4.0,4.0,4.0,5.0
2815,4,4,3,3,4.0,6.0,3.0,4.0
2816,5,3,3,5,4.0,5.0,3.0,5.0
2817,4,6,4,4,5.0,5.0,4.0,5.0
2818,6,4,5,3,,3.0,3.0,3.0
2819,4,3,3,5,,6.0,5.0,5.0
2820,4,4,5,4,,5.0,5.0,5.0
2821,3,3,3,4,,5.0,3.0,4.0
2822,5,3,3,4,,5.0,2.0,5.0
2823,3,6,4,5,,4.0,4.0,5.0
2824,4,4,4,2,,4.0,5.0,4.0
2825,4,5,5,3,,4.0,4.0,5.0
2826,3,5,2,4,,5.0,6.0,5.0
2827,3,5,4,5,,4.0,4.0,3.0
2828,6,3,3,6,,4.0,6.0,5.0
2829,5,6,4,4,,4.0,3.0,4.0
2830,6,6,4,3,,5.0,3.0,4.0
2831,4,3,4,3,,5.0,5.0,
2832,4,4,4,4,,5.0,5.0,
2833,3,3,5,3,,5.0,4.0,
2834,4,6,2,3,,3.0,4.0,
2835,3,4,5,5,,4.0,4.0,
2836,5,6,6,3,,4.0,4.0,
2837,3,3,6,3,,4.0,5.0,
2838,4,4,3,6,,5.0,5.0,
2839,4,4,5,4,,5.0,4.0,
2840,5,5,4,6,,4.0,3.0,
2841,5,5,5,5,,6.0,6.0,
2842,5,4,3,5,,4.0,4.0,
2843,4,4,2,3,,5.0,3.0,
2844,4,5,3,4,,4.0,4.0,
2845,3,5,3,6,,3.0,4.0,
2846,4,5,4,6,,3.0,3.0,
2847,4,4,4,5,,4.0,5.0,
2848,4,4,3,6,,4.0,5.0,
2849,3,5,5,3,,4.0,4.0,
2850,4,3,3,6,,4.0,5.0,
2851,5,4,3,3,,3.0,3.0,
2852,4,3,0,4,,5.0,4.0,
2853,4,4,4,3,,1.0,4.0,
2854,5,4,3,4,,4.0,5.0,
2855,3,4,5,4,,4.0,3.0,
2856,3,0,6,5,,4.0,1.0,
2857,3,0,5,6,,5.0,4.0,
2858,5,5,6,3,,4.0,4.0,
2859,5,0,4,5,,3.0,5.0,
2860,5,5,6,4,,4.0,5.0,
2861,4,3,4,4,,5.0,4.0,
2862,3,5,4,3,,4.0,3.0,
2863,5,5,6,3,,3.0,4.0,
2864,4,4,5,4,,5.0,4.0,
2865,6,3,6,3,,5.0,4.0,
2866,5,5,3,6,,5.0,3.0,
2867,4,5,4,4,,4.0,5.0,
2868,3,5,4,3,,3.0,5.0,
2869,6,4,4,5,,5.0,5.0,
2870,5,4,4,4,,3.0,4.0,
2871,3,4,3,4,,5.0,5.0,
2872,4,5,4,5,,4.0,5.0,
2873,4,4,5,4,,4.0,5.0,
2874,4,5,5,4,,4.0,6.0,
2875,5,4,4,3,,4.0,5.0,
2876,4,5,3,4,,4.0,3.0,
2877,4,5,5,4,,3.0,5.0,
2878,4,4,4,3,,5.0,4.0,
2879,4,4,4,3,,3.0,3.0,
2880,4,4,5,4,,4.0,5.0,
2881,3,5,4,3,,3.0,5.0,
2882,3,4,4,4,,4.0,5.0,
2883,5,0,4,3,,4.0,3.0,
2884,4,4,4,3,,5.0,3.0,
2885,6,4,4,3,,4.0,0.0,
2886,6,4,4,3,,4.0,3.0,
2887,4,5,5,3,,4.0,6.0,
2888,4,5,5,3,,5.0,4.0,
2889,5,3,4,4,,4.0,5.0,
2890,3,4,4,4,,4.0,3.0,
2891,3,0,5,3,,4.0,5.0,
2892,6,5,4,3,,5.0,3.0,
2893,5,5,4,4,,4.0,5.0,
2894,3,5,5,4,,3.0,5.0,
2895,2,5,5,4,,5.0,3.0,
2896,0,4,4,5,,3.0,4.0,
2897,4,3,5,5,,3.0,5.0,
2898,5,5,2,5,,3.0,4.0,
2899,5,4,4,5,,4.0,5.0,
2900,5,5,4,5,,5.0,4.0,
2901,6,6,5,5,,4.0,4.0,
2902,5,5,3,4,,5.0,6.0,
2903,5,5,6,4,,3.0,4.0,
2904,5,4,5,5,,3.0,2.0,
2905,4,5,6,5,,5.0,4.0,
2906,4,3,5,3,,4.0,3.0,
2907,5,4,5,4,,3.0,4.0,
2908,4,4,4,4,,4.0,3.0,
2909,4,4,3,4,,3.0,5.0,
2910,4,3,5,4,,4.0,5.0,
2911,5,5,4,4,,4.0,3.0,
2912,4,4,5,5,,0.0,5.0,
2913,4,4,5,5,,3.0,5.0,
2914,3,3,3,3,,4.0,5.0,
2915,4,4,4,4,,4.0,4.0,
2916,5,4,3,4,,5.0,5.0,
2917,5,3,3,5,,6.0,6.0,
2918,4,2,5,5,,4.0,4.0,
2919,3,4,5,4,,5.0,3.0,
2920,4,4,2,5,,5.0,5.0,
2921,4,3,4,5,,5.0,3.0,
2922,6,4,4,6,,3.0,6.0,
2923,4,4,4,4,,6.0,5.0,
2924,5,3,5,4,,4.0,5.0,
2925,4,4,4,6,,6.0,5.0,
2926,4,5,4,2,,5.0,6.0,
2927,4,5,4,5,,4.0,5.0,
2928,5,5,5,5,,4.0,5.0,
2929,6,5,6,4,,3.0,4.0,
2930,5,4,4,5,,3.0,4.0,
2931,4,3,5,4,,2.0,6.0,
2932,3,3,3,4,,5.0,4.0,
2933,0,3,5,5,,3.0,2.0,
2934,5,0,4,3,,4.0,4.0,
2935,5,3,4,6,,2.0,4.0,
2936,5,3,5,6,,3.0,5.0,
2937,5,4,4,4,,4.0,5.0,
2938,5,4,5,3,,3.0,4.0,
2939,5,5,4,4,,3.0,5.0,
2940,5,5,5,0,,5.0,4.0,
2941,5,3,5,4,,5.0,3.0,
2942,5,3,4,3,,5.0,5.0,
2943,4,4,4,3,,6.0,3.0,
2944,4,3,4,4,,4.0,0.0,
2945,4,3,4,6,,5.0,3.0,
2946,4,3,4,6,,5.0,4.0,
2947,3,6,4,4,,5.0,3.0,
2948,4,5,6,6,,5.0,0.0,
2949,4,5,3,4,,4.0,4.0,
2950,5,4,4,6,,5.0,3.0,
2951,3,5,3,6,,5.0,5.0,
2952,4,4,5,4,,4.0,4.0,
2953,4,3,3,6,,2.0,4.0,
2954,4,3,4,4,,4.0,4.0,
2955,4,3,4,5,,3.0,6.0,
2956,5,5,4,6,,2.0,5.0,
2957,4,4,3,4,,4.0,4.0,
2958,0,3,5,6,,,5.0,
2959,4,4,4,4,,,3.0,
2960,6,4,5,4,,,2.0,
2961,5,4,4,5,,,4.0,
2962,5,3,5,3,,,5.0,
2963,4,4,5,5,,,5.0,
2964,4,3,5,5,,,4.0,
2965,4,4,5,4,,,0.0,
2966,4,3,5,2,,,5.0,
2967,3,3,5,4,,,5.0,
2968,3,4,5,6,,,4.0,
2969,4,4,3,5,,,4.0,
2970,3,4,4,5,,,5.0,
2971,3,3,5,6,,,4.0,
2972,0,5,6,4,,,5.0,
2973,3,5,4,3,,,5.0,
2974,5,4,5,3,,,5.0,
2975,5,5,4,5,,,5.0,
2976,5,5,5,4,,,5.0,
2977,5,4,4,4,,,3.0,
2978,5,5,5,5,,,3.0,
2979,6,5,4,3,,,0.0,
2980,2,4,4,5,,,5.0,
2981,4,4,4,4,,,5.0,
2982,3,4,5,5,,,5.0,
2983,3,5,0,4,,,5.0,
2984,3,5,4,5,,,5.0,
2985,4,6,5,3,,,3.0,
2986,3,3,3,5,,,3.0,
2987,2,4,5,4,,,5.0,
2988,2,4,5,6,,,0.0,
2989,4,4,4,3,,,6.0,
2990,3,3,3,3,,,4.0,
2991,4,5,0,3,,,6.0,
2992,4,6,0,4,,,3.0,
2993,4,4,6,4,,,6.0,
2994,5,5,5,5,,,5.0,
2995,4,5,5,5,,,4.0,
2996,2,5,5,4,,,4.0,
2997,3,4,3,4,,,0.0,
2998,3,6,4,4,,,0.0,
2999,5,3,6,4,,,3.0,
3000,6,5,3,5,,,4.0,
3001,3,3,4,4,,,4.0,
3002,4,4,4,4,,,4.0,
3003,4,6,5,5,,,4.0,
3004,3,0,3,6,,,5.0,
3005,4,6,6,5,,,4.0,
3006,4,4,3,4,,,5.0,
3007,4,2,6,3,,,5.0,
3008,6,6,5,3,,,4.0,
3009,5,4,4,4,,,3.0,
3010,5,3,4,4,,,4.0,
3011,5,3,5,4,,,0.0,
3012,2,0,6,4,,,4.0,
3013,0,4,3,4,,,5.0,
3014,5,4,5,5,,,4.0,
3015,3,4,6,4,,,5.0,
3016,3,4,5,5,,,4.0,
3017,5,4,4,5,,,4.0,
3018,3,3,3,6,,,4.0,
3019,3,5,2,5,,,4.0,
3020,6,0,4,4,,,3.0,
3021,3,3,4,4,,,5.0,
3022,4,3,5,4,,,4.0,
3023,3,4,4,3,,,6.0,
3024,4,5,5,4,,,3.0,
3025,5,4,4,3,,,0.0,
3026,4,5,3,5,,,4.0,
3027,5,4,3,5,,,4.0,
3028,4,3,3,4,,,3.0,
3029,3,3,5,4,,,4.0,
3030,4,6,4,4,,,5.0,
3031,3,4,4,5,,,5.0,
3032,5,3,5,4,,,5.0,
3033,2,5,5,4,,,4.0,
3034,6,4,6,5,,,5.0,
3035,2,4,4,4,,,5.0,
3036,4,6,3,5,,,4.0,
3037,4,6,3,5,,,3.0,
3038,6,5,4,5,,,3.0,
3039,2,5,6,5,,,4.0,
3040,4,5,5,4,,,4.0,
3041,5,6,5,4,,,1.0,
3042,1,4,5,5,,,2.0,
3043,3,5,4,4,,,3.0,
3044,3,0,3,5,,,6.0,
3045,6,5,4,4,,,4.0,
3046,5,6,4,0,,,2.0,
3047,5,4,4,5,,,5.0,
3048,5,6,0,5,,,4.0,
3049,5,3,5,4,,,6.0,
3050,4,3,6,6,,,6.0,
3051,3,6,5,2,,,3.0,
3052,4,4,4,5,,,5.0,
3053,4,6,4,4,,,4.0,
3054,4,4,6,4,,,6.0,
3055,0,4,4,4,,,4.0,
3056,5,5,3,4,,,5.0,
3057,3,3,5,4,,,5.0,
3058,5,0,0,4,,,3.0,
3059,6,3,3,5,,,0.0,
3060,5,4,5,5,,,6.0,
3061,4,5,5,4,,,5.0,
3062,6,5,4,4,,,4.0,
3063,5,4,4,4,,,3.0,
3064,6,5,3,5,,,0.0,
3065,6,5,5,0,,,5.0,
3066,3,5,4,4,,,4.0,
3067,3,5,4,5,,,5.0,
3068,3,5,5,5,,,4.0,
3069,4,2,6,3,,,4.0,
3070,3,0,5,4,,,5.0,
3071,4,4,6,4,,,4.0,
3072,3,4,5,4,,,4.0,
3073,3,5,5,4,,,0.0,
3074,3,5,6,4,,,5.0,
3075,3,4,5,3,,,0.0,
3076,5,4,5,3,,,5.0,
3077,3,5,5,0,,,5.0,
3078,4,5,4,3,,,5.0,
3079,5,4,5,4,,,5.0,
3080,3,3,5,2,,,4.0,
3081,4,5,4,4,,,5.0,
3082,6,3,4,4,,,4.0,
3083,6,4,4,5,,,5.0,
3084,4,5,3,5,,,4.0,
3085,5,5,5,5,,,4.0,
3086,4,5,5,5,,,5.0,
3087,3,4,4,4,,,,
3088,4,4,3,4,,,,
3089,0,3,4,3,,,,
3090,4,2,3,5,,,,
3091,5,5,4,3,,,,
3092,5,4,4,5,,,,
3093,3,4,5,3,,,,
3094,3,4,4,3,,,,
3095,5,4,3,4,,,,
3096,3,4,4,3,,,,
3097,0,4,5,4,,,,
3098,2,5,3,4,,,,
3099,4,3,5,4,,,,
3100,5,4,5,4,,,,
3101,4,3,5,3,,,,
3102,3,4,4,4,,,,
3103,6,4,2,6,,,,
3104,4,3,2,6,,,,
3105,4,5,5,4,,,,
3106,4,3,4,4,,,,
3107,5,3,5,5,,,,
3108,5,6,5,4,,,,
3109,5,6,4,4,,,,
3110,4,4,4,3,,,,
3111,3,3,4,4,,,,
3112,0,5,4,3,,,,
3113,5,3,4,2,,,,
3114,5,6,5,4,,,,
3115,3,6,6,6,,,,
3116,4,5,4,3,,,,
3117,4,4,4,4,,,,
3118,4,5,5,3,,,,
3119,5,4,5,4,,,,
3120,4,4,5,3,,,,
3121,4,5,4,0,,,,
3122,4,5,5,6,,,,
3123,4,4,5,4,,,,
3124,4,3,5,0,,,,
3125,4,4,4,6,,,,
3126,4,4,4,0,,,,
3127,5,5,5,4,,,,
3128,4,5,5,4,,,,
3129,4,6,5,3,,,,
3130,3,6,5,5,,,,
3131,5,2,3,5,,,,
3132,4,3,5,4,,,,
3133,4,5,4,5,,,,
3134,5,5,4,4,,,,
3135,3,6,6,4,,,,
3136,4,4,4,4,,,,
3137,5,5,5,3,,,,
3138,4,5,5,2,,,,
3139,5,3,4,0,,,,
3140,5,5,6,5,,,,
3141,4,4,3,4,,,,
3142,4,5,4,4,,,,
3143,5,3,4,4,,,,
3144,5,5,0,4,,,,
3145,4,5,0,3,,,,
3146,4,3,4,4,,,,
3147,0,2,4,5,,,,
3148,2,3,3,4,,,,
3149,4,4,5,3,,,,
3150,4,5,6,5,,,,
3151,3,4,2,4,,,,
3152,4,2,4,6,,,,
3153,3,5,5,4,,,,
3154,5,3,5,6,,,,
3155,4,4,5,3,,,,
3156,5,3,4,5,,,,
3157,4,3,5,3,,,,
3158,6,4,5,4,,,,
3159,4,3,4,4,,,,
3160,5,3,5,5,,,,
3161,4,5,5,5,,,,
3162,5,5,5,0,,,,
3163,5,0,4,5,,,,
3164,5,3,4,5,,,,
3165,3,4,5,4,,,,
3166,4,4,5,4,,,,
3167,4,4,4,4,,,,
3168,4,4,5,4,,,,
3169,3,3,5,5,,,,
3170,3,4,5,3,,,,
3171,4,3,4,5,,,,
3172,5,4,3,5,,,,
3173,4,6,4,4,,,,
3174,3,4,4,5,,,,
3175,4,0,5,5,,,,
3176,3,5,5,0,,,,
3177,4,5,5,5,,,,
3178,3,5,5,4,,,,
3179,3,3,5,4,,,,
3180,3,4,4,4,,,,
3181,4,5,5,5,,,,
3182,4,4,4,4,,,,
3183,5,3,4,4,,,,
3184,3,5,3,4,,,,
3185,3,4,4,3,,,,
3186,5,4,3,5,,,,
3187,3,4,3,4,,,,
3188,3,5,3,4,,,,
3189,5,4,6,5,,,,
3190,6,3,6,5,,,,
3191,4,3,6,4,,,,
3192,6,3,6,3,,,,
3193,5,4,3,4,,,,
3194,4,4,4,5,,,,
3195,0,3,4,0,,,,
3196,6,4,4,4,,,,
3197,3,4,4,4,,,,
3198,4,4,4,4,,,,
3199,4,2,5,4,,,,
3200,4,2,3,3,,,,
3201,4,4,5,4,,,,
3202,4,3,5,4,,,,
3203,3,4,5,4,,,,
3204,3,6,5,4,,,,
3205,4,4,4,5,,,,
3206,3,4,4,5,,,,
3207,4,4,6,5,,,,
3208,3,4,4,5,,,,
3209,4,4,4,5,,,,
3210,4,3,2,4,,,,
3211,3,4,4,4,,,,
3212,4,3,2,4,,,,
3213,3,3,3,5,,,,
3214,4,4,3,6,,,,
3215,3,5,3,6,,,,
3216,4,4,4,4,,,,
3217,4,5,6,5,,,,
3218,4,3,4,5,,,,
3219,4,3,5,6,,,,
3220,4,3,4,4,,,,
3221,4,3,4,0,,,,
3222,5,4,5,4,,,,
3223,4,3,5,1,,,,
3224,4,5,4,3,,,,
3225,3,4,5,0,,,,
3226,6,4,5,0,,,,
3227,5,4,3,5,,,,
3228,6,4,6,5,,,,
3229,4,3,4,3,,,,
3230,5,3,5,4,,,,
3231,3,4,6,5,,,,
3232,5,5,4,2,,,,
3233,3,5,4,5,,,,
