,2013,2014,2015,2016,2017
0,3,3.0,6.0,5.0,4.0
1,6,3.0,6.0,3.0,3.0
2,3,4.0,3.0,4.0,5.0
3,4,5.0,4.0,6.0,3.0
4,5,5.0,3.0,5.0,2.0
5,1,5.0,4.0,6.0,3.0
6,6,5.0,4.0,1.0,4.0
7,5,5.0,6.0,5.0,6.0
8,5,6.0,5.0,5.0,5.0
9,5,5.0,6.0,4.0,4.0
10,6,2.0,4.0,0.0,0.0
11,6,5.0,5.0,5.0,4.0
12,4,6.0,0.0,2.0,5.0
13,3,5.0,5.0,5.0,5.0
14,6,4.0,5.0,5.0,5.0
15,6,2.0,1.0,5.0,5.0
16,1,3.0,0.0,3.0,6.0
17,3,5.0,4.0,3.0,5.0
18,5,4.0,4.0,4.0,6.0
19,3,4.0,6.0,2.0,6.0
20,4,6.0,0.0,3.0,4.0
21,5,3.0,4.0,3.0,4.0
22,3,6.0,6.0,4.0,4.0
23,6,6.0,4.0,5.0,3.0
24,6,6.0,6.0,3.0,6.0
25,5,4.0,4.0,3.0,4.0
26,3,6.0,5.0,5.0,4.0
27,5,0.0,5.0,5.0,5.0
28,4,4.0,3.0,6.0,5.0
29,5,6.0,4.0,4.0,5.0
30,5,6.0,5.0,4.0,5.0
31,6,5.0,5.0,6.0,1.0
32,5,6.0,6.0,6.0,5.0
33,6,1.0,6.0,3.0,5.0
34,2,5.0,1.0,5.0,4.0
35,3,6.0,6.0,3.0,5.0
36,3,3.0,2.0,5.0,5.0
37,6,4.0,4.0,5.0,3.0
38,3,6.0,4.0,5.0,5.0
39,0,6.0,6.0,4.0,4.0
40,5,5.0,6.0,3.0,5.0
41,6,4.0,5.0,5.0,6.0
42,4,4.0,5.0,4.0,2.0
43,6,6.0,5.0,4.0,6.0
44,4,6.0,4.0,5.0,5.0
45,6,4.0,4.0,5.0,5.0
46,6,6.0,6.0,5.0,6.0
47,6,6.0,5.0,1.0,3.0
48,4,4.0,5.0,6.0,0.0
49,5,6.0,3.0,1.0,5.0
50,5,6.0,3.0,6.0,4.0
51,6,5.0,6.0,6.0,4.0
52,6,5.0,5.0,5.0,4.0
53,6,5.0,4.0,6.0,4.0
54,5,6.0,5.0,6.0,6.0
55,3,6.0,5.0,5.0,6.0
56,4,6.0,6.0,0.0,4.0
57,5,6.0,6.0,5.0,4.0
58,1,6.0,4.0,6.0,5.0
59,5,4.0,0.0,3.0,4.0
60,6,5.0,4.0,6.0,5.0
61,5,4.0,4.0,3.0,5.0
62,6,3.0,3.0,3.0,6.0
63,5,3.0,6.0,6.0,3.0
64,6,4.0,6.0,5.0,4.0
65,2,4.0,6.0,5.0,3.0
66,4,4.0,6.0,6.0,5.0
67,3,3.0,3.0,6.0,5.0
68,6,3.0,5.0,6.0,5.0
69,1,6.0,0.0,5.0,4.0
70,4,6.0,4.0,3.0,4.0
71,6,5.0,0.0,4.0,1.0
72,4,4.0,4.0,5.0,4.0
73,3,6.0,6.0,1.0,4.0
74,6,6.0,6.0,5.0,3.0
75,3,5.0,4.0,6.0,3.0
76,6,5.0,3.0,4.0,3.0
77,4,4.0,3.0,4.0,6.0
78,4,5.0,5.0,6.0,5.0
79,4,4.0,3.0,0.0,5.0
80,3,6.0,5.0,4.0,6.0
81,6,1.0,5.0,6.0,6.0
82,6,6.0,5.0,2.0,6.0
83,4,5.0,6.0,4.0,5.0
84,4,2.0,6.0,4.0,5.0
85,4,5.0,1.0,0.0,5.0
86,4,6.0,5.0,5.0,6.0
87,3,6.0,5.0,5.0,5.0
88,4,5.0,2.0,6.0,6.0
89,6,6.0,6.0,2.0,6.0
90,4,4.0,1.0,5.0,5.0
91,6,1.0,5.0,5.0,2.0
92,4,3.0,6.0,0.0,3.0
93,3,5.0,4.0,6.0,0.0
94,5,3.0,6.0,6.0,5.0
95,4,4.0,5.0,0.0,1.0
96,5,5.0,6.0,6.0,5.0
97,5,3.0,3.0,0.0,6.0
98,5,6.0,3.0,2.0,4.0
99,4,6.0,4.0,1.0,5.0
100,0,6.0,5.0,6.0,6.0
101,5,5.0,5.0,4.0,6.0
102,4,4.0,6.0,5.0,6.0
103,6,4.0,4.0,4.0,5.0
104,6,4.0,2.0,5.0,5.0
105,4,4.0,6.0,4.0,4.0
106,4,3.0,6.0,2.0,3.0
107,6,3.0,4.0,4.0,5.0
108,6,3.0,4.0,0.0,3.0
109,6,4.0,6.0,3.0,5.0
110,1,5.0,5.0,4.0,5.0
111,3,4.0,3.0,6.0,5.0
112,6,6.0,6.0,4.0,5.0
113,4,5.0,6.0,4.0,3.0
114,5,6.0,0.0,4.0,6.0
115,5,3.0,4.0,0.0,6.0
116,6,4.0,0.0,4.0,2.0
117,6,3.0,3.0,5.0,5.0
118,6,5.0,6.0,3.0,4.0
119,5,3.0,2.0,0.0,4.0
120,4,5.0,5.0,5.0,5.0
121,5,4.0,2.0,4.0,3.0
122,4,3.0,4.0,6.0,3.0
123,6,4.0,2.0,4.0,6.0
124,4,5.0,4.0,4.0,0.0
125,4,6.0,5.0,4.0,5.0
126,6,6.0,2.0,5.0,5.0
127,6,6.0,4.0,5.0,4.0
128,4,3.0,5.0,4.0,5.0
129,4,6.0,4.0,4.0,6.0
130,6,5.0,4.0,5.0,3.0
131,4,4.0,4.0,5.0,3.0
132,6,6.0,3.0,6.0,3.0
133,6,6.0,4.0,4.0,5.0
134,0,6.0,5.0,5.0,4.0
135,4,3.0,3.0,5.0,4.0
136,4,6.0,5.0,4.0,4.0
137,4,3.0,5.0,5.0,5.0
138,3,5.0,6.0,5.0,0.0
139,5,0.0,6.0,4.0,0.0
140,1,2.0,6.0,5.0,6.0
141,6,5.0,4.0,2.0,4.0
142,4,6.0,3.0,5.0,6.0
143,4,5.0,5.0,5.0,4.0
144,6,2.0,6.0,5.0,5.0
145,6,5.0,5.0,3.0,0.0
146,6,4.0,3.0,4.0,3.0
147,6,5.0,5.0,6.0,5.0
148,3,5.0,4.0,3.0,6.0
149,6,6.0,5.0,3.0,6.0
150,1,4.0,5.0,3.0,3.0
151,3,3.0,5.0,3.0,6.0
152,4,4.0,4.0,4.0,6.0
153,6,2.0,2.0,2.0,5.0
154,2,3.0,6.0,5.0,4.0
155,1,3.0,5.0,5.0,5.0
156,0,4.0,4.0,2.0,4.0
157,5,5.0,5.0,5.0,5.0
158,1,3.0,4.0,5.0,6.0
159,6,6.0,3.0,5.0,4.0
160,3,4.0,6.0,3.0,5.0
161,1,5.0,4.0,5.0,5.0
162,6,4.0,6.0,3.0,5.0
163,1,4.0,5.0,5.0,4.0
164,6,4.0,6.0,5.0,6.0
165,4,4.0,6.0,5.0,5.0
166,6,4.0,6.0,4.0,5.0
167,4,6.0,1.0,5.0,5.0
168,5,3.0,4.0,5.0,5.0
169,5,2.0,2.0,6.0,2.0
170,4,4.0,6.0,3.0,5.0
171,4,5.0,6.0,3.0,5.0
172,4,3.0,3.0,4.0,0.0
173,2,3.0,5.0,5.0,4.0
174,4,5.0,1.0,5.0,3.0
175,1,5.0,4.0,5.0,4.0
176,5,6.0,6.0,5.0,5.0
177,5,3.0,0.0,2.0,3.0
178,5,6.0,6.0,4.0,3.0
179,1,6.0,5.0,5.0,5.0
180,4,4.0,5.0,5.0,6.0
181,6,6.0,3.0,4.0,5.0
182,3,6.0,1.0,4.0,6.0
183,4,3.0,5.0,6.0,5.0
184,3,5.0,6.0,3.0,3.0
185,5,5.0,6.0,5.0,3.0
186,5,5.0,0.0,0.0,5.0
187,0,4.0,6.0,4.0,6.0
188,6,4.0,3.0,6.0,5.0
189,6,5.0,6.0,1.0,4.0
190,5,5.0,6.0,4.0,5.0
191,4,6.0,2.0,5.0,6.0
192,5,5.0,2.0,6.0,6.0
193,5,6.0,4.0,3.0,5.0
194,5,5.0,3.0,5.0,5.0
195,5,4.0,4.0,3.0,6.0
196,4,3.0,6.0,5.0,5.0
197,4,0.0,6.0,5.0,5.0
198,5,4.0,0.0,3.0,5.0
199,6,6.0,6.0,2.0,5.0
200,3,5.0,4.0,6.0,5.0
201,5,5.0,2.0,5.0,6.0
202,5,2.0,6.0,4.0,6.0
203,5,4.0,6.0,5.0,5.0
204,2,4.0,4.0,5.0,5.0
205,1,6.0,4.0,2.0,6.0
206,3,3.0,4.0,5.0,6.0
207,1,4.0,6.0,4.0,6.0
208,4,1.0,5.0,1.0,5.0
209,0,6.0,5.0,5.0,5.0
210,4,6.0,6.0,5.0,4.0
211,6,3.0,2.0,5.0,5.0
212,6,6.0,4.0,3.0,6.0
213,6,0.0,5.0,5.0,4.0
214,6,6.0,3.0,5.0,3.0
215,4,5.0,5.0,3.0,4.0
216,5,4.0,6.0,5.0,4.0
217,4,5.0,6.0,2.0,5.0
218,6,3.0,5.0,3.0,5.0
219,6,6.0,3.0,6.0,3.0
220,3,4.0,6.0,2.0,5.0
221,6,4.0,4.0,6.0,4.0
222,3,5.0,5.0,4.0,5.0
223,4,0.0,5.0,4.0,4.0
224,4,6.0,5.0,5.0,2.0
225,6,3.0,4.0,5.0,1.0
226,4,5.0,5.0,4.0,1.0
227,6,6.0,6.0,6.0,4.0
228,3,6.0,4.0,6.0,5.0
229,5,3.0,5.0,6.0,4.0
230,5,6.0,5.0,5.0,6.0
231,5,4.0,3.0,6.0,5.0
232,4,4.0,0.0,3.0,3.0
233,4,5.0,6.0,5.0,3.0
234,6,2.0,1.0,3.0,6.0
235,0,5.0,5.0,5.0,6.0
236,1,2.0,0.0,6.0,4.0
237,6,4.0,4.0,3.0,6.0
238,4,2.0,5.0,4.0,2.0
239,6,1.0,5.0,4.0,5.0
240,6,5.0,6.0,4.0,4.0
241,5,6.0,6.0,5.0,3.0
242,6,6.0,0.0,5.0,3.0
243,5,5.0,6.0,3.0,0.0
244,6,0.0,5.0,4.0,5.0
245,5,5.0,5.0,6.0,5.0
246,3,5.0,6.0,5.0,4.0
247,6,3.0,4.0,5.0,4.0
248,4,4.0,6.0,4.0,4.0
249,4,3.0,5.0,4.0,5.0
250,4,4.0,3.0,5.0,3.0
251,4,5.0,6.0,1.0,5.0
252,0,3.0,6.0,4.0,5.0
253,4,6.0,3.0,4.0,6.0
254,5,4.0,6.0,5.0,0.0
255,5,5.0,4.0,4.0,4.0
256,4,6.0,4.0,5.0,3.0
257,6,5.0,5.0,3.0,5.0
258,4,6.0,4.0,5.0,5.0
259,4,6.0,6.0,6.0,0.0
260,4,2.0,3.0,3.0,6.0
261,6,5.0,5.0,3.0,0.0
262,4,2.0,2.0,5.0,5.0
263,6,3.0,5.0,4.0,4.0
264,4,4.0,0.0,4.0,4.0
265,6,5.0,4.0,5.0,4.0
266,6,0.0,4.0,5.0,4.0
267,6,4.0,5.0,5.0,5.0
268,6,5.0,5.0,5.0,3.0
269,5,6.0,5.0,5.0,5.0
270,6,5.0,5.0,5.0,4.0
271,3,4.0,6.0,5.0,5.0
272,3,0.0,5.0,3.0,5.0
273,6,6.0,4.0,5.0,4.0
274,6,5.0,0.0,5.0,0.0
275,6,3.0,5.0,6.0,6.0
276,6,3.0,3.0,5.0,5.0
277,3,6.0,6.0,3.0,5.0
278,0,4.0,5.0,4.0,5.0
279,6,2.0,4.0,3.0,2.0
280,6,4.0,4.0,4.0,0.0
281,5,4.0,5.0,5.0,5.0
282,6,6.0,3.0,4.0,4.0
283,0,5.0,4.0,5.0,0.0
284,6,5.0,4.0,4.0,5.0
285,1,4.0,4.0,5.0,6.0
286,5,4.0,3.0,4.0,3.0
287,2,2.0,3.0,5.0,0.0
288,4,3.0,6.0,2.0,0.0
289,6,5.0,5.0,5.0,4.0
290,4,1.0,4.0,6.0,4.0
291,5,5.0,6.0,3.0,5.0
292,6,6.0,3.0,5.0,4.0
293,2,6.0,4.0,2.0,5.0
294,6,4.0,6.0,5.0,0.0
295,2,5.0,3.0,3.0,4.0
296,5,5.0,5.0,5.0,4.0
297,6,6.0,6.0,5.0,6.0
298,6,6.0,4.0,5.0,4.0
299,6,4.0,6.0,1.0,6.0
300,4,5.0,6.0,4.0,6.0
301,6,4.0,6.0,5.0,0.0
302,6,1.0,4.0,5.0,6.0
303,6,3.0,5.0,5.0,3.0
304,4,4.0,6.0,5.0,5.0
305,6,5.0,1.0,6.0,4.0
306,3,5.0,6.0,1.0,3.0
307,5,4.0,6.0,4.0,6.0
308,5,5.0,3.0,5.0,5.0
309,2,5.0,4.0,4.0,5.0
310,6,5.0,5.0,4.0,4.0
311,6,5.0,6.0,5.0,4.0
312,4,6.0,0.0,5.0,3.0
313,5,3.0,6.0,4.0,6.0
314,2,4.0,3.0,0.0,6.0
315,4,4.0,6.0,5.0,5.0
316,3,6.0,5.0,3.0,5.0
317,4,5.0,2.0,5.0,6.0
318,2,5.0,5.0,5.0,6.0
319,3,6.0,5.0,5.0,5.0
320,5,4.0,5.0,5.0,4.0
321,0,3.0,5.0,4.0,5.0
322,3,6.0,6.0,4.0,6.0
323,4,6.0,4.0,2.0,6.0
324,5,5.0,5.0,5.0,4.0
325,1,4.0,6.0,5.0,4.0
326,4,5.0,6.0,3.0,4.0
327,3,4.0,3.0,5.0,3.0
328,4,5.0,5.0,3.0,3.0
329,6,2.0,4.0,4.0,4.0
330,6,2.0,5.0,5.0,4.0
331,6,1.0,1.0,5.0,4.0
332,4,6.0,6.0,5.0,5.0
333,3,4.0,3.0,5.0,3.0
334,6,5.0,5.0,6.0,4.0
335,4,4.0,6.0,4.0,6.0
336,4,4.0,5.0,5.0,6.0
337,4,4.0,5.0,1.0,5.0
338,3,6.0,6.0,5.0,5.0
339,3,4.0,3.0,4.0,5.0
340,6,6.0,4.0,5.0,6.0
341,4,4.0,4.0,4.0,6.0
342,4,5.0,5.0,3.0,6.0
343,4,6.0,0.0,5.0,4.0
344,6,5.0,6.0,4.0,5.0
345,4,6.0,5.0,5.0,6.0
346,3,5.0,5.0,5.0,0.0
347,2,5.0,4.0,3.0,5.0
348,4,5.0,5.0,4.0,3.0
349,3,4.0,6.0,5.0,6.0
350,6,3.0,3.0,5.0,3.0
351,0,4.0,4.0,5.0,4.0
352,5,3.0,3.0,6.0,6.0
353,0,4.0,3.0,5.0,2.0
354,6,5.0,5.0,6.0,3.0
355,4,5.0,5.0,5.0,5.0
356,6,3.0,5.0,6.0,6.0
357,6,2.0,6.0,4.0,5.0
358,3,4.0,4.0,4.0,6.0
359,3,3.0,4.0,5.0,5.0
360,6,6.0,4.0,4.0,5.0
361,6,3.0,4.0,5.0,5.0
362,6,4.0,5.0,4.0,6.0
363,6,3.0,0.0,5.0,6.0
364,6,6.0,5.0,5.0,6.0
365,5,3.0,5.0,6.0,5.0
366,4,5.0,5.0,4.0,4.0
367,5,3.0,3.0,5.0,4.0
368,5,3.0,6.0,6.0,4.0
369,4,5.0,5.0,5.0,4.0
370,4,4.0,5.0,6.0,4.0
371,5,2.0,1.0,5.0,4.0
372,6,5.0,5.0,5.0,3.0
373,6,4.0,5.0,4.0,4.0
374,5,4.0,5.0,5.0,3.0
375,6,6.0,5.0,6.0,6.0
376,5,6.0,6.0,5.0,4.0
377,6,6.0,3.0,5.0,4.0
378,6,5.0,3.0,6.0,6.0
379,5,4.0,5.0,5.0,6.0
380,4,4.0,6.0,6.0,4.0
381,5,6.0,6.0,2.0,6.0
382,4,4.0,5.0,3.0,6.0
383,5,4.0,6.0,4.0,4.0
384,6,4.0,6.0,5.0,6.0
385,6,3.0,4.0,5.0,5.0
386,4,6.0,3.0,5.0,4.0
387,0,5.0,6.0,4.0,5.0
388,5,4.0,6.0,5.0,5.0
389,4,5.0,6.0,3.0,6.0
390,5,5.0,6.0,5.0,4.0
391,6,0.0,4.0,5.0,3.0
392,6,3.0,6.0,5.0,5.0
393,6,6.0,5.0,5.0,4.0
394,3,5.0,6.0,3.0,2.0
395,5,3.0,4.0,4.0,4.0
396,2,4.0,6.0,4.0,4.0
397,2,6.0,4.0,4.0,6.0
398,6,5.0,4.0,4.0,1.0
399,4,5.0,6.0,6.0,3.0
400,4,5.0,5.0,3.0,5.0
401,3,5.0,4.0,5.0,5.0
402,5,3.0,6.0,3.0,3.0
403,0,3.0,4.0,4.0,4.0
404,5,5.0,3.0,4.0,5.0
405,0,5.0,3.0,5.0,5.0
406,3,6.0,5.0,5.0,6.0
407,6,6.0,3.0,5.0,5.0
408,6,3.0,6.0,5.0,3.0
409,6,6.0,4.0,4.0,6.0
410,4,0.0,3.0,6.0,4.0
411,6,6.0,5.0,3.0,6.0
412,6,3.0,5.0,5.0,6.0
413,6,6.0,3.0,3.0,5.0
414,2,6.0,3.0,5.0,4.0
415,6,6.0,6.0,5.0,5.0
416,6,6.0,3.0,3.0,6.0
417,4,2.0,0.0,4.0,5.0
418,6,5.0,5.0,4.0,5.0
419,4,3.0,3.0,5.0,5.0
420,1,1.0,4.0,3.0,4.0
421,3,4.0,5.0,6.0,6.0
422,4,5.0,5.0,6.0,4.0
423,6,0.0,5.0,6.0,6.0
424,5,4.0,5.0,4.0,3.0
425,6,6.0,5.0,3.0,5.0
426,3,3.0,6.0,5.0,4.0
427,6,4.0,5.0,5.0,5.0
428,4,4.0,5.0,4.0,5.0
429,6,5.0,5.0,6.0,5.0
430,6,6.0,4.0,5.0,4.0
431,3,6.0,3.0,4.0,2.0
432,0,3.0,3.0,5.0,3.0
433,0,2.0,4.0,5.0,6.0
434,4,6.0,3.0,6.0,4.0
435,3,5.0,5.0,6.0,4.0
436,6,0.0,4.0,6.0,6.0
437,4,4.0,4.0,5.0,5.0
438,4,5.0,5.0,6.0,5.0
439,6,5.0,5.0,4.0,5.0
440,4,4.0,4.0,5.0,5.0
441,6,2.0,0.0,5.0,5.0
442,5,4.0,3.0,6.0,6.0
443,5,6.0,6.0,5.0,5.0
444,5,3.0,4.0,3.0,6.0
445,6,5.0,3.0,2.0,6.0
446,4,4.0,5.0,3.0,5.0
447,5,5.0,6.0,5.0,6.0
448,4,6.0,5.0,5.0,5.0
449,5,0.0,5.0,4.0,2.0
450,5,0.0,5.0,5.0,4.0
451,5,4.0,4.0,5.0,5.0
452,2,4.0,6.0,5.0,5.0
453,6,6.0,5.0,5.0,4.0
454,0,4.0,5.0,6.0,5.0
455,1,4.0,6.0,3.0,5.0
456,3,0.0,6.0,2.0,5.0
457,5,2.0,3.0,6.0,6.0
458,5,4.0,3.0,5.0,6.0
459,4,6.0,6.0,2.0,5.0
460,4,1.0,6.0,4.0,3.0
461,6,5.0,3.0,4.0,4.0
462,5,5.0,4.0,5.0,5.0
463,4,6.0,5.0,4.0,4.0
464,6,5.0,1.0,4.0,5.0
465,4,5.0,6.0,6.0,3.0
466,6,4.0,6.0,4.0,5.0
467,5,3.0,2.0,5.0,4.0
468,0,6.0,6.0,5.0,5.0
469,3,4.0,5.0,4.0,5.0
470,5,5.0,6.0,4.0,5.0
471,6,4.0,6.0,4.0,4.0
472,3,5.0,3.0,4.0,3.0
473,6,4.0,0.0,2.0,3.0
474,4,6.0,6.0,6.0,4.0
475,6,6.0,5.0,4.0,5.0
476,6,5.0,6.0,0.0,5.0
477,6,1.0,4.0,4.0,5.0
478,5,6.0,6.0,5.0,4.0
479,5,4.0,5.0,3.0,5.0
480,4,0.0,4.0,3.0,5.0
481,5,2.0,6.0,5.0,6.0
482,5,5.0,3.0,5.0,4.0
483,3,3.0,5.0,5.0,5.0
484,1,6.0,4.0,3.0,5.0
485,6,6.0,4.0,5.0,2.0
486,6,1.0,1.0,5.0,5.0
487,6,5.0,4.0,4.0,5.0
488,3,6.0,5.0,5.0,3.0
489,3,4.0,3.0,5.0,5.0
490,5,4.0,5.0,5.0,4.0
491,0,1.0,4.0,5.0,3.0
492,4,3.0,3.0,4.0,3.0
493,3,6.0,6.0,5.0,5.0
494,4,6.0,5.0,4.0,0.0
495,6,3.0,2.0,5.0,2.0
496,0,2.0,5.0,5.0,5.0
497,1,5.0,2.0,5.0,5.0
498,5,0.0,4.0,3.0,5.0
499,3,5.0,4.0,3.0,4.0
500,5,5.0,5.0,4.0,5.0
501,5,6.0,3.0,6.0,5.0
502,6,4.0,0.0,6.0,3.0
503,6,4.0,0.0,3.0,3.0
504,5,4.0,4.0,4.0,0.0
505,6,5.0,3.0,3.0,1.0
506,5,6.0,4.0,0.0,4.0
507,4,4.0,5.0,5.0,5.0
508,6,3.0,3.0,5.0,4.0
509,0,6.0,5.0,6.0,4.0
510,5,3.0,2.0,4.0,4.0
511,5,2.0,4.0,6.0,4.0
512,1,4.0,3.0,4.0,3.0
513,6,1.0,2.0,6.0,4.0
514,3,6.0,4.0,5.0,5.0
515,5,3.0,6.0,4.0,6.0
516,4,2.0,0.0,5.0,5.0
517,2,6.0,6.0,6.0,0.0
518,3,6.0,6.0,5.0,5.0
519,4,5.0,5.0,3.0,6.0
520,4,5.0,4.0,4.0,4.0
521,4,4.0,2.0,5.0,4.0
522,5,6.0,1.0,5.0,3.0
523,5,4.0,5.0,5.0,6.0
524,6,1.0,3.0,6.0,3.0
525,4,4.0,4.0,6.0,5.0
526,2,6.0,6.0,4.0,6.0
527,4,5.0,6.0,4.0,6.0
528,3,5.0,1.0,5.0,3.0
529,6,4.0,6.0,6.0,5.0
530,1,1.0,6.0,4.0,5.0
531,1,6.0,5.0,5.0,6.0
532,2,5.0,5.0,5.0,6.0
533,2,6.0,5.0,5.0,3.0
534,3,4.0,6.0,3.0,6.0
535,1,5.0,4.0,6.0,5.0
536,2,5.0,6.0,4.0,6.0
537,4,4.0,4.0,5.0,5.0
538,6,4.0,1.0,6.0,6.0
539,4,1.0,5.0,3.0,4.0
540,4,6.0,5.0,6.0,4.0
541,4,6.0,4.0,4.0,4.0
542,4,2.0,3.0,3.0,5.0
543,0,5.0,4.0,5.0,3.0
544,4,5.0,4.0,0.0,6.0
545,4,4.0,5.0,6.0,6.0
546,5,1.0,5.0,4.0,4.0
547,6,5.0,6.0,4.0,5.0
548,6,6.0,5.0,4.0,5.0
549,2,3.0,5.0,3.0,6.0
550,3,4.0,6.0,5.0,2.0
551,4,4.0,4.0,6.0,6.0
552,4,6.0,4.0,4.0,5.0
553,4,6.0,5.0,4.0,3.0
554,4,6.0,5.0,3.0,5.0
555,4,6.0,5.0,5.0,6.0
556,5,5.0,4.0,3.0,5.0
557,6,4.0,6.0,3.0,3.0
558,6,6.0,4.0,4.0,6.0
559,6,6.0,6.0,5.0,4.0
560,6,6.0,5.0,6.0,0.0
561,6,4.0,0.0,6.0,4.0
562,6,5.0,5.0,3.0,5.0
563,5,6.0,6.0,4.0,5.0
564,5,5.0,4.0,4.0,4.0
565,1,6.0,5.0,4.0,6.0
566,4,3.0,4.0,3.0,4.0
567,0,5.0,4.0,3.0,0.0
568,1,6.0,6.0,5.0,6.0
569,6,3.0,5.0,5.0,5.0
570,1,4.0,6.0,3.0,4.0
571,4,6.0,5.0,6.0,3.0
572,4,6.0,6.0,5.0,6.0
573,4,4.0,4.0,4.0,4.0
574,1,4.0,5.0,4.0,4.0
575,5,6.0,4.0,5.0,6.0
576,0,5.0,4.0,4.0,6.0
577,4,0.0,6.0,6.0,4.0
578,1,3.0,3.0,4.0,4.0
579,6,5.0,6.0,4.0,5.0
580,6,4.0,5.0,5.0,3.0
581,1,4.0,3.0,5.0,5.0
582,4,5.0,6.0,4.0,6.0
583,4,6.0,5.0,3.0,3.0
584,5,5.0,4.0,5.0,5.0
585,3,4.0,5.0,5.0,3.0
586,4,6.0,6.0,4.0,5.0
587,6,5.0,5.0,4.0,6.0
588,2,3.0,6.0,3.0,5.0
589,5,5.0,3.0,5.0,4.0
590,3,4.0,6.0,4.0,6.0
591,4,6.0,3.0,5.0,6.0
592,3,6.0,6.0,5.0,6.0
593,6,6.0,6.0,5.0,5.0
594,4,4.0,6.0,5.0,4.0
595,4,4.0,4.0,6.0,5.0
596,4,6.0,6.0,3.0,3.0
597,3,4.0,6.0,5.0,6.0
598,4,6.0,4.0,3.0,0.0
599,6,3.0,5.0,1.0,4.0
600,1,3.0,3.0,4.0,6.0
601,4,5.0,4.0,3.0,3.0
602,4,6.0,5.0,3.0,6.0
603,1,6.0,4.0,3.0,4.0
604,3,5.0,5.0,5.0,4.0
605,0,6.0,6.0,5.0,0.0
606,4,4.0,5.0,4.0,5.0
607,3,5.0,3.0,4.0,2.0
608,6,5.0,5.0,2.0,4.0
609,6,4.0,5.0,3.0,5.0
610,4,4.0,6.0,5.0,2.0
611,4,6.0,5.0,1.0,2.0
612,2,6.0,5.0,5.0,3.0
613,4,5.0,0.0,4.0,3.0
614,3,6.0,3.0,2.0,3.0
615,4,4.0,5.0,2.0,2.0
616,1,5.0,6.0,3.0,5.0
617,0,6.0,6.0,4.0,5.0
618,0,6.0,6.0,5.0,4.0
619,4,5.0,5.0,2.0,4.0
620,6,3.0,6.0,5.0,5.0
621,3,5.0,6.0,4.0,4.0
622,4,4.0,5.0,4.0,3.0
623,5,4.0,5.0,5.0,3.0
624,5,4.0,5.0,6.0,3.0
625,4,5.0,0.0,5.0,3.0
626,4,5.0,6.0,3.0,5.0
627,6,3.0,6.0,4.0,4.0
628,6,0.0,5.0,3.0,4.0
629,3,5.0,3.0,4.0,4.0
630,6,5.0,5.0,3.0,5.0
631,4,3.0,5.0,4.0,1.0
632,5,6.0,1.0,3.0,5.0
633,6,5.0,4.0,4.0,5.0
634,0,6.0,5.0,2.0,4.0
635,3,4.0,6.0,5.0,5.0
636,4,6.0,6.0,1.0,5.0
637,5,3.0,3.0,2.0,5.0
638,3,4.0,5.0,4.0,6.0
639,3,4.0,6.0,4.0,4.0
640,4,5.0,6.0,5.0,3.0
641,4,3.0,4.0,5.0,4.0
642,4,4.0,6.0,4.0,4.0
643,5,5.0,6.0,3.0,5.0
644,4,4.0,3.0,4.0,4.0
645,4,4.0,6.0,4.0,5.0
646,6,3.0,4.0,3.0,5.0
647,4,4.0,5.0,3.0,4.0
648,5,6.0,6.0,6.0,5.0
649,4,6.0,2.0,5.0,6.0
650,5,3.0,4.0,4.0,6.0
651,2,1.0,3.0,5.0,5.0
652,4,5.0,5.0,5.0,5.0
653,6,4.0,5.0,5.0,6.0
654,4,5.0,1.0,4.0,6.0
655,3,3.0,4.0,4.0,2.0
656,4,3.0,6.0,6.0,4.0
657,4,5.0,6.0,5.0,5.0
658,4,3.0,5.0,3.0,5.0
659,5,4.0,0.0,4.0,5.0
660,6,3.0,3.0,3.0,4.0
661,4,3.0,3.0,6.0,2.0
662,3,5.0,3.0,4.0,5.0
663,6,3.0,6.0,5.0,4.0
664,3,5.0,5.0,5.0,4.0
665,4,5.0,3.0,5.0,5.0
666,6,6.0,5.0,5.0,1.0
667,5,5.0,4.0,3.0,6.0
668,6,6.0,3.0,3.0,6.0
669,4,6.0,6.0,4.0,3.0
670,4,3.0,6.0,5.0,6.0
671,3,6.0,6.0,6.0,4.0
672,5,6.0,6.0,5.0,6.0
673,5,6.0,4.0,5.0,1.0
674,4,1.0,4.0,6.0,3.0
675,4,5.0,6.0,3.0,4.0
676,6,6.0,6.0,6.0,6.0
677,6,6.0,4.0,5.0,3.0
678,6,4.0,6.0,0.0,4.0
679,5,5.0,4.0,5.0,6.0
680,6,3.0,6.0,5.0,4.0
681,4,5.0,4.0,6.0,5.0
682,6,6.0,3.0,4.0,3.0
683,6,6.0,6.0,3.0,4.0
684,3,3.0,6.0,5.0,5.0
685,4,6.0,6.0,3.0,3.0
686,5,6.0,6.0,6.0,4.0
687,4,6.0,6.0,4.0,5.0
688,3,5.0,6.0,6.0,6.0
689,3,5.0,5.0,5.0,5.0
690,6,4.0,4.0,4.0,5.0
691,5,0.0,5.0,5.0,4.0
692,6,4.0,6.0,5.0,4.0
693,4,4.0,6.0,4.0,5.0
694,6,5.0,6.0,6.0,4.0
695,0,3.0,1.0,2.0,4.0
696,4,5.0,6.0,3.0,0.0
697,5,6.0,2.0,5.0,4.0
698,4,5.0,6.0,5.0,5.0
699,5,5.0,6.0,6.0,6.0
700,6,6.0,4.0,6.0,6.0
701,6,5.0,6.0,3.0,6.0
702,0,5.0,6.0,5.0,6.0
703,2,4.0,6.0,6.0,5.0
704,3,6.0,5.0,5.0,5.0
705,4,2.0,5.0,6.0,4.0
706,4,4.0,5.0,5.0,4.0
707,3,5.0,4.0,3.0,4.0
708,6,5.0,6.0,5.0,5.0
709,1,6.0,4.0,3.0,5.0
710,1,1.0,6.0,5.0,4.0
711,3,5.0,1.0,4.0,1.0
712,3,4.0,5.0,4.0,3.0
713,6,4.0,4.0,5.0,2.0
714,6,4.0,3.0,5.0,3.0
715,1,1.0,5.0,5.0,6.0
716,2,5.0,6.0,0.0,3.0
717,3,6.0,6.0,3.0,4.0
718,1,4.0,4.0,4.0,5.0
719,1,5.0,4.0,5.0,5.0
720,6,6.0,4.0,5.0,4.0
721,1,4.0,5.0,4.0,2.0
722,5,4.0,4.0,4.0,2.0
723,2,5.0,6.0,5.0,4.0
724,6,4.0,3.0,4.0,3.0
725,6,5.0,6.0,6.0,3.0
726,0,4.0,6.0,5.0,4.0
727,5,6.0,5.0,4.0,4.0
728,6,5.0,2.0,3.0,4.0
729,4,6.0,6.0,5.0,4.0
730,5,0.0,4.0,3.0,5.0
731,6,6.0,6.0,5.0,4.0
732,0,4.0,6.0,5.0,4.0
733,4,5.0,4.0,5.0,0.0
734,1,6.0,6.0,4.0,6.0
735,5,4.0,6.0,4.0,6.0
736,4,4.0,5.0,4.0,0.0
737,6,2.0,4.0,6.0,4.0
738,6,6.0,4.0,4.0,4.0
739,6,6.0,2.0,5.0,5.0
740,6,6.0,4.0,5.0,4.0
741,6,4.0,5.0,5.0,3.0
742,4,6.0,4.0,4.0,5.0
743,6,4.0,4.0,5.0,5.0
744,3,4.0,5.0,2.0,2.0
745,4,2.0,4.0,4.0,6.0
746,4,0.0,6.0,4.0,6.0
747,4,4.0,4.0,6.0,6.0
748,6,5.0,6.0,3.0,3.0
749,4,5.0,3.0,5.0,6.0
750,6,6.0,5.0,4.0,5.0
751,6,1.0,4.0,6.0,4.0
752,6,5.0,6.0,4.0,4.0
753,5,5.0,5.0,4.0,3.0
754,6,6.0,4.0,4.0,3.0
755,6,3.0,4.0,4.0,3.0
756,6,3.0,6.0,5.0,6.0
757,6,5.0,5.0,4.0,5.0
758,6,5.0,2.0,1.0,3.0
759,6,5.0,5.0,6.0,6.0
760,3,5.0,4.0,4.0,2.0
761,5,4.0,4.0,6.0,6.0
762,0,4.0,5.0,1.0,4.0
763,4,6.0,4.0,2.0,5.0
764,4,2.0,2.0,5.0,5.0
765,4,5.0,5.0,3.0,5.0
766,6,0.0,6.0,1.0,5.0
767,3,6.0,2.0,4.0,5.0
768,3,6.0,5.0,2.0,6.0
769,4,6.0,4.0,5.0,5.0
770,4,5.0,6.0,3.0,1.0
771,4,3.0,4.0,5.0,4.0
772,4,4.0,3.0,4.0,5.0
773,4,4.0,2.0,5.0,4.0
774,3,2.0,6.0,4.0,4.0
775,3,4.0,5.0,5.0,6.0
776,4,3.0,4.0,5.0,4.0
777,3,4.0,6.0,4.0,6.0
778,3,5.0,0.0,5.0,4.0
779,0,4.0,5.0,5.0,4.0
780,4,0.0,1.0,5.0,6.0
781,6,5.0,3.0,2.0,6.0
782,3,4.0,3.0,3.0,6.0
783,6,6.0,2.0,0.0,3.0
784,4,5.0,3.0,2.0,5.0
785,5,4.0,2.0,5.0,5.0
786,2,6.0,2.0,3.0,5.0
787,6,3.0,1.0,6.0,5.0
788,5,6.0,5.0,5.0,5.0
789,6,5.0,6.0,4.0,5.0
790,6,3.0,3.0,6.0,4.0
791,4,3.0,4.0,5.0,5.0
792,6,3.0,3.0,5.0,6.0
793,5,5.0,2.0,5.0,3.0
794,6,6.0,4.0,5.0,5.0
795,4,4.0,4.0,3.0,5.0
796,4,0.0,1.0,4.0,5.0
797,4,0.0,6.0,3.0,3.0
798,6,5.0,6.0,4.0,5.0
799,0,1.0,5.0,3.0,3.0
800,6,5.0,6.0,3.0,5.0
801,4,4.0,4.0,4.0,6.0
802,0,5.0,0.0,4.0,6.0
803,6,5.0,6.0,6.0,3.0
804,3,5.0,6.0,4.0,6.0
805,5,6.0,4.0,5.0,5.0
806,5,6.0,3.0,6.0,5.0
807,3,6.0,1.0,4.0,3.0
808,5,6.0,5.0,4.0,5.0
809,3,2.0,6.0,4.0,6.0
810,2,4.0,3.0,3.0,6.0
811,1,4.0,5.0,4.0,4.0
812,6,5.0,5.0,1.0,3.0
813,6,5.0,5.0,5.0,5.0
814,3,2.0,5.0,6.0,6.0
815,1,3.0,3.0,4.0,3.0
816,6,3.0,6.0,4.0,4.0
817,0,4.0,6.0,3.0,4.0
818,6,5.0,4.0,4.0,5.0
819,3,6.0,4.0,6.0,1.0
820,4,4.0,2.0,6.0,6.0
821,1,5.0,3.0,6.0,4.0
822,5,4.0,3.0,5.0,5.0
823,6,6.0,6.0,4.0,3.0
824,4,2.0,4.0,5.0,4.0
825,1,5.0,5.0,6.0,6.0
826,0,6.0,4.0,3.0,6.0
827,5,3.0,5.0,4.0,5.0
828,5,3.0,5.0,5.0,2.0
829,3,2.0,1.0,5.0,5.0
830,5,4.0,5.0,4.0,2.0
831,3,3.0,3.0,5.0,1.0
832,3,1.0,4.0,4.0,2.0
833,6,5.0,4.0,5.0,4.0
834,6,5.0,6.0,6.0,5.0
835,6,4.0,3.0,5.0,5.0
836,5,6.0,5.0,4.0,4.0
837,2,2.0,5.0,4.0,3.0
838,6,4.0,3.0,1.0,0.0
839,6,3.0,6.0,3.0,5.0
840,2,3.0,3.0,5.0,3.0
841,3,1.0,6.0,4.0,5.0
842,1,3.0,3.0,5.0,4.0
843,6,5.0,5.0,4.0,5.0
844,6,6.0,5.0,6.0,6.0
845,5,3.0,4.0,5.0,5.0
846,6,3.0,5.0,3.0,4.0
847,5,3.0,5.0,1.0,4.0
848,5,4.0,0.0,5.0,6.0
849,0,5.0,4.0,2.0,5.0
850,5,3.0,6.0,5.0,6.0
851,5,4.0,4.0,0.0,5.0
852,6,1.0,4.0,3.0,0.0
853,6,6.0,4.0,4.0,6.0
854,2,5.0,6.0,6.0,3.0
855,5,6.0,5.0,5.0,6.0
856,4,4.0,4.0,1.0,5.0
857,4,6.0,6.0,6.0,6.0
858,4,6.0,4.0,5.0,5.0
859,3,2.0,5.0,1.0,1.0
860,6,5.0,5.0,4.0,4.0
861,1,6.0,3.0,5.0,6.0
862,3,4.0,6.0,5.0,4.0
863,6,6.0,6.0,4.0,4.0
864,6,6.0,4.0,4.0,5.0
865,6,2.0,6.0,6.0,4.0
866,0,4.0,4.0,3.0,5.0
867,6,6.0,3.0,5.0,6.0
868,6,5.0,2.0,6.0,4.0
869,4,0.0,4.0,6.0,6.0
870,5,4.0,6.0,0.0,4.0
871,6,5.0,5.0,3.0,5.0
872,4,4.0,6.0,2.0,5.0
873,5,6.0,5.0,3.0,4.0
874,0,3.0,5.0,5.0,3.0
875,6,5.0,4.0,3.0,5.0
876,3,3.0,4.0,2.0,0.0
877,6,5.0,4.0,2.0,5.0
878,4,6.0,5.0,4.0,5.0
879,2,6.0,5.0,4.0,5.0
880,2,6.0,5.0,6.0,5.0
881,3,3.0,5.0,4.0,6.0
882,6,4.0,5.0,6.0,3.0
883,5,6.0,5.0,3.0,5.0
884,4,4.0,4.0,2.0,5.0
885,6,5.0,6.0,4.0,5.0
886,6,4.0,6.0,4.0,6.0
887,1,4.0,5.0,5.0,2.0
888,3,2.0,5.0,4.0,4.0
889,2,4.0,6.0,4.0,5.0
890,6,6.0,4.0,6.0,4.0
891,4,5.0,4.0,4.0,6.0
892,6,6.0,4.0,5.0,2.0
893,4,3.0,5.0,4.0,6.0
894,6,4.0,5.0,4.0,5.0
895,2,1.0,6.0,6.0,6.0
896,6,4.0,5.0,5.0,6.0
897,6,6.0,4.0,3.0,5.0
898,2,6.0,5.0,4.0,6.0
899,4,2.0,5.0,5.0,1.0
900,5,6.0,6.0,5.0,4.0
901,6,3.0,5.0,4.0,5.0
902,5,4.0,5.0,4.0,6.0
903,0,5.0,5.0,3.0,5.0
904,4,4.0,4.0,6.0,3.0
905,0,4.0,6.0,6.0,4.0
906,3,5.0,5.0,5.0,6.0
907,6,3.0,3.0,0.0,0.0
908,0,5.0,4.0,4.0,6.0
909,6,4.0,4.0,5.0,6.0
910,3,6.0,5.0,4.0,3.0
911,6,5.0,4.0,4.0,5.0
912,4,6.0,6.0,3.0,4.0
913,5,0.0,6.0,1.0,5.0
914,6,5.0,4.0,5.0,1.0
915,0,2.0,5.0,5.0,5.0
916,6,4.0,5.0,3.0,6.0
917,6,1.0,4.0,6.0,4.0
918,4,6.0,5.0,5.0,5.0
919,6,5.0,5.0,4.0,3.0
920,5,4.0,3.0,6.0,6.0
921,5,5.0,6.0,4.0,3.0
922,6,6.0,3.0,3.0,4.0
923,0,6.0,6.0,6.0,5.0
924,6,1.0,6.0,3.0,5.0
925,5,6.0,5.0,3.0,5.0
926,6,4.0,5.0,4.0,6.0
927,4,5.0,3.0,5.0,4.0
928,5,6.0,5.0,6.0,4.0
929,4,5.0,4.0,3.0,6.0
930,0,4.0,5.0,6.0,5.0
931,4,2.0,4.0,4.0,5.0
932,4,6.0,3.0,3.0,4.0
933,6,6.0,4.0,0.0,5.0
934,3,6.0,5.0,3.0,5.0
935,4,4.0,5.0,5.0,4.0
936,1,4.0,6.0,4.0,5.0
937,5,3.0,6.0,3.0,5.0
938,5,4.0,5.0,6.0,5.0
939,5,3.0,5.0,4.0,3.0
940,6,3.0,5.0,5.0,5.0
941,6,6.0,3.0,4.0,4.0
942,3,5.0,0.0,6.0,5.0
943,6,6.0,6.0,4.0,5.0
944,6,6.0,5.0,6.0,5.0
945,3,6.0,3.0,4.0,4.0
946,6,6.0,6.0,4.0,3.0
947,1,6.0,4.0,3.0,2.0
948,6,5.0,5.0,4.0,4.0
949,4,6.0,4.0,4.0,4.0
950,4,6.0,6.0,5.0,3.0
951,4,4.0,4.0,6.0,6.0
952,3,4.0,5.0,0.0,3.0
953,4,3.0,6.0,6.0,4.0
954,5,4.0,4.0,5.0,4.0
955,4,5.0,6.0,4.0,5.0
956,4,5.0,4.0,2.0,4.0
957,4,4.0,6.0,5.0,3.0
958,5,6.0,4.0,0.0,3.0
959,3,6.0,3.0,0.0,6.0
960,6,5.0,5.0,4.0,4.0
961,4,5.0,2.0,5.0,6.0
962,5,6.0,4.0,4.0,4.0
963,5,6.0,6.0,6.0,5.0
964,4,5.0,4.0,6.0,5.0
965,0,3.0,3.0,2.0,4.0
966,5,5.0,6.0,6.0,4.0
967,0,6.0,6.0,6.0,4.0
968,6,4.0,4.0,5.0,5.0
969,6,6.0,5.0,4.0,5.0
970,4,5.0,3.0,5.0,3.0
971,6,3.0,5.0,5.0,4.0
972,2,6.0,2.0,4.0,0.0
973,6,6.0,6.0,5.0,4.0
974,6,6.0,5.0,1.0,4.0
975,0,1.0,5.0,4.0,4.0
976,6,3.0,4.0,3.0,4.0
977,0,3.0,6.0,5.0,6.0
978,6,6.0,3.0,3.0,0.0
979,6,5.0,6.0,5.0,5.0
980,5,5.0,5.0,5.0,4.0
981,5,5.0,4.0,4.0,3.0
982,1,5.0,3.0,5.0,3.0
983,6,0.0,0.0,6.0,6.0
984,5,4.0,6.0,5.0,6.0
985,4,5.0,4.0,5.0,5.0
986,6,3.0,5.0,5.0,5.0
987,4,3.0,6.0,4.0,4.0
988,6,6.0,6.0,5.0,3.0
989,6,6.0,6.0,6.0,3.0
990,5,4.0,5.0,6.0,4.0
991,6,6.0,6.0,5.0,6.0
992,4,5.0,4.0,4.0,5.0
993,4,3.0,4.0,3.0,4.0
994,4,5.0,2.0,5.0,3.0
995,2,6.0,4.0,3.0,5.0
996,4,5.0,0.0,4.0,6.0
997,2,5.0,4.0,1.0,6.0
998,4,4.0,4.0,1.0,0.0
999,4,4.0,3.0,5.0,3.0
1000,5,3.0,1.0,0.0,6.0
1001,6,6.0,5.0,5.0,4.0
1002,3,4.0,2.0,4.0,3.0
1003,3,3.0,3.0,6.0,6.0
1004,6,5.0,6.0,5.0,6.0
1005,3,5.0,4.0,3.0,5.0
1006,2,0.0,5.0,4.0,6.0
1007,6,6.0,3.0,5.0,5.0
1008,5,6.0,5.0,4.0,5.0
1009,5,3.0,6.0,6.0,6.0
1010,6,0.0,5.0,6.0,5.0
1011,6,4.0,4.0,4.0,4.0
1012,3,1.0,5.0,1.0,1.0
1013,6,6.0,5.0,5.0,5.0
1014,4,4.0,4.0,4.0,5.0
1015,6,1.0,5.0,2.0,6.0
1016,6,0.0,4.0,2.0,6.0
1017,4,4.0,4.0,3.0,4.0
1018,6,4.0,4.0,6.0,6.0
1019,6,6.0,6.0,6.0,4.0
1020,6,4.0,5.0,6.0,5.0
1021,6,3.0,6.0,5.0,4.0
1022,4,6.0,4.0,6.0,6.0
1023,6,0.0,6.0,0.0,5.0
1024,4,4.0,6.0,5.0,5.0
1025,6,6.0,3.0,4.0,6.0
1026,3,6.0,6.0,6.0,4.0
1027,2,6.0,4.0,4.0,6.0
1028,3,3.0,5.0,5.0,6.0
1029,6,4.0,4.0,5.0,0.0
1030,6,3.0,3.0,5.0,5.0
1031,4,4.0,3.0,4.0,6.0
1032,5,3.0,5.0,4.0,5.0
1033,5,5.0,2.0,5.0,5.0
1034,4,6.0,5.0,2.0,5.0
1035,5,6.0,4.0,3.0,5.0
1036,5,6.0,5.0,5.0,5.0
1037,4,4.0,4.0,3.0,5.0
1038,1,6.0,5.0,3.0,4.0
1039,5,2.0,4.0,3.0,6.0
1040,5,6.0,4.0,6.0,5.0
1041,6,5.0,5.0,1.0,5.0
1042,5,4.0,6.0,5.0,4.0
1043,4,5.0,4.0,4.0,6.0
1044,6,6.0,5.0,5.0,5.0
1045,5,4.0,4.0,4.0,6.0
1046,4,5.0,6.0,5.0,5.0
1047,4,2.0,4.0,3.0,4.0
1048,2,4.0,6.0,4.0,4.0
1049,2,5.0,6.0,5.0,6.0
1050,4,0.0,6.0,5.0,5.0
1051,3,5.0,5.0,4.0,6.0
1052,4,6.0,5.0,4.0,6.0
1053,5,3.0,5.0,5.0,6.0
1054,6,4.0,5.0,6.0,5.0
1055,3,5.0,6.0,2.0,1.0
1056,6,2.0,5.0,5.0,6.0
1057,6,3.0,5.0,5.0,3.0
1058,1,3.0,5.0,4.0,4.0
1059,5,6.0,6.0,6.0,5.0
1060,5,1.0,5.0,5.0,3.0
1061,3,5.0,5.0,5.0,6.0
1062,4,4.0,5.0,3.0,0.0
1063,5,6.0,6.0,3.0,5.0
1064,5,6.0,5.0,4.0,4.0
1065,0,6.0,4.0,3.0,6.0
1066,5,6.0,6.0,2.0,5.0
1067,3,6.0,6.0,4.0,4.0
1068,3,4.0,6.0,3.0,5.0
1069,4,5.0,6.0,0.0,4.0
1070,3,6.0,5.0,4.0,5.0
1071,6,5.0,5.0,5.0,2.0
1072,4,1.0,6.0,5.0,3.0
1073,4,6.0,5.0,6.0,3.0
1074,6,6.0,4.0,5.0,5.0
1075,6,4.0,4.0,3.0,5.0
1076,4,5.0,4.0,4.0,6.0
1077,4,4.0,5.0,3.0,5.0
1078,3,4.0,0.0,4.0,5.0
1079,3,6.0,5.0,5.0,4.0
1080,3,5.0,5.0,5.0,5.0
1081,2,6.0,6.0,0.0,5.0
1082,3,5.0,5.0,3.0,5.0
1083,3,4.0,5.0,5.0,2.0
1084,4,6.0,5.0,4.0,5.0
1085,5,5.0,0.0,5.0,5.0
1086,4,5.0,4.0,5.0,4.0
1087,5,3.0,5.0,4.0,0.0
1088,5,3.0,6.0,5.0,6.0
1089,5,0.0,5.0,4.0,3.0
1090,6,1.0,3.0,4.0,4.0
1091,6,3.0,6.0,4.0,5.0
1092,6,5.0,4.0,5.0,5.0
1093,3,5.0,5.0,2.0,6.0
1094,6,4.0,3.0,5.0,5.0
1095,2,3.0,4.0,4.0,5.0
1096,3,6.0,5.0,6.0,5.0
1097,6,5.0,5.0,3.0,6.0
1098,4,3.0,6.0,3.0,5.0
1099,3,3.0,3.0,5.0,5.0
1100,3,0.0,5.0,6.0,2.0
1101,6,4.0,5.0,5.0,3.0
1102,5,5.0,5.0,5.0,3.0
1103,6,4.0,5.0,1.0,5.0
1104,3,4.0,6.0,3.0,3.0
1105,4,4.0,5.0,6.0,5.0
1106,6,5.0,5.0,3.0,2.0
1107,2,3.0,5.0,5.0,5.0
1108,2,6.0,5.0,6.0,3.0
1109,4,5.0,4.0,5.0,6.0
1110,4,5.0,2.0,4.0,5.0
1111,4,5.0,4.0,4.0,5.0
1112,4,4.0,5.0,3.0,5.0
1113,2,5.0,6.0,0.0,6.0
1114,6,4.0,6.0,4.0,5.0
1115,6,6.0,6.0,4.0,3.0
1116,6,6.0,5.0,6.0,4.0
1117,6,3.0,5.0,6.0,3.0
1118,5,3.0,5.0,5.0,5.0
1119,6,6.0,6.0,5.0,5.0
1120,3,3.0,4.0,2.0,5.0
1121,3,5.0,3.0,3.0,4.0
1122,2,4.0,5.0,5.0,0.0
1123,5,4.0,5.0,6.0,4.0
1124,5,4.0,4.0,5.0,3.0
1125,4,6.0,5.0,4.0,2.0
1126,6,4.0,3.0,3.0,5.0
1127,5,5.0,4.0,4.0,6.0
1128,3,5.0,6.0,4.0,3.0
1129,2,4.0,6.0,3.0,5.0
1130,3,4.0,6.0,4.0,4.0
1131,5,5.0,4.0,4.0,6.0
1132,3,4.0,6.0,4.0,5.0
1133,6,6.0,6.0,4.0,4.0
1134,4,3.0,4.0,6.0,2.0
1135,6,6.0,6.0,5.0,3.0
1136,6,3.0,6.0,4.0,5.0
1137,6,5.0,3.0,4.0,4.0
1138,4,4.0,6.0,6.0,6.0
1139,6,5.0,3.0,6.0,5.0
1140,5,4.0,6.0,6.0,6.0
1141,4,5.0,6.0,2.0,4.0
1142,1,6.0,3.0,2.0,3.0
1143,4,4.0,5.0,5.0,4.0
1144,6,4.0,5.0,6.0,5.0
1145,5,0.0,4.0,2.0,4.0
1146,4,3.0,4.0,5.0,5.0
1147,5,6.0,6.0,2.0,3.0
1148,6,3.0,5.0,5.0,5.0
1149,2,5.0,6.0,6.0,5.0
1150,2,6.0,4.0,5.0,6.0
1151,3,4.0,3.0,2.0,6.0
1152,4,6.0,3.0,6.0,4.0
1153,5,5.0,6.0,5.0,4.0
1154,4,6.0,4.0,5.0,5.0
1155,3,4.0,5.0,5.0,5.0
1156,6,0.0,5.0,6.0,3.0
1157,6,6.0,6.0,4.0,3.0
1158,3,6.0,4.0,6.0,2.0
1159,3,5.0,3.0,6.0,5.0
1160,6,3.0,5.0,6.0,4.0
1161,4,3.0,4.0,5.0,0.0
1162,6,6.0,6.0,6.0,6.0
1163,6,4.0,6.0,6.0,5.0
1164,6,5.0,2.0,6.0,6.0
1165,6,3.0,4.0,6.0,5.0
1166,5,6.0,5.0,3.0,5.0
1167,5,5.0,4.0,6.0,6.0
1168,6,2.0,3.0,4.0,5.0
1169,5,6.0,6.0,2.0,5.0
1170,4,2.0,4.0,6.0,5.0
1171,3,6.0,4.0,3.0,6.0
1172,4,6.0,5.0,1.0,5.0
1173,5,6.0,3.0,4.0,6.0
1174,5,4.0,5.0,6.0,4.0
1175,5,6.0,6.0,6.0,4.0
1176,6,2.0,5.0,4.0,4.0
1177,4,3.0,6.0,5.0,5.0
1178,2,2.0,5.0,3.0,5.0
1179,5,4.0,6.0,3.0,3.0
1180,4,6.0,6.0,6.0,4.0
1181,3,6.0,5.0,4.0,5.0
1182,5,6.0,4.0,5.0,5.0
1183,6,6.0,6.0,0.0,5.0
1184,6,4.0,4.0,6.0,5.0
1185,2,6.0,5.0,6.0,5.0
1186,5,0.0,6.0,3.0,5.0
1187,3,6.0,5.0,2.0,3.0
1188,3,4.0,5.0,3.0,6.0
1189,3,6.0,5.0,3.0,5.0
1190,6,3.0,3.0,3.0,5.0
1191,5,4.0,4.0,4.0,0.0
1192,4,5.0,6.0,6.0,5.0
1193,1,3.0,4.0,1.0,6.0
1194,5,6.0,6.0,3.0,4.0
1195,3,5.0,4.0,6.0,3.0
1196,3,6.0,3.0,5.0,4.0
1197,3,5.0,3.0,4.0,4.0
1198,6,0.0,5.0,3.0,2.0
1199,4,6.0,5.0,1.0,4.0
1200,4,4.0,5.0,4.0,4.0
1201,4,4.0,5.0,2.0,4.0
1202,5,2.0,5.0,4.0,6.0
1203,4,5.0,5.0,4.0,6.0
1204,2,4.0,3.0,3.0,3.0
1205,6,6.0,6.0,6.0,2.0
1206,6,5.0,5.0,3.0,5.0
1207,6,6.0,6.0,3.0,3.0
1208,6,5.0,6.0,5.0,2.0
1209,6,5.0,5.0,5.0,5.0
1210,3,5.0,6.0,5.0,4.0
1211,0,4.0,6.0,6.0,5.0
1212,4,5.0,4.0,5.0,6.0
1213,2,4.0,4.0,4.0,2.0
1214,4,4.0,0.0,5.0,6.0
1215,4,5.0,6.0,2.0,5.0
1216,4,6.0,6.0,2.0,3.0
1217,6,6.0,5.0,4.0,4.0
1218,6,0.0,5.0,2.0,6.0
1219,3,5.0,3.0,5.0,4.0
1220,2,6.0,6.0,4.0,4.0
1221,4,4.0,5.0,4.0,5.0
1222,6,3.0,6.0,4.0,3.0
1223,6,3.0,4.0,3.0,4.0
1224,6,5.0,6.0,0.0,5.0
1225,6,5.0,4.0,0.0,4.0
1226,5,4.0,6.0,0.0,3.0
1227,3,5.0,2.0,6.0,4.0
1228,6,5.0,6.0,4.0,5.0
1229,3,2.0,6.0,1.0,5.0
1230,6,4.0,0.0,6.0,5.0
1231,6,6.0,1.0,6.0,5.0
1232,0,5.0,4.0,4.0,5.0
1233,5,6.0,5.0,3.0,5.0
1234,6,6.0,4.0,1.0,4.0
1235,6,5.0,6.0,5.0,4.0
1236,5,5.0,0.0,4.0,1.0
1237,4,2.0,5.0,0.0,6.0
1238,6,5.0,5.0,5.0,3.0
1239,6,5.0,3.0,5.0,4.0
1240,6,5.0,4.0,4.0,5.0
1241,5,4.0,3.0,6.0,5.0
1242,5,6.0,6.0,4.0,5.0
1243,6,5.0,6.0,5.0,4.0
1244,6,6.0,6.0,4.0,3.0
1245,3,6.0,3.0,5.0,2.0
1246,4,5.0,4.0,1.0,4.0
1247,6,5.0,5.0,5.0,6.0
1248,4,6.0,6.0,3.0,5.0
1249,4,6.0,4.0,6.0,4.0
1250,3,4.0,3.0,6.0,4.0
1251,6,2.0,6.0,5.0,6.0
1252,4,5.0,3.0,3.0,3.0
1253,2,5.0,0.0,6.0,5.0
1254,2,4.0,6.0,6.0,5.0
1255,2,6.0,6.0,5.0,4.0
1256,4,3.0,6.0,3.0,3.0
1257,4,6.0,6.0,5.0,4.0
1258,4,3.0,3.0,5.0,5.0
1259,2,5.0,6.0,5.0,4.0
1260,5,4.0,5.0,6.0,5.0
1261,3,6.0,3.0,4.0,5.0
1262,4,5.0,4.0,5.0,5.0
1263,0,5.0,5.0,5.0,3.0
1264,3,6.0,5.0,5.0,0.0
1265,5,2.0,4.0,5.0,3.0
1266,1,5.0,5.0,5.0,4.0
1267,3,4.0,5.0,6.0,1.0
1268,6,6.0,6.0,2.0,5.0
1269,6,3.0,6.0,4.0,3.0
1270,6,3.0,4.0,6.0,4.0
1271,6,5.0,5.0,6.0,1.0
1272,5,5.0,0.0,4.0,4.0
1273,6,5.0,5.0,5.0,6.0
1274,4,0.0,4.0,6.0,6.0
1275,5,6.0,4.0,3.0,4.0
1276,4,6.0,2.0,6.0,6.0
1277,6,0.0,4.0,5.0,6.0
1278,5,3.0,6.0,4.0,6.0
1279,1,6.0,1.0,5.0,4.0
1280,6,3.0,0.0,6.0,3.0
1281,4,6.0,5.0,4.0,6.0
1282,6,0.0,4.0,6.0,5.0
1283,5,6.0,5.0,6.0,5.0
1284,1,5.0,1.0,5.0,1.0
1285,3,4.0,3.0,4.0,5.0
1286,6,2.0,4.0,5.0,4.0
1287,6,6.0,3.0,5.0,6.0
1288,4,6.0,6.0,6.0,4.0
1289,2,3.0,2.0,5.0,5.0
1290,4,4.0,4.0,5.0,4.0
1291,1,5.0,4.0,4.0,5.0
1292,6,4.0,4.0,6.0,6.0
1293,0,4.0,4.0,4.0,4.0
1294,1,3.0,4.0,6.0,6.0
1295,1,3.0,5.0,3.0,5.0
1296,3,4.0,5.0,3.0,4.0
1297,6,5.0,6.0,3.0,4.0
1298,6,6.0,4.0,6.0,3.0
1299,6,6.0,5.0,4.0,1.0
1300,1,5.0,3.0,4.0,6.0
1301,2,3.0,4.0,3.0,4.0
1302,6,6.0,3.0,5.0,5.0
1303,6,2.0,5.0,6.0,5.0
1304,6,6.0,5.0,6.0,6.0
1305,6,6.0,6.0,5.0,4.0
1306,6,4.0,5.0,6.0,6.0
1307,6,3.0,3.0,2.0,6.0
1308,0,6.0,5.0,6.0,0.0
1309,1,4.0,5.0,5.0,6.0
1310,4,4.0,4.0,0.0,5.0
1311,6,4.0,5.0,3.0,6.0
1312,6,1.0,3.0,4.0,6.0
1313,6,6.0,6.0,6.0,5.0
1314,4,6.0,5.0,6.0,5.0
1315,1,5.0,3.0,6.0,5.0
1316,2,6.0,5.0,4.0,4.0
1317,3,6.0,6.0,5.0,5.0
1318,3,6.0,5.0,6.0,4.0
1319,0,2.0,5.0,5.0,3.0
1320,5,6.0,4.0,5.0,5.0
1321,5,5.0,6.0,4.0,1.0
1322,6,3.0,5.0,5.0,4.0
1323,3,4.0,4.0,6.0,3.0
1324,2,2.0,3.0,4.0,5.0
1325,6,5.0,4.0,4.0,5.0
1326,3,5.0,3.0,1.0,5.0
1327,3,5.0,3.0,5.0,6.0
1328,3,4.0,5.0,4.0,6.0
1329,5,4.0,5.0,3.0,5.0
1330,2,6.0,3.0,4.0,5.0
1331,6,3.0,5.0,3.0,6.0
1332,0,1.0,6.0,4.0,4.0
1333,5,4.0,5.0,6.0,6.0
1334,5,5.0,6.0,5.0,4.0
1335,4,3.0,4.0,6.0,6.0
1336,4,4.0,6.0,6.0,4.0
1337,5,5.0,5.0,6.0,4.0
1338,4,4.0,6.0,5.0,4.0
1339,2,6.0,4.0,4.0,4.0
1340,5,3.0,5.0,5.0,4.0
1341,1,3.0,6.0,5.0,6.0
1342,6,1.0,4.0,5.0,1.0
1343,5,6.0,5.0,4.0,4.0
1344,5,4.0,5.0,4.0,6.0
1345,6,1.0,4.0,3.0,5.0
1346,5,5.0,4.0,4.0,0.0
1347,6,2.0,5.0,6.0,4.0
1348,4,5.0,6.0,6.0,6.0
1349,1,1.0,6.0,5.0,5.0
1350,5,6.0,4.0,3.0,3.0
1351,4,0.0,6.0,5.0,6.0
1352,6,4.0,4.0,4.0,5.0
1353,4,5.0,5.0,5.0,6.0
1354,6,5.0,3.0,5.0,5.0
1355,0,6.0,6.0,4.0,5.0
1356,6,3.0,4.0,5.0,5.0
1357,4,6.0,5.0,4.0,5.0
1358,6,6.0,5.0,4.0,3.0
1359,1,5.0,5.0,5.0,4.0
1360,6,2.0,4.0,5.0,1.0
1361,2,6.0,3.0,0.0,4.0
1362,4,4.0,5.0,6.0,6.0
1363,5,4.0,5.0,3.0,5.0
1364,5,3.0,4.0,3.0,6.0
1365,3,0.0,5.0,5.0,3.0
1366,4,4.0,4.0,4.0,1.0
1367,1,4.0,3.0,5.0,6.0
1368,5,6.0,6.0,3.0,3.0
1369,5,4.0,5.0,6.0,4.0
1370,1,2.0,5.0,4.0,5.0
1371,6,6.0,6.0,4.0,4.0
1372,6,6.0,2.0,6.0,2.0
1373,2,0.0,4.0,4.0,5.0
1374,6,4.0,4.0,6.0,6.0
1375,6,4.0,3.0,3.0,4.0
1376,0,6.0,0.0,5.0,4.0
1377,5,5.0,6.0,4.0,5.0
1378,1,4.0,6.0,6.0,5.0
1379,3,6.0,2.0,4.0,1.0
1380,3,6.0,5.0,6.0,6.0
1381,6,4.0,5.0,5.0,4.0
1382,6,4.0,6.0,5.0,6.0
1383,6,6.0,5.0,4.0,6.0
1384,0,3.0,6.0,6.0,5.0
1385,4,4.0,6.0,4.0,5.0
1386,6,4.0,4.0,6.0,2.0
1387,5,5.0,3.0,5.0,3.0
1388,3,6.0,6.0,4.0,0.0
1389,6,4.0,5.0,5.0,6.0
1390,4,4.0,4.0,6.0,4.0
1391,2,6.0,5.0,6.0,4.0
1392,4,4.0,4.0,5.0,3.0
1393,2,6.0,5.0,5.0,5.0
1394,4,5.0,6.0,4.0,5.0
1395,6,3.0,4.0,2.0,6.0
1396,4,4.0,6.0,4.0,3.0
1397,6,6.0,5.0,3.0,0.0
1398,6,6.0,5.0,4.0,4.0
1399,4,6.0,5.0,3.0,6.0
1400,6,5.0,6.0,3.0,5.0
1401,4,4.0,0.0,6.0,5.0
1402,6,6.0,3.0,5.0,6.0
1403,6,1.0,4.0,6.0,4.0
1404,0,6.0,3.0,5.0,3.0
1405,4,4.0,5.0,5.0,3.0
1406,4,0.0,6.0,6.0,3.0
1407,4,6.0,6.0,6.0,6.0
1408,5,4.0,5.0,5.0,4.0
1409,6,3.0,6.0,6.0,4.0
1410,1,4.0,4.0,4.0,6.0
1411,4,4.0,3.0,4.0,5.0
1412,1,3.0,5.0,3.0,6.0
1413,5,5.0,6.0,5.0,5.0
1414,2,6.0,6.0,5.0,6.0
1415,6,4.0,3.0,5.0,6.0
1416,6,4.0,5.0,4.0,3.0
1417,4,4.0,4.0,4.0,3.0
1418,0,5.0,6.0,4.0,3.0
1419,5,4.0,6.0,6.0,5.0
1420,4,0.0,3.0,3.0,3.0
1421,1,0.0,4.0,6.0,6.0
1422,3,6.0,4.0,4.0,4.0
1423,2,4.0,2.0,6.0,2.0
1424,2,3.0,5.0,5.0,6.0
1425,4,6.0,4.0,4.0,4.0
1426,3,5.0,4.0,5.0,3.0
1427,1,0.0,1.0,6.0,3.0
1428,3,3.0,6.0,5.0,6.0
1429,1,4.0,6.0,3.0,5.0
1430,1,4.0,3.0,3.0,5.0
1431,3,4.0,3.0,5.0,6.0
1432,2,1.0,6.0,6.0,6.0
1433,5,6.0,3.0,4.0,3.0
1434,3,5.0,4.0,4.0,3.0
1435,5,5.0,5.0,3.0,3.0
1436,2,3.0,6.0,6.0,3.0
1437,2,4.0,2.0,6.0,3.0
1438,5,6.0,5.0,6.0,2.0
1439,6,6.0,3.0,5.0,3.0
1440,0,2.0,6.0,6.0,3.0
1441,4,1.0,3.0,6.0,5.0
1442,6,4.0,4.0,6.0,6.0
1443,2,1.0,3.0,4.0,5.0
1444,4,4.0,5.0,5.0,4.0
1445,0,6.0,4.0,6.0,1.0
1446,6,6.0,4.0,6.0,3.0
1447,1,4.0,4.0,0.0,2.0
1448,6,5.0,3.0,5.0,5.0
1449,2,1.0,4.0,6.0,1.0
1450,1,5.0,5.0,6.0,5.0
1451,4,4.0,0.0,2.0,4.0
1452,1,3.0,3.0,0.0,4.0
1453,1,1.0,3.0,0.0,5.0
1454,4,3.0,2.0,5.0,3.0
1455,3,3.0,3.0,2.0,6.0
1456,1,4.0,4.0,6.0,3.0
1457,6,3.0,5.0,4.0,4.0
1458,4,4.0,5.0,6.0,4.0
1459,1,5.0,3.0,5.0,3.0
1460,1,6.0,5.0,5.0,6.0
1461,3,3.0,3.0,6.0,5.0
1462,2,3.0,4.0,0.0,3.0
1463,3,6.0,5.0,1.0,4.0
1464,3,2.0,4.0,6.0,6.0
1465,1,3.0,6.0,4.0,6.0
1466,1,2.0,5.0,5.0,5.0
1467,5,5.0,5.0,4.0,0.0
1468,6,3.0,4.0,4.0,6.0
1469,6,5.0,5.0,5.0,4.0
1470,6,6.0,4.0,5.0,5.0
1471,6,4.0,4.0,6.0,3.0
1472,4,5.0,6.0,4.0,5.0
1473,3,4.0,6.0,5.0,4.0
1474,5,4.0,3.0,6.0,4.0
1475,3,6.0,4.0,6.0,4.0
1476,4,4.0,3.0,4.0,4.0
1477,6,6.0,3.0,4.0,4.0
1478,4,6.0,6.0,5.0,6.0
1479,3,3.0,0.0,0.0,4.0
1480,4,3.0,5.0,6.0,5.0
1481,6,3.0,6.0,6.0,5.0
1482,4,4.0,6.0,5.0,3.0
1483,4,5.0,5.0,1.0,2.0
1484,4,5.0,6.0,0.0,3.0
1485,6,5.0,6.0,3.0,5.0
1486,5,3.0,6.0,6.0,0.0
1487,4,4.0,5.0,0.0,4.0
1488,5,4.0,4.0,6.0,6.0
1489,6,4.0,6.0,6.0,6.0
1490,4,4.0,4.0,6.0,5.0
1491,1,6.0,4.0,5.0,5.0
1492,6,6.0,4.0,6.0,4.0
1493,2,3.0,6.0,6.0,3.0
1494,5,4.0,3.0,2.0,5.0
1495,6,2.0,4.0,6.0,3.0
1496,2,5.0,0.0,5.0,3.0
1497,3,5.0,5.0,5.0,4.0
1498,5,3.0,1.0,5.0,6.0
1499,4,2.0,1.0,3.0,6.0
1500,5,5.0,6.0,4.0,6.0
1501,5,5.0,2.0,5.0,4.0
1502,6,5.0,4.0,6.0,0.0
1503,1,3.0,4.0,6.0,5.0
1504,4,3.0,6.0,6.0,4.0
1505,6,3.0,4.0,4.0,4.0
1506,3,2.0,6.0,5.0,6.0
1507,5,3.0,5.0,3.0,1.0
1508,5,4.0,3.0,6.0,0.0
1509,2,5.0,6.0,4.0,4.0
1510,4,5.0,5.0,5.0,3.0
1511,6,1.0,5.0,6.0,5.0
1512,6,3.0,6.0,6.0,6.0
1513,4,0.0,1.0,6.0,5.0
1514,3,3.0,3.0,4.0,5.0
1515,4,5.0,4.0,5.0,6.0
1516,6,3.0,5.0,4.0,6.0
1517,5,6.0,5.0,6.0,3.0
1518,6,3.0,4.0,5.0,6.0
1519,4,4.0,6.0,6.0,4.0
1520,4,5.0,0.0,4.0,5.0
1521,3,3.0,3.0,1.0,4.0
1522,4,2.0,4.0,6.0,4.0
1523,6,0.0,4.0,5.0,2.0
1524,6,4.0,4.0,3.0,6.0
1525,2,6.0,2.0,6.0,6.0
1526,5,5.0,4.0,5.0,5.0
1527,5,2.0,3.0,3.0,4.0
1528,4,4.0,5.0,5.0,3.0
1529,6,6.0,5.0,5.0,5.0
1530,5,5.0,5.0,5.0,1.0
1531,6,4.0,6.0,6.0,3.0
1532,5,3.0,6.0,5.0,6.0
1533,4,6.0,6.0,6.0,4.0
1534,3,4.0,4.0,6.0,6.0
1535,6,4.0,6.0,4.0,6.0
1536,5,5.0,3.0,4.0,4.0
1537,6,6.0,4.0,6.0,5.0
1538,6,2.0,5.0,5.0,0.0
1539,5,5.0,6.0,6.0,4.0
1540,4,5.0,3.0,6.0,5.0
1541,5,5.0,4.0,3.0,5.0
1542,6,5.0,6.0,5.0,3.0
1543,4,4.0,4.0,5.0,6.0
1544,5,5.0,5.0,6.0,2.0
1545,1,2.0,3.0,6.0,3.0
1546,6,4.0,6.0,6.0,6.0
1547,6,4.0,5.0,0.0,4.0
1548,0,1.0,5.0,6.0,4.0
1549,1,6.0,5.0,4.0,5.0
1550,6,5.0,6.0,5.0,0.0
1551,6,3.0,6.0,6.0,5.0
1552,6,2.0,4.0,1.0,4.0
1553,4,5.0,6.0,4.0,5.0
1554,6,5.0,5.0,4.0,6.0
1555,3,5.0,5.0,4.0,3.0
1556,4,2.0,6.0,3.0,5.0
1557,4,6.0,6.0,6.0,6.0
1558,3,3.0,6.0,6.0,4.0
1559,4,6.0,3.0,3.0,6.0
1560,4,6.0,3.0,5.0,4.0
1561,0,3.0,3.0,4.0,5.0
1562,6,6.0,4.0,5.0,4.0
1563,6,5.0,5.0,6.0,5.0
1564,6,5.0,5.0,2.0,2.0
1565,4,0.0,3.0,6.0,5.0
1566,0,5.0,5.0,2.0,4.0
1567,0,5.0,6.0,6.0,3.0
1568,1,4.0,4.0,3.0,4.0
1569,6,5.0,3.0,6.0,6.0
1570,6,3.0,5.0,4.0,4.0
1571,4,4.0,6.0,6.0,3.0
1572,5,5.0,5.0,6.0,3.0
1573,2,0.0,4.0,4.0,4.0
1574,1,2.0,3.0,0.0,6.0
1575,6,4.0,6.0,5.0,3.0
1576,6,5.0,3.0,5.0,5.0
1577,5,3.0,0.0,0.0,3.0
1578,6,6.0,5.0,5.0,6.0
1579,4,5.0,5.0,4.0,5.0
1580,2,0.0,4.0,1.0,5.0
1581,1,0.0,3.0,5.0,4.0
1582,4,2.0,6.0,6.0,4.0
1583,2,6.0,6.0,4.0,6.0
1584,0,4.0,4.0,6.0,6.0
1585,6,5.0,5.0,1.0,5.0
1586,4,5.0,4.0,6.0,2.0
1587,4,6.0,6.0,4.0,4.0
1588,4,6.0,4.0,6.0,3.0
1589,5,6.0,6.0,4.0,4.0
1590,5,4.0,4.0,1.0,5.0
1591,2,4.0,5.0,2.0,1.0
1592,6,5.0,3.0,6.0,3.0
1593,4,6.0,6.0,0.0,4.0
1594,2,5.0,6.0,5.0,6.0
1595,6,4.0,5.0,4.0,4.0
1596,3,3.0,5.0,5.0,5.0
1597,3,0.0,6.0,6.0,5.0
1598,0,6.0,6.0,0.0,6.0
1599,4,1.0,5.0,5.0,6.0
1600,6,5.0,6.0,1.0,2.0
1601,6,6.0,6.0,6.0,3.0
1602,6,5.0,5.0,4.0,4.0
1603,3,6.0,6.0,5.0,3.0
1604,5,5.0,4.0,4.0,6.0
1605,2,6.0,5.0,2.0,5.0
1606,6,5.0,6.0,5.0,5.0
1607,5,4.0,6.0,3.0,3.0
1608,6,4.0,6.0,6.0,6.0
1609,5,6.0,6.0,6.0,5.0
1610,6,5.0,6.0,6.0,6.0
1611,5,4.0,6.0,4.0,4.0
1612,3,5.0,5.0,4.0,4.0
1613,5,4.0,6.0,4.0,5.0
1614,6,2.0,4.0,5.0,3.0
1615,4,2.0,4.0,4.0,4.0
1616,4,3.0,6.0,6.0,4.0
1617,3,6.0,4.0,0.0,6.0
1618,6,1.0,5.0,6.0,5.0
1619,4,4.0,5.0,4.0,5.0
1620,0,4.0,1.0,2.0,4.0
1621,4,5.0,5.0,3.0,4.0
1622,6,6.0,2.0,5.0,0.0
1623,2,4.0,6.0,3.0,4.0
1624,6,4.0,2.0,6.0,4.0
1625,3,4.0,3.0,3.0,6.0
1626,4,5.0,2.0,2.0,5.0
1627,1,6.0,3.0,5.0,5.0
1628,3,4.0,1.0,3.0,6.0
1629,6,3.0,6.0,3.0,6.0
1630,3,5.0,6.0,3.0,2.0
1631,3,4.0,5.0,1.0,6.0
1632,1,2.0,6.0,4.0,4.0
1633,5,6.0,5.0,3.0,2.0
1634,6,6.0,6.0,5.0,3.0
1635,6,4.0,2.0,5.0,4.0
1636,3,6.0,1.0,5.0,3.0
1637,6,3.0,5.0,5.0,3.0
1638,6,6.0,6.0,4.0,5.0
1639,6,5.0,4.0,0.0,4.0
1640,5,5.0,6.0,2.0,4.0
1641,1,3.0,5.0,5.0,6.0
1642,4,6.0,5.0,0.0,0.0
1643,4,3.0,6.0,5.0,4.0
1644,6,6.0,5.0,5.0,5.0
1645,1,4.0,6.0,3.0,3.0
1646,5,5.0,4.0,5.0,4.0
1647,5,4.0,5.0,5.0,5.0
1648,4,5.0,4.0,4.0,5.0
1649,6,4.0,6.0,5.0,3.0
1650,5,6.0,4.0,4.0,3.0
1651,6,5.0,6.0,6.0,4.0
1652,5,4.0,6.0,6.0,5.0
1653,1,6.0,3.0,4.0,4.0
1654,5,4.0,4.0,5.0,5.0
1655,6,4.0,6.0,5.0,4.0
1656,2,3.0,6.0,5.0,6.0
1657,6,5.0,4.0,5.0,5.0
1658,6,2.0,0.0,4.0,6.0
1659,4,6.0,4.0,5.0,4.0
1660,1,5.0,4.0,5.0,4.0
1661,6,6.0,5.0,5.0,4.0
1662,3,5.0,6.0,6.0,4.0
1663,4,6.0,5.0,5.0,4.0
1664,3,5.0,5.0,5.0,4.0
1665,0,4.0,6.0,5.0,6.0
1666,4,6.0,3.0,5.0,4.0
1667,4,5.0,0.0,5.0,5.0
1668,6,5.0,6.0,5.0,2.0
1669,6,4.0,6.0,5.0,3.0
1670,0,4.0,5.0,5.0,2.0
1671,5,1.0,6.0,5.0,6.0
1672,2,3.0,3.0,5.0,5.0
1673,4,1.0,5.0,4.0,4.0
1674,6,4.0,6.0,5.0,5.0
1675,6,1.0,6.0,6.0,6.0
1676,1,5.0,6.0,5.0,0.0
1677,6,4.0,4.0,4.0,6.0
1678,5,0.0,0.0,5.0,2.0
1679,6,5.0,1.0,5.0,2.0
1680,6,3.0,4.0,4.0,2.0
1681,3,4.0,5.0,6.0,6.0
1682,5,6.0,3.0,2.0,6.0
1683,0,4.0,6.0,4.0,5.0
1684,6,3.0,5.0,5.0,4.0
1685,6,4.0,5.0,4.0,5.0
1686,6,4.0,5.0,5.0,6.0
1687,4,5.0,2.0,5.0,4.0
1688,6,4.0,6.0,4.0,0.0
1689,6,3.0,6.0,5.0,6.0
1690,0,3.0,5.0,5.0,4.0
1691,0,5.0,4.0,6.0,3.0
1692,3,5.0,4.0,5.0,6.0
1693,0,3.0,3.0,5.0,5.0
1694,6,5.0,5.0,5.0,6.0
1695,6,3.0,6.0,3.0,4.0
1696,4,4.0,3.0,5.0,2.0
1697,6,6.0,5.0,2.0,5.0
1698,6,0.0,6.0,3.0,4.0
1699,6,5.0,4.0,4.0,5.0
1700,6,4.0,5.0,6.0,4.0
1701,5,5.0,1.0,5.0,6.0
1702,6,6.0,6.0,6.0,6.0
1703,6,4.0,3.0,4.0,4.0
1704,3,5.0,6.0,5.0,0.0
1705,6,1.0,1.0,3.0,5.0
1706,6,3.0,4.0,4.0,5.0
1707,6,5.0,5.0,5.0,4.0
1708,6,4.0,5.0,5.0,6.0
1709,6,5.0,6.0,5.0,6.0
1710,2,6.0,5.0,0.0,5.0
1711,6,5.0,6.0,5.0,4.0
1712,6,3.0,5.0,4.0,6.0
1713,4,5.0,1.0,5.0,5.0
1714,4,4.0,4.0,5.0,5.0
1715,3,6.0,5.0,4.0,2.0
1716,6,5.0,5.0,5.0,4.0
1717,6,4.0,5.0,5.0,5.0
1718,3,6.0,4.0,3.0,5.0
1719,6,6.0,6.0,6.0,3.0
1720,6,0.0,5.0,1.0,2.0
1721,6,1.0,6.0,5.0,5.0
1722,5,5.0,3.0,4.0,3.0
1723,6,5.0,0.0,6.0,5.0
1724,6,6.0,6.0,3.0,2.0
1725,5,5.0,5.0,5.0,3.0
1726,4,6.0,3.0,5.0,6.0
1727,5,0.0,4.0,5.0,5.0
1728,5,5.0,6.0,5.0,5.0
1729,5,3.0,5.0,5.0,6.0
1730,3,5.0,2.0,4.0,6.0
1731,2,1.0,6.0,3.0,5.0
1732,3,6.0,3.0,6.0,4.0
1733,4,6.0,5.0,5.0,6.0
1734,3,4.0,6.0,5.0,3.0
1735,5,4.0,5.0,5.0,4.0
1736,6,5.0,6.0,5.0,6.0
1737,6,5.0,6.0,5.0,6.0
1738,5,6.0,4.0,4.0,4.0
1739,6,6.0,5.0,1.0,3.0
1740,5,4.0,6.0,6.0,5.0
1741,5,3.0,5.0,5.0,5.0
1742,6,4.0,3.0,5.0,4.0
1743,6,6.0,0.0,4.0,4.0
1744,1,6.0,4.0,5.0,4.0
1745,6,6.0,5.0,6.0,4.0
1746,6,5.0,6.0,6.0,5.0
1747,6,5.0,4.0,5.0,5.0
1748,2,6.0,6.0,6.0,6.0
1749,6,6.0,3.0,5.0,4.0
1750,3,6.0,2.0,5.0,6.0
1751,5,4.0,5.0,5.0,6.0
1752,3,4.0,4.0,6.0,4.0
1753,6,5.0,4.0,4.0,3.0
1754,6,5.0,6.0,3.0,4.0
1755,2,6.0,5.0,4.0,6.0
1756,5,5.0,2.0,4.0,5.0
1757,4,5.0,4.0,4.0,1.0
1758,5,5.0,3.0,5.0,0.0
1759,3,4.0,6.0,5.0,5.0
1760,4,0.0,5.0,4.0,5.0
1761,4,6.0,5.0,5.0,4.0
1762,6,6.0,5.0,5.0,5.0
1763,6,6.0,5.0,4.0,4.0
1764,4,3.0,5.0,5.0,6.0
1765,3,4.0,4.0,5.0,4.0
1766,6,6.0,6.0,4.0,6.0
1767,2,5.0,4.0,3.0,6.0
1768,5,3.0,6.0,2.0,4.0
1769,2,6.0,3.0,3.0,4.0
1770,1,2.0,4.0,6.0,4.0
1771,5,5.0,3.0,4.0,4.0
1772,6,5.0,6.0,5.0,4.0
1773,6,4.0,6.0,5.0,5.0
1774,3,5.0,4.0,5.0,4.0
1775,4,6.0,3.0,4.0,4.0
1776,6,6.0,6.0,3.0,5.0
1777,3,5.0,0.0,3.0,5.0
1778,0,6.0,5.0,5.0,5.0
1779,6,3.0,5.0,4.0,6.0
1780,6,6.0,4.0,5.0,5.0
1781,2,5.0,5.0,4.0,5.0
1782,2,6.0,5.0,4.0,4.0
1783,3,5.0,5.0,6.0,5.0
1784,4,4.0,5.0,5.0,5.0
1785,5,6.0,1.0,4.0,6.0
1786,3,6.0,3.0,2.0,5.0
1787,6,6.0,4.0,5.0,1.0
1788,6,5.0,5.0,6.0,3.0
1789,3,6.0,4.0,3.0,4.0
1790,4,6.0,1.0,5.0,0.0
1791,4,5.0,5.0,5.0,5.0
1792,3,5.0,3.0,4.0,5.0
1793,6,4.0,3.0,4.0,3.0
1794,4,5.0,1.0,5.0,4.0
1795,6,4.0,4.0,3.0,5.0
1796,4,6.0,4.0,5.0,5.0
1797,6,6.0,3.0,6.0,6.0
1798,0,0.0,5.0,3.0,5.0
1799,6,5.0,5.0,5.0,5.0
1800,5,6.0,3.0,4.0,5.0
1801,5,4.0,2.0,5.0,4.0
1802,4,4.0,5.0,5.0,5.0
1803,4,5.0,4.0,5.0,6.0
1804,4,2.0,6.0,5.0,2.0
1805,1,6.0,5.0,4.0,6.0
1806,5,6.0,4.0,4.0,4.0
1807,5,6.0,4.0,4.0,0.0
1808,5,6.0,6.0,4.0,5.0
1809,1,3.0,4.0,5.0,5.0
1810,6,4.0,2.0,4.0,5.0
1811,6,4.0,5.0,5.0,5.0
1812,3,5.0,5.0,4.0,6.0
1813,6,6.0,2.0,5.0,1.0
1814,3,6.0,5.0,4.0,4.0
1815,0,6.0,5.0,5.0,5.0
1816,6,4.0,5.0,5.0,3.0
1817,4,5.0,2.0,5.0,4.0
1818,5,4.0,3.0,5.0,5.0
1819,6,4.0,6.0,5.0,5.0
1820,5,0.0,6.0,5.0,4.0
1821,4,6.0,3.0,5.0,4.0
1822,6,6.0,6.0,5.0,5.0
1823,4,6.0,5.0,5.0,3.0
1824,6,6.0,5.0,6.0,5.0
1825,6,6.0,5.0,4.0,4.0
1826,1,6.0,1.0,5.0,5.0
1827,6,5.0,3.0,3.0,2.0
1828,6,6.0,2.0,5.0,6.0
1829,3,4.0,6.0,5.0,3.0
1830,4,6.0,5.0,6.0,5.0
1831,3,5.0,6.0,6.0,6.0
1832,4,6.0,6.0,5.0,5.0
1833,6,6.0,6.0,5.0,2.0
1834,4,5.0,3.0,5.0,5.0
1835,0,5.0,5.0,5.0,5.0
1836,5,6.0,4.0,5.0,1.0
1837,5,4.0,4.0,4.0,5.0
1838,6,4.0,5.0,3.0,0.0
1839,2,4.0,5.0,4.0,6.0
1840,3,6.0,6.0,4.0,5.0
1841,4,4.0,5.0,6.0,0.0
1842,1,3.0,5.0,5.0,3.0
1843,0,4.0,5.0,5.0,5.0
1844,6,6.0,5.0,5.0,3.0
1845,6,0.0,6.0,3.0,5.0
1846,4,4.0,4.0,5.0,3.0
1847,6,5.0,5.0,5.0,6.0
1848,5,4.0,6.0,5.0,6.0
1849,5,5.0,5.0,5.0,6.0
1850,1,6.0,5.0,6.0,3.0
1851,5,6.0,4.0,6.0,3.0
1852,2,6.0,6.0,5.0,4.0
1853,6,6.0,1.0,5.0,4.0
1854,0,5.0,4.0,5.0,5.0
1855,6,4.0,4.0,4.0,6.0
1856,5,5.0,3.0,6.0,6.0
1857,6,5.0,5.0,5.0,5.0
1858,4,6.0,3.0,5.0,5.0
1859,6,5.0,4.0,5.0,5.0
1860,6,4.0,5.0,3.0,4.0
1861,6,5.0,4.0,4.0,6.0
1862,6,3.0,4.0,2.0,5.0
1863,6,4.0,5.0,5.0,4.0
1864,6,5.0,0.0,6.0,3.0
1865,4,5.0,5.0,5.0,4.0
1866,5,5.0,0.0,2.0,5.0
1867,5,5.0,5.0,6.0,3.0
1868,4,5.0,4.0,4.0,3.0
1869,6,3.0,4.0,5.0,4.0
1870,6,6.0,0.0,5.0,6.0
1871,6,4.0,5.0,4.0,6.0
1872,4,4.0,5.0,4.0,5.0
1873,3,5.0,3.0,6.0,6.0
1874,6,3.0,5.0,6.0,5.0
1875,6,6.0,0.0,4.0,5.0
1876,5,5.0,4.0,5.0,5.0
1877,5,4.0,3.0,5.0,3.0
1878,5,6.0,6.0,5.0,6.0
1879,5,2.0,6.0,3.0,4.0
1880,3,1.0,3.0,5.0,5.0
1881,5,5.0,6.0,6.0,5.0
1882,6,5.0,6.0,5.0,4.0
1883,4,4.0,4.0,4.0,6.0
1884,6,1.0,4.0,3.0,6.0
1885,3,5.0,5.0,5.0,5.0
1886,5,4.0,5.0,5.0,6.0
1887,4,6.0,5.0,4.0,3.0
1888,5,6.0,6.0,6.0,5.0
1889,0,5.0,5.0,6.0,2.0
1890,4,5.0,5.0,5.0,3.0
1891,6,4.0,3.0,6.0,4.0
1892,6,4.0,4.0,4.0,0.0
1893,5,6.0,6.0,4.0,5.0
1894,5,4.0,5.0,6.0,6.0
1895,4,6.0,5.0,2.0,4.0
1896,5,6.0,4.0,5.0,4.0
1897,6,3.0,5.0,5.0,5.0
1898,6,5.0,4.0,5.0,3.0
1899,0,3.0,5.0,6.0,3.0
1900,6,4.0,4.0,4.0,5.0
1901,5,1.0,3.0,5.0,4.0
1902,4,4.0,5.0,5.0,5.0
1903,5,1.0,3.0,6.0,6.0
1904,4,4.0,5.0,4.0,5.0
1905,5,3.0,3.0,4.0,4.0
1906,6,6.0,6.0,2.0,5.0
1907,4,5.0,4.0,4.0,2.0
1908,6,3.0,6.0,4.0,3.0
1909,6,6.0,4.0,5.0,5.0
1910,4,6.0,6.0,5.0,4.0
1911,5,5.0,6.0,6.0,4.0
1912,6,6.0,4.0,6.0,4.0
1913,6,5.0,5.0,4.0,5.0
1914,4,6.0,4.0,6.0,4.0
1915,4,2.0,3.0,5.0,5.0
1916,3,3.0,5.0,4.0,5.0
1917,5,0.0,5.0,5.0,6.0
1918,6,4.0,4.0,6.0,0.0
1919,0,6.0,3.0,5.0,5.0
1920,6,4.0,6.0,5.0,4.0
1921,6,5.0,5.0,5.0,6.0
1922,6,5.0,5.0,4.0,6.0
1923,3,0.0,3.0,3.0,5.0
1924,6,2.0,3.0,5.0,4.0
1925,6,5.0,5.0,5.0,0.0
1926,6,3.0,5.0,5.0,6.0
1927,0,0.0,6.0,5.0,3.0
1928,6,5.0,5.0,5.0,4.0
1929,1,4.0,5.0,5.0,3.0
1930,2,6.0,2.0,5.0,6.0
1931,6,5.0,5.0,5.0,4.0
1932,6,6.0,5.0,5.0,4.0
1933,6,6.0,1.0,6.0,5.0
1934,6,3.0,4.0,2.0,0.0
1935,6,3.0,5.0,0.0,4.0
1936,6,4.0,4.0,6.0,5.0
1937,6,0.0,6.0,6.0,6.0
1938,5,4.0,6.0,4.0,4.0
1939,6,3.0,6.0,4.0,6.0
1940,4,5.0,4.0,3.0,6.0
1941,4,5.0,3.0,3.0,3.0
1942,6,6.0,6.0,4.0,5.0
1943,5,1.0,6.0,4.0,4.0
1944,6,4.0,6.0,4.0,4.0
1945,6,6.0,5.0,4.0,4.0
1946,6,1.0,3.0,3.0,5.0
1947,3,3.0,4.0,4.0,6.0
1948,1,6.0,6.0,6.0,3.0
1949,2,6.0,6.0,3.0,5.0
1950,6,3.0,5.0,4.0,4.0
1951,3,3.0,1.0,5.0,4.0
1952,0,4.0,5.0,4.0,3.0
1953,6,2.0,6.0,4.0,3.0
1954,6,1.0,5.0,6.0,6.0
1955,3,2.0,4.0,5.0,5.0
1956,4,2.0,5.0,4.0,5.0
1957,6,5.0,4.0,2.0,3.0
1958,6,5.0,4.0,1.0,5.0
1959,6,2.0,6.0,3.0,4.0
1960,4,4.0,3.0,3.0,3.0
1961,4,6.0,4.0,4.0,5.0
1962,6,5.0,6.0,6.0,3.0
1963,6,6.0,4.0,0.0,6.0
1964,3,5.0,3.0,4.0,5.0
1965,0,6.0,3.0,6.0,4.0
1966,1,3.0,2.0,4.0,0.0
1967,6,3.0,6.0,5.0,1.0
1968,6,4.0,6.0,4.0,5.0
1969,4,3.0,4.0,3.0,5.0
1970,4,4.0,1.0,5.0,6.0
1971,4,6.0,1.0,5.0,4.0
1972,5,4.0,2.0,4.0,5.0
1973,4,5.0,0.0,1.0,6.0
1974,1,3.0,5.0,5.0,3.0
1975,5,6.0,4.0,5.0,6.0
1976,2,4.0,4.0,5.0,4.0
1977,6,6.0,4.0,4.0,4.0
1978,5,3.0,2.0,0.0,5.0
1979,1,6.0,6.0,5.0,3.0
1980,4,6.0,1.0,5.0,5.0
1981,6,4.0,5.0,4.0,4.0
1982,3,4.0,6.0,6.0,5.0
1983,3,6.0,2.0,5.0,5.0
1984,3,6.0,6.0,5.0,3.0
1985,0,6.0,3.0,1.0,5.0
1986,4,5.0,4.0,5.0,4.0
1987,4,5.0,6.0,6.0,5.0
1988,5,6.0,4.0,5.0,5.0
1989,4,4.0,5.0,5.0,5.0
1990,6,6.0,6.0,1.0,4.0
1991,4,5.0,5.0,4.0,6.0
1992,5,3.0,3.0,2.0,6.0
1993,5,0.0,5.0,3.0,4.0
1994,5,6.0,5.0,5.0,5.0
1995,5,6.0,6.0,5.0,5.0
1996,6,5.0,2.0,3.0,5.0
1997,4,5.0,6.0,4.0,1.0
1998,4,6.0,3.0,5.0,5.0
1999,4,3.0,6.0,4.0,4.0
2000,6,6.0,6.0,5.0,3.0
2001,4,5.0,5.0,3.0,5.0
2002,6,4.0,3.0,4.0,4.0
2003,6,3.0,4.0,6.0,4.0
2004,3,5.0,1.0,5.0,6.0
2005,1,1.0,2.0,6.0,5.0
2006,2,6.0,6.0,6.0,4.0
2007,4,6.0,3.0,5.0,4.0
2008,6,4.0,6.0,4.0,4.0
2009,6,3.0,3.0,6.0,6.0
2010,0,3.0,3.0,5.0,5.0
2011,1,2.0,6.0,6.0,6.0
2012,6,5.0,6.0,5.0,4.0
2013,1,3.0,5.0,3.0,0.0
2014,2,6.0,6.0,6.0,3.0
2015,5,2.0,1.0,2.0,2.0
2016,5,4.0,6.0,1.0,2.0
2017,5,4.0,5.0,5.0,5.0
2018,6,4.0,6.0,5.0,4.0
2019,2,5.0,4.0,5.0,5.0
2020,4,2.0,5.0,4.0,5.0
2021,6,0.0,5.0,5.0,4.0
2022,5,2.0,4.0,6.0,2.0
2023,6,5.0,6.0,5.0,6.0
2024,6,5.0,6.0,5.0,4.0
2025,5,5.0,4.0,4.0,6.0
2026,5,1.0,6.0,6.0,6.0
2027,6,6.0,6.0,5.0,6.0
2028,4,0.0,0.0,3.0,6.0
2029,2,6.0,6.0,5.0,4.0
2030,3,1.0,0.0,5.0,6.0
2031,2,2.0,4.0,4.0,3.0
2032,3,6.0,6.0,5.0,5.0
2033,6,3.0,6.0,6.0,5.0
2034,0,5.0,6.0,3.0,4.0
2035,5,0.0,6.0,4.0,3.0
2036,6,4.0,4.0,4.0,3.0
2037,6,5.0,6.0,5.0,6.0
2038,4,4.0,5.0,4.0,6.0
2039,4,6.0,5.0,4.0,2.0
2040,4,3.0,4.0,4.0,3.0
2041,5,3.0,6.0,4.0,4.0
2042,6,4.0,4.0,5.0,5.0
2043,4,6.0,6.0,6.0,0.0
2044,4,4.0,6.0,4.0,5.0
2045,5,4.0,4.0,5.0,3.0
2046,4,3.0,3.0,4.0,5.0
2047,3,5.0,6.0,6.0,5.0
2048,3,5.0,5.0,6.0,5.0
2049,4,5.0,5.0,3.0,2.0
2050,6,5.0,4.0,4.0,5.0
2051,5,6.0,5.0,0.0,6.0
2052,5,6.0,1.0,2.0,6.0
2053,4,5.0,6.0,5.0,5.0
2054,5,6.0,4.0,5.0,6.0
2055,4,5.0,6.0,4.0,6.0
2056,2,6.0,6.0,5.0,5.0
2057,6,6.0,6.0,3.0,5.0
2058,6,5.0,2.0,4.0,0.0
2059,6,0.0,4.0,3.0,6.0
2060,6,6.0,3.0,3.0,5.0
2061,5,4.0,5.0,4.0,6.0
2062,4,4.0,4.0,2.0,5.0
2063,5,6.0,6.0,2.0,4.0
2064,4,5.0,4.0,6.0,5.0
2065,6,0.0,5.0,3.0,3.0
2066,3,5.0,4.0,4.0,5.0
2067,6,6.0,4.0,4.0,4.0
2068,6,5.0,0.0,5.0,5.0
2069,0,5.0,4.0,4.0,5.0
2070,5,1.0,3.0,3.0,5.0
2071,5,6.0,5.0,3.0,4.0
2072,5,5.0,5.0,5.0,4.0
2073,6,6.0,4.0,5.0,4.0
2074,5,6.0,5.0,6.0,4.0
2075,6,6.0,6.0,5.0,6.0
2076,4,5.0,5.0,4.0,6.0
2077,1,5.0,6.0,4.0,6.0
2078,2,5.0,5.0,3.0,6.0
2079,5,4.0,6.0,5.0,6.0
2080,6,4.0,6.0,6.0,6.0
2081,6,5.0,5.0,4.0,3.0
2082,5,6.0,4.0,4.0,6.0
2083,6,2.0,0.0,3.0,5.0
2084,6,5.0,3.0,3.0,5.0
2085,5,5.0,4.0,4.0,5.0
2086,4,4.0,6.0,2.0,3.0
2087,6,4.0,6.0,5.0,4.0
2088,4,0.0,6.0,6.0,2.0
2089,3,6.0,3.0,5.0,5.0
2090,6,6.0,3.0,4.0,0.0
2091,4,6.0,6.0,4.0,3.0
2092,4,4.0,5.0,3.0,4.0
2093,4,4.0,5.0,6.0,3.0
2094,3,1.0,5.0,5.0,5.0
2095,6,5.0,6.0,5.0,3.0
2096,4,3.0,4.0,4.0,4.0
2097,5,5.0,5.0,4.0,5.0
2098,6,6.0,5.0,5.0,3.0
2099,3,4.0,3.0,4.0,5.0
2100,3,4.0,6.0,4.0,4.0
2101,2,5.0,3.0,6.0,2.0
2102,4,6.0,4.0,4.0,4.0
2103,5,4.0,3.0,6.0,6.0
2104,6,0.0,5.0,4.0,5.0
2105,6,5.0,4.0,3.0,4.0
2106,6,3.0,6.0,2.0,3.0
2107,6,2.0,3.0,5.0,4.0
2108,6,6.0,5.0,4.0,5.0
2109,6,6.0,6.0,5.0,0.0
2110,3,3.0,6.0,4.0,2.0
2111,3,4.0,4.0,6.0,5.0
2112,6,3.0,6.0,5.0,5.0
2113,3,4.0,6.0,5.0,4.0
2114,6,6.0,5.0,5.0,4.0
2115,5,5.0,3.0,4.0,6.0
2116,2,5.0,4.0,5.0,4.0
2117,6,5.0,3.0,4.0,5.0
2118,6,6.0,0.0,5.0,4.0
2119,5,1.0,5.0,5.0,4.0
2120,4,4.0,5.0,5.0,4.0
2121,5,1.0,6.0,3.0,6.0
2122,5,4.0,5.0,4.0,6.0
2123,5,4.0,6.0,3.0,5.0
2124,4,6.0,6.0,5.0,6.0
2125,4,4.0,6.0,5.0,5.0
2126,6,6.0,4.0,6.0,2.0
2127,5,5.0,5.0,6.0,4.0
2128,3,3.0,6.0,5.0,3.0
2129,0,5.0,4.0,5.0,2.0
2130,5,0.0,5.0,5.0,6.0
2131,2,1.0,5.0,0.0,5.0
2132,6,5.0,6.0,5.0,4.0
2133,5,5.0,4.0,6.0,4.0
2134,4,5.0,5.0,5.0,6.0
2135,6,6.0,4.0,3.0,5.0
2136,5,5.0,2.0,5.0,5.0
2137,6,6.0,4.0,5.0,5.0
2138,2,5.0,3.0,1.0,6.0
2139,2,1.0,4.0,6.0,3.0
2140,6,6.0,4.0,2.0,4.0
2141,0,6.0,4.0,5.0,3.0
2142,1,5.0,5.0,4.0,6.0
2143,2,1.0,6.0,5.0,6.0
2144,6,4.0,1.0,5.0,5.0
2145,5,3.0,4.0,4.0,5.0
2146,1,6.0,6.0,1.0,2.0
2147,6,5.0,6.0,5.0,6.0
2148,3,6.0,6.0,4.0,6.0
2149,2,4.0,4.0,5.0,6.0
2150,2,5.0,6.0,6.0,6.0
2151,6,5.0,5.0,4.0,3.0
2152,5,4.0,3.0,4.0,4.0
2153,5,5.0,4.0,4.0,4.0
2154,5,6.0,6.0,3.0,6.0
2155,5,5.0,4.0,6.0,1.0
2156,4,6.0,2.0,5.0,3.0
2157,5,6.0,4.0,5.0,5.0
2158,6,5.0,6.0,5.0,5.0
2159,1,4.0,6.0,5.0,6.0
2160,4,6.0,5.0,5.0,4.0
2161,0,2.0,5.0,3.0,5.0
2162,3,5.0,6.0,3.0,6.0
2163,1,5.0,6.0,3.0,3.0
2164,6,2.0,5.0,4.0,2.0
2165,5,4.0,3.0,6.0,5.0
2166,3,2.0,6.0,3.0,6.0
2167,2,4.0,4.0,5.0,5.0
2168,0,5.0,3.0,5.0,4.0
2169,5,5.0,5.0,4.0,4.0
2170,5,0.0,4.0,5.0,5.0
2171,3,6.0,5.0,4.0,3.0
2172,6,6.0,5.0,4.0,1.0
2173,2,0.0,1.0,6.0,4.0
2174,4,2.0,6.0,3.0,3.0
2175,4,4.0,6.0,4.0,4.0
2176,6,6.0,4.0,6.0,3.0
2177,6,2.0,6.0,4.0,3.0
2178,4,1.0,4.0,5.0,2.0
2179,3,1.0,6.0,6.0,5.0
2180,6,5.0,0.0,5.0,5.0
2181,5,6.0,2.0,3.0,4.0
2182,5,6.0,1.0,4.0,5.0
2183,6,4.0,6.0,4.0,4.0
2184,6,2.0,5.0,4.0,4.0
2185,5,5.0,3.0,4.0,6.0
2186,5,3.0,6.0,5.0,2.0
2187,5,5.0,4.0,5.0,5.0
2188,3,5.0,2.0,6.0,3.0
2189,6,2.0,5.0,4.0,3.0
2190,3,3.0,1.0,3.0,5.0
2191,5,6.0,5.0,4.0,4.0
2192,6,5.0,5.0,4.0,3.0
2193,5,5.0,5.0,4.0,3.0
2194,3,6.0,2.0,0.0,5.0
2195,3,6.0,6.0,1.0,5.0
2196,5,3.0,5.0,5.0,1.0
2197,5,5.0,3.0,3.0,4.0
2198,6,4.0,5.0,4.0,6.0
2199,3,5.0,3.0,5.0,5.0
2200,5,4.0,4.0,6.0,5.0
2201,5,4.0,1.0,6.0,3.0
2202,4,6.0,6.0,5.0,4.0
2203,4,6.0,5.0,5.0,0.0
2204,4,4.0,5.0,4.0,6.0
2205,2,3.0,3.0,5.0,0.0
2206,4,6.0,5.0,4.0,5.0
2207,4,5.0,5.0,2.0,4.0
2208,4,4.0,5.0,4.0,4.0
2209,4,5.0,5.0,4.0,4.0
2210,2,6.0,3.0,5.0,3.0
2211,6,5.0,5.0,5.0,5.0
2212,6,5.0,4.0,5.0,6.0
2213,5,5.0,5.0,6.0,3.0
2214,4,6.0,3.0,4.0,4.0
2215,1,6.0,5.0,5.0,4.0
2216,3,6.0,5.0,4.0,5.0
2217,4,1.0,5.0,4.0,6.0
2218,6,2.0,6.0,4.0,0.0
2219,4,5.0,5.0,5.0,6.0
2220,5,6.0,6.0,3.0,5.0
2221,3,6.0,1.0,3.0,5.0
2222,0,4.0,3.0,4.0,4.0
2223,3,2.0,5.0,4.0,6.0
2224,4,6.0,3.0,0.0,4.0
2225,5,4.0,3.0,5.0,5.0
2226,6,3.0,5.0,5.0,5.0
2227,4,6.0,5.0,0.0,6.0
2228,2,6.0,4.0,6.0,5.0
2229,6,5.0,5.0,5.0,3.0
2230,5,5.0,5.0,3.0,4.0
2231,6,2.0,3.0,0.0,0.0
2232,6,3.0,5.0,4.0,5.0
2233,6,5.0,6.0,5.0,5.0
2234,3,6.0,4.0,5.0,5.0
2235,6,5.0,6.0,6.0,4.0
2236,4,4.0,6.0,3.0,5.0
2237,6,3.0,4.0,5.0,5.0
2238,6,5.0,1.0,5.0,5.0
2239,5,4.0,6.0,2.0,3.0
2240,0,5.0,5.0,4.0,4.0
2241,6,6.0,5.0,5.0,5.0
2242,4,2.0,5.0,5.0,3.0
2243,6,6.0,4.0,2.0,5.0
2244,6,5.0,5.0,5.0,3.0
2245,3,5.0,4.0,4.0,6.0
2246,4,6.0,4.0,5.0,3.0
2247,6,5.0,4.0,5.0,4.0
2248,6,0.0,6.0,5.0,6.0
2249,4,6.0,6.0,3.0,4.0
2250,6,4.0,4.0,6.0,6.0
2251,4,5.0,3.0,4.0,4.0
2252,0,5.0,5.0,6.0,2.0
2253,6,3.0,0.0,3.0,5.0
2254,1,4.0,4.0,6.0,3.0
2255,1,4.0,6.0,5.0,4.0
2256,4,3.0,6.0,5.0,5.0
2257,5,5.0,5.0,5.0,5.0
2258,0,4.0,6.0,5.0,5.0
2259,5,1.0,5.0,6.0,2.0
2260,4,6.0,6.0,4.0,3.0
2261,6,6.0,4.0,5.0,6.0
2262,1,5.0,6.0,6.0,6.0
2263,0,6.0,6.0,3.0,6.0
2264,5,4.0,4.0,2.0,6.0
2265,6,4.0,6.0,4.0,6.0
2266,5,5.0,5.0,5.0,6.0
2267,5,0.0,5.0,4.0,3.0
2268,6,5.0,5.0,4.0,4.0
2269,6,5.0,5.0,5.0,3.0
2270,4,4.0,3.0,6.0,5.0
2271,4,4.0,6.0,5.0,5.0
2272,6,5.0,6.0,4.0,6.0
2273,6,5.0,6.0,5.0,4.0
2274,2,4.0,5.0,6.0,3.0
2275,5,6.0,4.0,4.0,5.0
2276,3,6.0,5.0,3.0,0.0
2277,6,6.0,6.0,6.0,3.0
2278,5,5.0,4.0,5.0,4.0
2279,6,3.0,0.0,4.0,6.0
2280,4,4.0,2.0,1.0,3.0
2281,3,6.0,3.0,6.0,6.0
2282,6,5.0,5.0,6.0,5.0
2283,6,4.0,5.0,5.0,4.0
2284,6,4.0,5.0,4.0,6.0
2285,5,4.0,5.0,5.0,5.0
2286,5,6.0,5.0,6.0,4.0
2287,4,4.0,5.0,3.0,5.0
2288,6,5.0,3.0,5.0,5.0
2289,6,3.0,4.0,4.0,6.0
2290,6,4.0,3.0,6.0,4.0
2291,4,3.0,5.0,3.0,5.0
2292,2,5.0,4.0,3.0,6.0
2293,6,4.0,5.0,2.0,6.0
2294,4,5.0,5.0,1.0,6.0
2295,4,4.0,4.0,3.0,5.0
2296,4,5.0,5.0,3.0,5.0
2297,4,6.0,5.0,6.0,5.0
2298,2,4.0,1.0,4.0,3.0
2299,3,2.0,1.0,5.0,5.0
2300,3,4.0,3.0,4.0,4.0
2301,6,5.0,5.0,5.0,5.0
2302,2,5.0,3.0,2.0,6.0
2303,5,6.0,3.0,6.0,5.0
2304,6,3.0,3.0,4.0,5.0
2305,5,5.0,3.0,5.0,6.0
2306,6,0.0,6.0,4.0,5.0
2307,0,3.0,4.0,4.0,5.0
2308,5,6.0,5.0,4.0,4.0
2309,4,3.0,5.0,5.0,3.0
2310,1,4.0,5.0,6.0,3.0
2311,2,3.0,0.0,5.0,4.0
2312,5,5.0,5.0,0.0,6.0
2313,6,6.0,6.0,2.0,1.0
2314,6,4.0,5.0,6.0,5.0
2315,6,6.0,2.0,6.0,5.0
2316,4,6.0,6.0,6.0,5.0
2317,6,3.0,0.0,3.0,3.0
2318,6,4.0,6.0,4.0,5.0
2319,4,5.0,5.0,5.0,6.0
2320,5,6.0,6.0,4.0,3.0
2321,4,6.0,0.0,5.0,4.0
2322,4,5.0,3.0,6.0,4.0
2323,0,5.0,5.0,6.0,5.0
2324,5,6.0,6.0,4.0,0.0
2325,1,5.0,3.0,1.0,5.0
2326,3,3.0,0.0,5.0,3.0
2327,3,6.0,3.0,6.0,4.0
2328,6,5.0,6.0,3.0,6.0
2329,5,4.0,4.0,4.0,2.0
2330,6,4.0,6.0,6.0,5.0
2331,6,6.0,3.0,4.0,5.0
2332,4,5.0,5.0,5.0,5.0
2333,4,5.0,2.0,3.0,6.0
2334,2,0.0,4.0,4.0,5.0
2335,4,6.0,5.0,5.0,4.0
2336,0,4.0,5.0,2.0,5.0
2337,6,3.0,5.0,0.0,6.0
2338,6,4.0,5.0,5.0,3.0
2339,6,6.0,5.0,3.0,3.0
2340,6,3.0,5.0,4.0,5.0
2341,6,5.0,6.0,5.0,3.0
2342,6,5.0,5.0,5.0,5.0
2343,5,0.0,4.0,3.0,0.0
2344,5,5.0,5.0,6.0,4.0
2345,0,1.0,2.0,4.0,5.0
2346,3,5.0,5.0,4.0,0.0
2347,4,2.0,6.0,0.0,5.0
2348,3,6.0,4.0,6.0,4.0
2349,5,1.0,5.0,5.0,5.0
2350,3,6.0,6.0,6.0,5.0
2351,1,6.0,5.0,6.0,3.0
2352,6,6.0,4.0,2.0,6.0
2353,2,5.0,6.0,4.0,6.0
2354,0,6.0,5.0,4.0,5.0
2355,0,5.0,5.0,0.0,5.0
2356,5,6.0,2.0,6.0,6.0
2357,3,3.0,6.0,2.0,6.0
2358,6,6.0,4.0,4.0,5.0
2359,5,6.0,6.0,4.0,5.0
2360,6,5.0,4.0,5.0,5.0
2361,1,3.0,5.0,5.0,6.0
2362,6,2.0,4.0,6.0,5.0
2363,6,5.0,4.0,4.0,5.0
2364,4,6.0,5.0,0.0,6.0
2365,3,5.0,5.0,5.0,4.0
2366,5,5.0,6.0,4.0,3.0
2367,5,3.0,5.0,6.0,4.0
2368,6,5.0,4.0,3.0,3.0
2369,5,3.0,6.0,4.0,5.0
2370,5,3.0,5.0,3.0,4.0
2371,6,5.0,5.0,4.0,4.0
2372,6,3.0,3.0,2.0,6.0
2373,1,4.0,4.0,2.0,6.0
2374,5,5.0,3.0,0.0,0.0
2375,6,5.0,3.0,6.0,5.0
2376,5,5.0,6.0,6.0,5.0
2377,6,6.0,6.0,6.0,4.0
2378,4,6.0,4.0,5.0,3.0
2379,3,6.0,6.0,5.0,6.0
2380,6,4.0,2.0,4.0,3.0
2381,6,3.0,6.0,2.0,4.0
2382,6,4.0,4.0,6.0,6.0
2383,6,6.0,3.0,5.0,5.0
2384,5,5.0,4.0,5.0,4.0
2385,6,5.0,6.0,3.0,3.0
2386,6,6.0,6.0,6.0,4.0
2387,6,6.0,6.0,4.0,0.0
2388,2,5.0,5.0,1.0,6.0
2389,3,4.0,3.0,5.0,4.0
2390,4,4.0,4.0,5.0,5.0
2391,5,5.0,0.0,5.0,5.0
2392,5,5.0,5.0,6.0,3.0
2393,5,2.0,5.0,4.0,5.0
2394,4,0.0,6.0,6.0,5.0
2395,4,3.0,4.0,4.0,5.0
2396,3,6.0,5.0,5.0,6.0
2397,3,5.0,5.0,6.0,3.0
2398,2,0.0,4.0,3.0,4.0
2399,6,6.0,5.0,1.0,4.0
2400,6,3.0,6.0,4.0,4.0
2401,4,4.0,5.0,0.0,5.0
2402,6,6.0,5.0,5.0,5.0
2403,4,5.0,4.0,3.0,3.0
2404,5,5.0,3.0,5.0,5.0
2405,4,6.0,4.0,3.0,4.0
2406,6,0.0,6.0,4.0,5.0
2407,6,4.0,6.0,3.0,5.0
2408,4,3.0,5.0,5.0,4.0
2409,1,2.0,6.0,5.0,3.0
2410,6,5.0,4.0,4.0,5.0
2411,0,6.0,5.0,5.0,4.0
2412,4,6.0,4.0,6.0,5.0
2413,6,5.0,5.0,3.0,4.0
2414,1,5.0,6.0,5.0,4.0
2415,5,6.0,3.0,5.0,4.0
2416,4,5.0,5.0,4.0,5.0
2417,4,5.0,5.0,2.0,4.0
2418,3,4.0,5.0,5.0,4.0
2419,0,4.0,4.0,5.0,5.0
2420,6,6.0,5.0,6.0,4.0
2421,6,5.0,5.0,6.0,5.0
2422,6,3.0,5.0,0.0,4.0
2423,3,4.0,3.0,6.0,6.0
2424,5,5.0,5.0,4.0,1.0
2425,6,5.0,4.0,4.0,2.0
2426,2,5.0,5.0,5.0,6.0
2427,4,1.0,2.0,6.0,5.0
2428,4,5.0,6.0,2.0,6.0
2429,3,6.0,6.0,4.0,5.0
2430,6,4.0,6.0,5.0,0.0
2431,4,6.0,6.0,5.0,4.0
2432,4,5.0,5.0,0.0,5.0
2433,3,5.0,1.0,3.0,3.0
2434,4,3.0,3.0,4.0,4.0
2435,4,4.0,4.0,5.0,4.0
2436,4,4.0,6.0,5.0,6.0
2437,5,3.0,5.0,6.0,6.0
2438,3,6.0,6.0,4.0,5.0
2439,4,4.0,5.0,3.0,2.0
2440,6,6.0,5.0,3.0,6.0
2441,5,0.0,5.0,4.0,4.0
2442,4,5.0,5.0,4.0,3.0
2443,5,1.0,5.0,1.0,4.0
2444,3,5.0,6.0,0.0,6.0
2445,6,3.0,4.0,0.0,5.0
2446,6,0.0,4.0,4.0,5.0
2447,6,6.0,5.0,0.0,6.0
2448,6,6.0,3.0,3.0,5.0
2449,6,5.0,5.0,6.0,5.0
2450,6,3.0,5.0,5.0,5.0
2451,0,1.0,5.0,5.0,5.0
2452,5,6.0,5.0,5.0,4.0
2453,5,3.0,5.0,5.0,1.0
2454,2,4.0,0.0,5.0,5.0
2455,6,4.0,5.0,5.0,6.0
2456,6,5.0,4.0,5.0,5.0
2457,6,5.0,5.0,5.0,4.0
2458,5,4.0,5.0,5.0,4.0
2459,4,4.0,6.0,5.0,5.0
2460,6,4.0,5.0,5.0,3.0
2461,2,5.0,4.0,0.0,2.0
2462,6,4.0,5.0,6.0,6.0
2463,3,3.0,3.0,5.0,4.0
2464,6,3.0,4.0,2.0,5.0
2465,1,6.0,4.0,5.0,5.0
2466,4,4.0,6.0,0.0,5.0
2467,5,4.0,5.0,5.0,5.0
2468,5,5.0,6.0,5.0,6.0
2469,6,5.0,5.0,4.0,6.0
2470,3,4.0,5.0,3.0,0.0
2471,6,5.0,4.0,4.0,6.0
2472,3,5.0,5.0,4.0,5.0
2473,5,5.0,6.0,3.0,3.0
2474,5,5.0,5.0,5.0,6.0
2475,1,4.0,5.0,3.0,4.0
2476,1,4.0,6.0,1.0,5.0
2477,5,5.0,6.0,4.0,5.0
2478,2,4.0,4.0,2.0,2.0
2479,4,5.0,3.0,6.0,6.0
2480,3,5.0,3.0,6.0,5.0
2481,6,6.0,5.0,0.0,6.0
2482,6,4.0,5.0,3.0,0.0
2483,1,6.0,5.0,5.0,4.0
2484,3,5.0,5.0,4.0,0.0
2485,2,6.0,6.0,6.0,6.0
2486,3,1.0,3.0,5.0,6.0
2487,6,4.0,5.0,6.0,5.0
2488,6,6.0,3.0,5.0,3.0
2489,6,6.0,5.0,5.0,5.0
2490,6,5.0,5.0,3.0,4.0
2491,3,6.0,4.0,4.0,6.0
2492,1,1.0,5.0,5.0,6.0
2493,6,6.0,6.0,6.0,5.0
2494,3,1.0,5.0,4.0,3.0
2495,6,4.0,3.0,3.0,4.0
2496,5,6.0,4.0,3.0,6.0
2497,6,4.0,4.0,6.0,6.0
2498,1,4.0,6.0,6.0,4.0
2499,6,3.0,4.0,5.0,4.0
2500,6,0.0,5.0,6.0,5.0
2501,6,5.0,6.0,6.0,2.0
2502,6,3.0,5.0,3.0,5.0
2503,3,6.0,6.0,5.0,3.0
2504,4,6.0,4.0,6.0,3.0
2505,6,2.0,3.0,4.0,6.0
2506,3,6.0,5.0,4.0,4.0
2507,2,5.0,5.0,6.0,3.0
2508,6,3.0,0.0,5.0,3.0
2509,6,6.0,2.0,5.0,6.0
2510,1,4.0,5.0,4.0,4.0
2511,4,4.0,0.0,5.0,4.0
2512,6,6.0,0.0,6.0,6.0
2513,6,5.0,6.0,6.0,5.0
2514,5,5.0,4.0,5.0,4.0
2515,3,5.0,3.0,3.0,3.0
2516,6,5.0,4.0,6.0,3.0
2517,6,5.0,2.0,5.0,5.0
2518,5,1.0,0.0,4.0,6.0
2519,6,4.0,5.0,4.0,3.0
2520,5,4.0,6.0,4.0,6.0
2521,6,6.0,6.0,3.0,5.0
2522,6,4.0,4.0,4.0,5.0
2523,5,3.0,5.0,4.0,0.0
2524,2,6.0,5.0,5.0,5.0
2525,6,4.0,5.0,3.0,5.0
2526,6,6.0,5.0,4.0,4.0
2527,2,3.0,6.0,6.0,5.0
2528,2,6.0,6.0,6.0,4.0
2529,4,4.0,5.0,3.0,5.0
2530,3,2.0,4.0,5.0,6.0
2531,4,3.0,4.0,4.0,5.0
2532,4,2.0,4.0,5.0,5.0
2533,3,4.0,3.0,5.0,3.0
2534,6,4.0,6.0,6.0,4.0
2535,6,3.0,5.0,1.0,6.0
2536,6,4.0,3.0,4.0,5.0
2537,6,6.0,5.0,5.0,0.0
2538,3,6.0,6.0,5.0,3.0
2539,5,0.0,6.0,4.0,4.0
2540,5,5.0,6.0,5.0,6.0
2541,3,6.0,3.0,4.0,4.0
2542,4,6.0,0.0,5.0,6.0
2543,5,3.0,3.0,1.0,6.0
2544,5,5.0,5.0,4.0,4.0
2545,6,6.0,6.0,5.0,5.0
2546,6,6.0,6.0,5.0,6.0
2547,5,4.0,6.0,3.0,5.0
2548,3,4.0,5.0,6.0,4.0
2549,0,6.0,0.0,4.0,5.0
2550,6,3.0,4.0,3.0,6.0
2551,6,6.0,0.0,6.0,5.0
2552,3,4.0,3.0,3.0,4.0
2553,6,5.0,5.0,6.0,4.0
2554,3,5.0,3.0,5.0,6.0
2555,5,3.0,3.0,3.0,5.0
2556,6,1.0,5.0,5.0,3.0
2557,4,3.0,5.0,4.0,4.0
2558,6,5.0,5.0,3.0,5.0
2559,6,6.0,4.0,5.0,5.0
2560,6,4.0,5.0,5.0,5.0
2561,4,5.0,4.0,5.0,0.0
2562,6,3.0,4.0,2.0,6.0
2563,6,6.0,5.0,5.0,4.0
2564,6,3.0,3.0,4.0,5.0
2565,6,5.0,3.0,3.0,5.0
2566,2,5.0,4.0,4.0,1.0
2567,6,5.0,6.0,4.0,4.0
2568,5,4.0,4.0,4.0,6.0
2569,3,4.0,4.0,5.0,4.0
2570,5,6.0,3.0,6.0,4.0
2571,4,5.0,4.0,6.0,5.0
2572,0,6.0,4.0,5.0,5.0
2573,1,3.0,3.0,5.0,5.0
2574,1,5.0,4.0,6.0,3.0
2575,6,6.0,3.0,6.0,3.0
2576,6,5.0,6.0,4.0,6.0
2577,5,5.0,6.0,6.0,5.0
2578,4,6.0,5.0,4.0,3.0
2579,3,6.0,6.0,6.0,5.0
2580,6,3.0,4.0,4.0,5.0
2581,4,4.0,5.0,1.0,4.0
2582,1,6.0,5.0,3.0,5.0
2583,1,6.0,3.0,6.0,6.0
2584,6,3.0,5.0,5.0,5.0
2585,6,5.0,3.0,2.0,4.0
2586,5,2.0,4.0,6.0,3.0
2587,1,5.0,6.0,6.0,6.0
2588,4,4.0,5.0,5.0,5.0
2589,5,6.0,6.0,4.0,1.0
2590,3,1.0,4.0,6.0,6.0
2591,4,6.0,6.0,5.0,6.0
2592,1,6.0,5.0,3.0,4.0
2593,5,6.0,3.0,2.0,3.0
2594,5,3.0,3.0,3.0,4.0
2595,5,3.0,5.0,4.0,3.0
2596,5,5.0,6.0,6.0,4.0
2597,5,5.0,3.0,6.0,3.0
2598,6,6.0,3.0,4.0,5.0
2599,3,5.0,5.0,2.0,4.0
2600,4,3.0,4.0,4.0,6.0
2601,6,4.0,4.0,4.0,4.0
2602,6,5.0,5.0,3.0,5.0
2603,4,4.0,6.0,4.0,5.0
2604,3,6.0,6.0,3.0,3.0
2605,6,5.0,6.0,6.0,6.0
2606,4,5.0,0.0,5.0,5.0
2607,6,5.0,3.0,3.0,4.0
2608,5,1.0,5.0,1.0,4.0
2609,6,5.0,5.0,5.0,6.0
2610,5,5.0,5.0,6.0,5.0
2611,6,4.0,3.0,4.0,5.0
2612,4,4.0,6.0,5.0,6.0
2613,4,3.0,6.0,4.0,5.0
2614,3,4.0,4.0,4.0,6.0
2615,5,6.0,5.0,6.0,3.0
2616,5,6.0,5.0,4.0,3.0
2617,5,4.0,2.0,6.0,5.0
2618,6,5.0,4.0,5.0,4.0
2619,5,4.0,4.0,5.0,5.0
2620,4,6.0,4.0,4.0,5.0
2621,6,5.0,3.0,5.0,2.0
2622,5,6.0,4.0,5.0,4.0
2623,0,5.0,5.0,4.0,6.0
2624,4,4.0,4.0,4.0,5.0
2625,5,0.0,4.0,4.0,5.0
2626,1,6.0,1.0,5.0,5.0
2627,4,5.0,3.0,4.0,5.0
2628,5,4.0,4.0,4.0,6.0
2629,6,0.0,5.0,5.0,5.0
2630,4,4.0,3.0,3.0,6.0
2631,6,4.0,2.0,5.0,6.0
2632,0,5.0,3.0,4.0,4.0
2633,0,4.0,1.0,6.0,3.0
2634,4,6.0,5.0,4.0,4.0
2635,3,5.0,5.0,6.0,5.0
2636,1,5.0,4.0,5.0,5.0
2637,3,6.0,5.0,5.0,3.0
2638,5,3.0,1.0,6.0,4.0
2639,3,1.0,6.0,5.0,6.0
2640,0,4.0,3.0,5.0,6.0
2641,3,6.0,5.0,6.0,4.0
2642,4,6.0,6.0,5.0,6.0
2643,4,0.0,4.0,4.0,4.0
2644,5,6.0,6.0,3.0,2.0
2645,1,6.0,2.0,0.0,3.0
2646,2,4.0,3.0,6.0,4.0
2647,4,4.0,5.0,4.0,6.0
2648,5,6.0,5.0,5.0,6.0
2649,5,4.0,6.0,4.0,3.0
2650,3,0.0,4.0,4.0,6.0
2651,6,4.0,5.0,3.0,6.0
2652,6,5.0,5.0,6.0,4.0
2653,4,5.0,2.0,5.0,3.0
2654,3,6.0,6.0,4.0,5.0
2655,5,1.0,3.0,5.0,5.0
2656,0,6.0,4.0,3.0,5.0
2657,4,3.0,4.0,6.0,5.0
2658,3,2.0,5.0,6.0,4.0
2659,5,5.0,4.0,4.0,0.0
2660,6,2.0,1.0,2.0,5.0
2661,6,6.0,5.0,0.0,5.0
2662,6,0.0,6.0,4.0,4.0
2663,6,4.0,5.0,3.0,4.0
2664,6,6.0,5.0,3.0,5.0
2665,4,4.0,4.0,3.0,5.0
2666,4,5.0,4.0,4.0,5.0
2667,4,5.0,5.0,5.0,4.0
2668,0,4.0,5.0,5.0,6.0
2669,6,5.0,6.0,6.0,3.0
2670,6,3.0,5.0,6.0,5.0
2671,6,5.0,5.0,5.0,6.0
2672,6,6.0,5.0,0.0,5.0
2673,5,5.0,2.0,0.0,6.0
2674,4,6.0,5.0,4.0,0.0
2675,5,6.0,4.0,6.0,4.0
2676,5,4.0,6.0,5.0,6.0
2677,2,0.0,4.0,6.0,3.0
2678,6,1.0,6.0,6.0,0.0
2679,5,4.0,4.0,5.0,6.0
2680,6,3.0,3.0,0.0,6.0
2681,6,5.0,3.0,4.0,5.0
2682,5,6.0,5.0,3.0,4.0
2683,6,6.0,3.0,5.0,4.0
2684,6,1.0,1.0,5.0,4.0
2685,4,6.0,2.0,6.0,3.0
2686,3,6.0,4.0,6.0,4.0
2687,6,6.0,6.0,4.0,3.0
2688,2,5.0,3.0,4.0,5.0
2689,5,5.0,5.0,6.0,4.0
2690,5,3.0,4.0,6.0,3.0
2691,2,5.0,5.0,4.0,5.0
2692,1,4.0,3.0,2.0,5.0
2693,4,1.0,4.0,5.0,5.0
2694,4,5.0,6.0,6.0,5.0
2695,1,5.0,5.0,6.0,6.0
2696,4,3.0,4.0,0.0,5.0
2697,5,6.0,5.0,5.0,3.0
2698,6,4.0,5.0,6.0,5.0
2699,6,6.0,5.0,1.0,4.0
2700,4,6.0,2.0,4.0,3.0
2701,5,6.0,1.0,5.0,5.0
2702,5,6.0,5.0,6.0,4.0
2703,3,2.0,2.0,6.0,4.0
2704,6,4.0,4.0,6.0,5.0
2705,3,6.0,4.0,5.0,4.0
2706,5,6.0,3.0,6.0,5.0
2707,5,6.0,5.0,4.0,3.0
2708,6,4.0,4.0,3.0,2.0
2709,5,6.0,6.0,0.0,2.0
2710,2,4.0,5.0,3.0,5.0
2711,6,2.0,1.0,1.0,3.0
2712,3,6.0,3.0,6.0,3.0
2713,1,4.0,6.0,6.0,5.0
2714,1,4.0,5.0,6.0,5.0
2715,3,6.0,4.0,3.0,3.0
2716,3,5.0,4.0,6.0,3.0
2717,5,5.0,6.0,5.0,2.0
2718,4,5.0,3.0,3.0,6.0
2719,5,6.0,3.0,6.0,6.0
2720,6,4.0,3.0,4.0,3.0
2721,6,5.0,5.0,6.0,4.0
2722,6,5.0,4.0,5.0,5.0
2723,5,6.0,5.0,3.0,5.0
2724,4,5.0,5.0,3.0,4.0
2725,3,5.0,3.0,5.0,2.0
2726,6,4.0,6.0,5.0,6.0
2727,5,5.0,2.0,3.0,5.0
2728,6,4.0,5.0,4.0,4.0
2729,4,2.0,5.0,5.0,1.0
2730,4,6.0,3.0,4.0,6.0
2731,4,5.0,4.0,5.0,5.0
2732,2,6.0,5.0,4.0,4.0
2733,6,5.0,1.0,4.0,2.0
2734,6,6.0,5.0,4.0,0.0
2735,4,6.0,6.0,6.0,5.0
2736,6,5.0,5.0,6.0,6.0
2737,4,6.0,5.0,6.0,4.0
2738,2,6.0,1.0,5.0,6.0
2739,6,6.0,6.0,2.0,3.0
2740,4,1.0,1.0,5.0,5.0
2741,2,1.0,5.0,5.0,4.0
2742,4,5.0,5.0,5.0,3.0
2743,2,1.0,4.0,6.0,4.0
2744,3,6.0,4.0,5.0,3.0
2745,6,4.0,4.0,4.0,6.0
2746,5,4.0,5.0,0.0,3.0
2747,2,3.0,6.0,4.0,6.0
2748,4,1.0,4.0,6.0,3.0
2749,4,3.0,4.0,4.0,3.0
2750,4,0.0,5.0,5.0,4.0
2751,4,5.0,6.0,5.0,4.0
2752,4,4.0,6.0,4.0,6.0
2753,5,5.0,4.0,6.0,6.0
2754,6,5.0,4.0,3.0,5.0
2755,6,6.0,4.0,6.0,6.0
2756,6,1.0,5.0,4.0,5.0
2757,6,4.0,5.0,6.0,4.0
2758,1,4.0,6.0,5.0,5.0
2759,3,6.0,2.0,6.0,6.0
2760,2,4.0,3.0,5.0,3.0
2761,6,4.0,6.0,3.0,5.0
2762,3,5.0,4.0,5.0,5.0
2763,2,5.0,5.0,5.0,6.0
2764,6,3.0,4.0,2.0,2.0
2765,6,4.0,6.0,4.0,3.0
2766,5,6.0,4.0,2.0,5.0
2767,5,6.0,4.0,5.0,4.0
2768,3,4.0,6.0,4.0,6.0
2769,4,5.0,4.0,6.0,6.0
2770,4,4.0,5.0,5.0,5.0
2771,5,4.0,5.0,5.0,4.0
2772,6,5.0,5.0,5.0,4.0
2773,6,6.0,5.0,6.0,5.0
2774,3,2.0,5.0,6.0,5.0
2775,4,5.0,6.0,6.0,3.0
2776,3,0.0,5.0,4.0,0.0
2777,3,6.0,5.0,6.0,6.0
2778,3,6.0,5.0,6.0,5.0
2779,1,4.0,5.0,5.0,5.0
2780,2,1.0,5.0,6.0,5.0
2781,5,3.0,2.0,6.0,3.0
2782,6,3.0,5.0,0.0,6.0
2783,6,0.0,4.0,5.0,6.0
2784,6,6.0,4.0,6.0,5.0
2785,6,4.0,6.0,4.0,3.0
2786,3,4.0,5.0,6.0,6.0
2787,6,3.0,5.0,0.0,2.0
2788,4,5.0,5.0,5.0,5.0
2789,4,4.0,5.0,3.0,5.0
2790,5,4.0,4.0,4.0,5.0
2791,1,3.0,4.0,3.0,6.0
2792,6,5.0,5.0,6.0,2.0
2793,6,4.0,5.0,6.0,2.0
2794,6,2.0,5.0,6.0,5.0
2795,4,6.0,5.0,4.0,6.0
2796,4,1.0,5.0,5.0,3.0
2797,5,4.0,3.0,5.0,5.0
2798,6,6.0,4.0,5.0,3.0
2799,6,3.0,4.0,5.0,1.0
2800,5,5.0,6.0,3.0,5.0
2801,4,3.0,4.0,4.0,4.0
2802,5,5.0,6.0,5.0,5.0
2803,3,5.0,6.0,6.0,5.0
2804,6,6.0,6.0,3.0,5.0
2805,4,0.0,3.0,4.0,4.0
2806,0,5.0,4.0,5.0,3.0
2807,4,0.0,3.0,5.0,4.0
2808,1,4.0,6.0,6.0,0.0
2809,1,5.0,4.0,2.0,6.0
2810,5,2.0,4.0,6.0,4.0
2811,5,2.0,6.0,5.0,4.0
2812,4,4.0,4.0,5.0,4.0
2813,0,4.0,4.0,3.0,4.0
2814,3,4.0,6.0,4.0,5.0
2815,6,4.0,6.0,2.0,4.0
2816,4,4.0,6.0,6.0,5.0
2817,3,5.0,5.0,4.0,4.0
2818,4,,2.0,2.0,3.0
2819,4,,6.0,6.0,5.0
2820,3,,6.0,6.0,5.0
2821,6,,5.0,3.0,3.0
2822,4,,6.0,2.0,6.0
2823,6,,3.0,4.0,5.0
2824,2,,0.0,2.0,6.0
2825,6,,0.0,4.0,5.0
2826,6,,5.0,4.0,5.0
2827,6,,6.0,6.0,2.0
2828,6,,4.0,4.0,5.0
2829,4,,5.0,2.0,5.0
2830,1,,5.0,6.0,4.0
2831,6,,5.0,4.0,
2832,4,,5.0,5.0,
2833,6,,2.0,4.0,
2834,6,,4.0,6.0,
2835,5,,4.0,6.0,
2836,1,,3.0,5.0,
2837,6,,3.0,5.0,
2838,6,,2.0,6.0,
2839,4,,6.0,5.0,
2840,5,,5.0,6.0,
2841,6,,6.0,6.0,
2842,5,,5.0,4.0,
2843,4,,5.0,3.0,
2844,6,,5.0,4.0,
2845,6,,5.0,4.0,
2846,6,,3.0,3.0,
2847,3,,4.0,4.0,
2848,1,,5.0,5.0,
2849,4,,4.0,4.0,
2850,4,,4.0,5.0,
2851,6,,3.0,3.0,
2852,6,,4.0,6.0,
2853,3,,1.0,6.0,
2854,4,,6.0,5.0,
2855,6,,3.0,4.0,
2856,2,,3.0,1.0,
2857,6,,4.0,6.0,
2858,6,,5.0,4.0,
2859,6,,6.0,5.0,
2860,6,,4.0,5.0,
2861,2,,6.0,3.0,
2862,4,,3.0,6.0,
2863,6,,0.0,6.0,
2864,6,,5.0,4.0,
2865,3,,5.0,4.0,
2866,5,,6.0,3.0,
2867,4,,2.0,5.0,
2868,2,,2.0,6.0,
2869,6,,6.0,6.0,
2870,6,,2.0,6.0,
2871,3,,5.0,6.0,
2872,6,,4.0,0.0,
2873,6,,2.0,5.0,
2874,1,,6.0,6.0,
2875,4,,5.0,6.0,
2876,6,,5.0,6.0,
2877,6,,2.0,5.0,
2878,6,,6.0,4.0,
2879,2,,3.0,4.0,
2880,6,,3.0,5.0,
2881,3,,1.0,6.0,
2882,2,,3.0,6.0,
2883,3,,4.0,6.0,
2884,6,,5.0,5.0,
2885,4,,6.0,0.0,
2886,1,,4.0,3.0,
2887,3,,4.0,6.0,
2888,4,,5.0,4.0,
2889,4,,2.0,6.0,
2890,6,,4.0,3.0,
2891,6,,5.0,4.0,
2892,2,,4.0,6.0,
2893,3,,4.0,6.0,
2894,6,,6.0,6.0,
2895,6,,5.0,3.0,
2896,4,,5.0,6.0,
2897,5,,6.0,4.0,
2898,2,,4.0,3.0,
2899,3,,3.0,5.0,
2900,3,,6.0,4.0,
2901,3,,6.0,4.0,
2902,6,,6.0,0.0,
2903,4,,3.0,3.0,
2904,5,,6.0,6.0,
2905,5,,5.0,4.0,
2906,6,,3.0,4.0,
2907,4,,3.0,6.0,
2908,2,,2.0,1.0,
2909,3,,4.0,1.0,
2910,2,,4.0,3.0,
2911,4,,5.0,6.0,
2912,5,,4.0,6.0,
2913,6,,3.0,6.0,
2914,4,,3.0,6.0,
2915,4,,4.0,0.0,
2916,1,,5.0,5.0,
2917,5,,6.0,1.0,
2918,2,,4.0,0.0,
2919,6,,5.0,3.0,
2920,4,,4.0,6.0,
2921,3,,5.0,0.0,
2922,6,,4.0,6.0,
2923,4,,3.0,4.0,
2924,6,,6.0,4.0,
2925,6,,6.0,6.0,
2926,6,,5.0,6.0,
2927,6,,6.0,5.0,
2928,6,,6.0,6.0,
2929,5,,3.0,2.0,
2930,6,,6.0,5.0,
2931,6,,6.0,6.0,
2932,4,,6.0,2.0,
2933,2,,6.0,1.0,
2934,3,,4.0,6.0,
2935,6,,2.0,3.0,
2936,6,,3.0,5.0,
2937,4,,6.0,6.0,
2938,3,,2.0,5.0,
2939,1,,4.0,6.0,
2940,0,,3.0,6.0,
2941,6,,6.0,6.0,
2942,6,,5.0,6.0,
2943,3,,6.0,4.0,
2944,5,,4.0,0.0,
2945,4,,5.0,6.0,
2946,6,,5.0,6.0,
2947,4,,3.0,6.0,
2948,6,,6.0,6.0,
2949,4,,6.0,5.0,
2950,6,,5.0,6.0,
2951,6,,4.0,5.0,
2952,6,,5.0,4.0,
2953,6,,6.0,2.0,
2954,4,,3.0,6.0,
2955,6,,4.0,6.0,
2956,6,,5.0,5.0,
2957,6,,5.0,2.0,
2958,6,,,6.0,
2959,3,,,4.0,
2960,6,,,0.0,
2961,2,,,4.0,
2962,6,,,5.0,
2963,5,,,4.0,
2964,5,,,6.0,
2965,4,,,6.0,
2966,6,,,6.0,
2967,4,,,5.0,
2968,6,,,6.0,
2969,6,,,6.0,
2970,6,,,4.0,
2971,6,,,6.0,
2972,6,,,6.0,
2973,4,,,5.0,
2974,4,,,6.0,
2975,1,,,6.0,
2976,4,,,5.0,
2977,6,,,0.0,
2978,6,,,3.0,
2979,6,,,0.0,
2980,5,,,4.0,
2981,6,,,3.0,
2982,4,,,5.0,
2983,6,,,6.0,
2984,6,,,5.0,
2985,6,,,5.0,
2986,5,,,4.0,
2987,6,,,6.0,
2988,6,,,6.0,
2989,6,,,6.0,
2990,5,,,4.0,
2991,3,,,6.0,
2992,3,,,3.0,
2993,6,,,5.0,
2994,6,,,5.0,
2995,6,,,0.0,
2996,6,,,5.0,
2997,5,,,0.0,
2998,6,,,0.0,
2999,5,,,6.0,
3000,0,,,4.0,
3001,4,,,4.0,
3002,5,,,4.0,
3003,5,,,5.0,
3004,6,,,5.0,
3005,5,,,6.0,
3006,4,,,5.0,
3007,1,,,5.0,
3008,6,,,4.0,
3009,6,,,3.0,
3010,4,,,3.0,
3011,4,,,6.0,
3012,3,,,5.0,
3013,3,,,6.0,
3014,6,,,6.0,
3015,3,,,4.0,
3016,5,,,6.0,
3017,6,,,2.0,
3018,5,,,5.0,
3019,5,,,4.0,
3020,4,,,3.0,
3021,3,,,6.0,
3022,6,,,5.0,
3023,4,,,6.0,
3024,3,,,6.0,
3025,4,,,0.0,
3026,5,,,5.0,
3027,3,,,4.0,
3028,5,,,6.0,
3029,4,,,6.0,
3030,3,,,3.0,
3031,5,,,4.0,
3032,4,,,5.0,
3033,5,,,5.0,
3034,6,,,6.0,
3035,2,,,5.0,
3036,4,,,5.0,
3037,5,,,3.0,
3038,4,,,6.0,
3039,6,,,5.0,
3040,6,,,6.0,
3041,4,,,3.0,
3042,6,,,3.0,
3043,6,,,6.0,
3044,5,,,6.0,
3045,6,,,5.0,
3046,0,,,4.0,
3047,5,,,0.0,
3048,6,,,5.0,
3049,6,,,6.0,
3050,6,,,6.0,
3051,6,,,6.0,
3052,4,,,4.0,
3053,6,,,5.0,
3054,6,,,0.0,
3055,2,,,4.0,
3056,6,,,6.0,
3057,4,,,3.0,
3058,3,,,6.0,
3059,5,,,0.0,
3060,2,,,6.0,
3061,4,,,6.0,
3062,4,,,4.0,
3063,5,,,4.0,
3064,4,,,0.0,
3065,2,,,6.0,
3066,5,,,6.0,
3067,5,,,6.0,
3068,4,,,4.0,
3069,6,,,2.0,
3070,6,,,6.0,
3071,5,,,6.0,
3072,6,,,0.0,
3073,4,,,5.0,
3074,4,,,4.0,
3075,4,,,0.0,
3076,3,,,5.0,
3077,2,,,5.0,
3078,2,,,6.0,
3079,3,,,6.0,
3080,3,,,6.0,
3081,4,,,6.0,
3082,4,,,6.0,
3083,6,,,5.0,
3084,6,,,6.0,
3085,6,,,4.0,
3086,6,,,5.0,
3087,4,,,,
3088,5,,,,
3089,3,,,,
3090,5,,,,
3091,4,,,,
3092,5,,,,
3093,5,,,,
3094,3,,,,
3095,3,,,,
3096,6,,,,
3097,3,,,,
3098,4,,,,
3099,4,,,,
3100,3,,,,
3101,6,,,,
3102,6,,,,
3103,6,,,,
3104,6,,,,
3105,6,,,,
3106,6,,,,
3107,3,,,,
3108,1,,,,
3109,5,,,,
3110,2,,,,
3111,4,,,,
3112,6,,,,
3113,3,,,,
3114,4,,,,
3115,6,,,,
3116,3,,,,
3117,4,,,,
3118,4,,,,
3119,4,,,,
3120,3,,,,
3121,6,,,,
3122,6,,,,
3123,6,,,,
3124,6,,,,
3125,6,,,,
3126,6,,,,
3127,4,,,,
3128,6,,,,
3129,4,,,,
3130,5,,,,
3131,5,,,,
3132,4,,,,
3133,5,,,,
3134,5,,,,
3135,6,,,,
3136,6,,,,
3137,2,,,,
3138,5,,,,
3139,6,,,,
3140,4,,,,
3141,5,,,,
3142,3,,,,
3143,5,,,,
3144,4,,,,
3145,4,,,,
3146,4,,,,
3147,6,,,,
3148,4,,,,
3149,2,,,,
3150,5,,,,
3151,3,,,,
3152,5,,,,
3153,3,,,,
3154,3,,,,
3155,3,,,,
3156,5,,,,
3157,4,,,,
3158,4,,,,
3159,3,,,,
3160,6,,,,
3161,0,,,,
3162,0,,,,
3163,6,,,,
3164,5,,,,
3165,3,,,,
3166,5,,,,
3167,3,,,,
3168,4,,,,
3169,4,,,,
3170,4,,,,
3171,4,,,,
3172,5,,,,
3173,2,,,,
3174,3,,,,
3175,3,,,,
3176,0,,,,
3177,5,,,,
3178,6,,,,
3179,0,,,,
3180,6,,,,
3181,2,,,,
3182,4,,,,
3183,6,,,,
3184,6,,,,
3185,1,,,,
3186,1,,,,
3187,1,,,,
3188,4,,,,
3189,6,,,,
3190,6,,,,
3191,4,,,,
3192,1,,,,
3193,6,,,,
3194,6,,,,
3195,0,,,,
3196,3,,,,
3197,6,,,,
3198,4,,,,
3199,4,,,,
3200,2,,,,
3201,0,,,,
3202,6,,,,
3203,4,,,,
3204,3,,,,
3205,6,,,,
3206,6,,,,
3207,6,,,,
3208,5,,,,
3209,6,,,,
3210,6,,,,
3211,5,,,,
3212,6,,,,
3213,6,,,,
3214,6,,,,
3215,5,,,,
3216,5,,,,
3217,6,,,,
3218,0,,,,
3219,4,,,,
3220,6,,,,
3221,0,,,,
3222,6,,,,
3223,1,,,,
3224,3,,,,
3225,0,,,,
3226,0,,,,
3227,5,,,,
3228,4,,,,
3229,3,,,,
3230,6,,,,
3231,6,,,,
3232,6,,,,
3233,1,,,,
3234,6,,,,
3235,0,,,,
3236,5,,,,
3237,5,,,,
3238,6,,,,
3239,6,,,,
3240,4,,,,
3241,5,,,,
3242,5,,,,
3243,6,,,,
3244,6,,,,
3245,6,,,,
3246,6,,,,
3247,6,,,,
3248,6,,,,
3249,4,,,,
3250,6,,,,
3251,6,,,,
3252,6,,,,
3253,4,,,,
3254,5,,,,
3255,2,,,,
3256,3,,,,
3257,3,,,,
3258,3,,,,
3259,5,,,,
3260,1,,,,
3261,6,,,,
3262,6,,,,
3263,4,,,,
3264,4,,,,
3265,6,,,,
3266,6,,,,
3267,6,,,,
3268,3,,,,
3269,5,,,,
3270,4,,,,
3271,6,,,,
3272,4,,,,
3273,6,,,,
3274,6,,,,
3275,4,,,,
3276,3,,,,
3277,3,,,,
3278,3,,,,
3279,6,,,,
3280,5,,,,
3281,6,,,,
3282,1,,,,
3283,4,,,,
3284,6,,,,
3285,6,,,,
3286,6,,,,
3287,6,,,,
3288,5,,,,
3289,6,,,,
3290,6,,,,
3291,3,,,,
3292,2,,,,
3293,6,,,,
3294,6,,,,
3295,4,,,,
3296,6,,,,
3297,4,,,,
3298,4,,,,
3299,0,,,,
3300,2,,,,
3301,3,,,,
3302,6,,,,
3303,3,,,,
3304,6,,,,
3305,3,,,,
3306,2,,,,
3307,6,,,,
3308,3,,,,
3309,3,,,,
3310,6,,,,
3311,5,,,,
3312,5,,,,
3313,1,,,,
3314,0,,,,
3315,4,,,,
3316,4,,,,
3317,2,,,,
3318,3,,,,
3319,1,,,,
3320,4,,,,
3321,4,,,,
3322,5,,,,
3323,1,,,,
3324,6,,,,
3325,6,,,,
3326,5,,,,
3327,5,,,,
3328,6,,,,
3329,4,,,,
3330,5,,,,
3331,4,,,,
3332,5,,,,
3333,4,,,,
3334,5,,,,
3335,4,,,,
3336,6,,,,
3337,6,,,,
3338,4,,,,
3339,5,,,,
3340,6,,,,
3341,4,,,,
3342,3,,,,
3343,3,,,,
3344,5,,,,
3345,4,,,,
3346,2,,,,
3347,4,,,,
3348,4,,,,
3349,3,,,,
3350,6,,,,
3351,1,,,,
3352,5,,,,
3353,4,,,,
3354,6,,,,
3355,6,,,,
3356,6,,,,
3357,5,,,,
3358,3,,,,
3359,5,,,,
3360,6,,,,
3361,3,,,,
3362,6,,,,
3363,5,,,,
3364,6,,,,
3365,5,,,,
3366,6,,,,
3367,6,,,,
3368,6,,,,
3369,5,,,,
3370,4,,,,
3371,4,,,,
3372,3,,,,
3373,3,,,,
3374,6,,,,
3375,3,,,,
3376,6,,,,
3377,3,,,,
3378,2,,,,
3379,4,,,,
3380,6,,,,
3381,4,,,,
3382,6,,,,
3383,3,,,,
3384,5,,,,
3385,6,,,,
3386,6,,,,
3387,1,,,,
3388,6,,,,
3389,6,,,,
3390,2,,,,
3391,6,,,,
3392,5,,,,
3393,5,,,,
3394,5,,,,
3395,3,,,,
3396,4,,,,
3397,3,,,,
3398,4,,,,
3399,5,,,,
3400,1,,,,
3401,2,,,,
3402,1,,,,
3403,1,,,,
3404,3,,,,
3405,3,,,,
3406,5,,,,
3407,6,,,,
3408,4,,,,
3409,3,,,,
3410,4,,,,
3411,6,,,,
3412,5,,,,
3413,2,,,,
3414,4,,,,
3415,3,,,,
3416,4,,,,
3417,3,,,,
3418,5,,,,
3419,6,,,,
3420,6,,,,
3421,5,,,,
3422,4,,,,
3423,6,,,,
3424,4,,,,
3425,5,,,,
3426,2,,,,
3427,5,,,,
3428,0,,,,
3429,4,,,,
3430,2,,,,
3431,0,,,,
3432,5,,,,
3433,6,,,,
3434,5,,,,
3435,0,,,,
3436,4,,,,
3437,5,,,,
3438,5,,,,
3439,3,,,,
3440,4,,,,
3441,3,,,,
3442,3,,,,
3443,3,,,,
3444,4,,,,
3445,0,,,,
3446,3,,,,
3447,5,,,,
3448,6,,,,
3449,6,,,,
3450,6,,,,
3451,6,,,,
3452,0,,,,
3453,4,,,,
3454,6,,,,
3455,0,,,,
3456,6,,,,
3457,4,,,,
3458,6,,,,
3459,1,,,,
3460,4,,,,
3461,6,,,,
3462,3,,,,
3463,2,,,,
3464,5,,,,
3465,3,,,,
3466,6,,,,
3467,4,,,,
3468,5,,,,
3469,6,,,,
3470,5,,,,
3471,4,,,,
3472,6,,,,
3473,5,,,,
3474,5,,,,
3475,2,,,,
3476,4,,,,
3477,1,,,,
3478,4,,,,
3479,5,,,,
3480,6,,,,
3481,4,,,,
3482,6,,,,
3483,5,,,,
3484,6,,,,
3485,2,,,,
3486,6,,,,
3487,6,,,,
3488,1,,,,
3489,4,,,,
3490,5,,,,
3491,6,,,,
3492,1,,,,
3493,4,,,,
3494,4,,,,
3495,5,,,,
3496,6,,,,
3497,6,,,,
3498,5,,,,
3499,4,,,,
3500,5,,,,
3501,1,,,,
3502,6,,,,
3503,5,,,,
3504,6,,,,
3505,4,,,,
3506,5,,,,
3507,2,,,,
3508,1,,,,
3509,6,,,,
3510,5,,,,
3511,5,,,,
3512,6,,,,
3513,5,,,,
3514,3,,,,
3515,6,,,,
3516,5,,,,
3517,4,,,,
3518,2,,,,
3519,6,,,,
3520,3,,,,
3521,6,,,,
3522,4,,,,
3523,4,,,,
3524,4,,,,
3525,6,,,,
3526,3,,,,
3527,4,,,,
3528,4,,,,
3529,4,,,,
3530,5,,,,
3531,4,,,,
3532,4,,,,
3533,5,,,,
3534,4,,,,
