,ART,FOOD,STORE,SIGN,WALKWAYS,SCREENS,INFODOWN,INFOUP,WIFI,ROADS,PARK,AIRTRAIN,LTPARKING,RENTAL,ALL
0,6,6,6,3,3,3,6,6,4,6,6,6,6,6,4
1,3,3,3,3,3,3,3,3,3,3,3,3,3,3,3
2,5,5,4,4,4,4,6,6,5,6,6,6,6,6,4
3,5,5,5,5,5,5,3,3,3,4,4,4,4,4,4
4,6,3,3,4,4,4,4,4,2,4,6,6,6,6,4
5,3,3,3,4,4,4,3,6,3,4,4,6,6,6,4
6,4,4,3,3,3,4,4,4,4,3,0,4,4,4,4
7,6,4,6,4,4,4,6,6,6,6,6,6,6,6,4
8,5,3,4,5,5,5,5,5,5,6,6,6,6,6,4
9,6,4,4,5,5,5,6,6,4,6,6,6,6,6,5
10,6,3,0,4,4,4,0,0,0,0,0,0,0,0,4
11,3,3,3,3,3,1,3,3,4,3,3,3,3,3,3
12,4,3,3,4,4,4,3,3,5,6,6,6,6,6,0
13,5,3,4,5,5,5,5,5,5,6,6,6,6,6,4
14,5,5,5,5,4,5,6,6,5,0,0,0,0,0,5
15,0,5,4,4,5,5,5,5,5,0,0,0,0,0,5
16,3,4,5,4,3,4,6,6,6,6,6,6,6,6,4
17,5,3,3,4,3,5,3,3,5,6,6,6,6,6,0
18,6,5,4,5,5,5,6,6,6,6,6,6,6,6,4
19,5,3,5,4,4,4,6,6,6,4,6,5,6,5,5
20,3,3,3,5,5,5,6,6,4,4,4,4,6,6,4
21,4,4,4,4,4,3,4,4,4,4,4,4,4,4,4
22,3,3,5,5,5,5,6,6,4,4,3,4,6,6,4
23,2,3,2,3,3,3,3,3,3,3,3,3,3,3,3
24,3,3,3,3,3,3,2,3,6,6,6,6,6,6,3
25,4,4,4,4,4,4,4,4,4,6,6,6,6,6,4
26,4,4,4,4,4,4,4,4,4,6,6,4,6,6,0
27,4,4,4,4,4,4,4,4,5,4,4,4,4,4,4
28,4,3,3,4,4,3,6,2,5,5,5,3,3,3,4
29,4,4,3,4,4,0,5,3,5,6,6,6,6,6,4
30,5,5,5,5,5,5,5,5,5,0,0,0,0,0,5
31,2,2,1,1,1,1,1,1,1,1,2,1,2,1,1
32,5,2,4,5,5,5,4,5,5,6,6,6,6,6,4
33,5,4,4,4,5,5,5,5,5,5,6,4,6,5,5
34,2,1,2,4,4,3,3,3,4,3,3,4,3,4,2
35,6,3,3,4,4,4,4,4,5,6,6,6,6,6,4
36,6,2,3,4,4,6,6,6,5,6,6,6,6,6,3
37,3,3,3,4,4,4,4,4,3,5,4,6,6,6,4
38,6,3,6,3,3,2,3,0,5,6,6,6,6,6,3
39,6,6,6,4,4,4,4,4,4,6,6,6,6,6,4
40,3,3,3,3,4,4,4,4,5,3,3,6,6,6,4
41,4,4,4,4,4,4,4,4,6,6,6,6,6,6,4
42,6,1,3,4,4,4,6,6,2,5,5,6,6,3,4
43,2,3,3,4,6,4,6,6,6,1,3,4,6,4,4
44,5,5,5,5,5,5,5,5,5,5,5,5,5,5,5
45,5,5,5,5,5,5,5,5,5,5,5,5,5,5,5
46,4,6,6,4,4,4,6,6,6,6,6,4,6,6,4
47,6,3,3,3,6,3,3,3,3,3,6,6,6,6,3
48,3,2,3,3,4,0,0,0,0,0,0,0,0,0,0
49,4,3,3,4,4,4,6,6,5,4,4,4,4,4,4
50,4,3,3,4,4,4,4,3,4,4,5,4,4,4,4
51,4,5,6,4,6,6,6,6,4,6,6,6,6,6,5
52,3,3,3,4,3,4,4,4,4,5,6,4,4,6,3
53,4,4,4,4,4,4,4,4,4,4,4,4,4,4,4
54,3,3,3,4,4,3,4,6,6,6,6,6,6,6,3
55,3,4,4,4,4,4,2,2,6,2,2,2,6,6,3
56,4,4,4,4,4,4,4,4,4,4,4,4,4,6,4
57,4,4,4,5,5,5,5,5,4,4,6,5,6,6,0
58,3,3,4,4,5,5,5,5,5,4,4,4,4,3,5
59,3,4,3,4,4,4,4,4,4,4,4,4,6,4,4
60,6,3,6,4,4,4,4,4,5,6,6,6,6,6,4
61,5,5,5,5,5,5,5,5,5,5,5,5,5,5,5
62,5,5,6,5,6,4,6,6,6,4,6,6,6,6,4
63,5,5,5,5,5,5,6,6,3,4,6,4,6,4,4
64,4,4,5,4,5,4,3,3,4,4,6,2,6,3,4
65,4,4,4,3,4,4,4,4,3,2,3,3,6,6,4
66,5,5,5,5,5,5,5,5,5,3,3,6,6,6,4
67,4,4,4,5,5,4,4,4,5,4,4,5,6,4,4
68,5,5,5,5,5,5,5,5,5,5,6,6,6,6,5
69,4,4,4,4,4,3,3,3,4,3,6,4,6,6,4
70,3,3,2,3,3,3,3,3,4,3,6,6,6,6,3
71,4,4,4,5,5,5,3,4,1,2,2,4,6,6,4
72,3,4,2,3,4,3,3,3,4,6,6,4,6,6,4
73,2,2,2,5,5,5,4,4,4,3,4,4,3,3,4
74,2,2,3,3,3,3,2,2,3,2,3,2,3,3,3
75,2,2,2,2,2,3,3,3,3,4,3,3,4,4,3
76,3,3,3,4,4,4,3,3,3,4,4,3,3,4,4
77,5,4,6,4,6,4,6,6,6,5,6,6,6,6,4
78,4,4,4,4,4,4,4,4,5,3,6,6,6,6,4
79,4,4,4,5,4,3,6,6,5,6,6,6,6,6,4
80,6,3,6,4,6,6,6,6,6,4,6,4,6,6,4
81,6,3,3,4,6,4,6,6,6,3,6,3,6,3,3
82,3,3,4,4,4,4,6,6,6,3,3,3,6,3,4
83,5,4,4,5,5,5,4,4,5,6,6,5,6,6,4
84,5,5,5,5,5,5,6,6,5,5,6,6,6,6,5
85,5,6,5,5,5,5,6,6,5,6,6,6,6,6,5
86,5,5,5,5,5,5,5,5,6,5,6,6,6,6,5
87,5,5,5,5,5,5,5,5,5,5,6,6,6,6,5
88,3,4,4,5,4,4,6,6,6,6,6,6,6,6,4
89,5,4,4,4,4,4,6,6,6,3,4,6,6,6,4
90,6,6,6,5,6,5,6,6,5,5,6,6,6,6,5
91,4,3,3,3,4,4,2,3,2,2,4,4,2,4,4
92,6,3,6,5,4,5,6,6,3,6,6,5,6,6,4
93,5,0,0,0,0,0,0,0,0,0,0,0,0,0,0
94,5,6,4,5,5,5,5,5,5,5,6,6,6,6,5
95,5,3,3,5,5,3,2,2,1,5,5,5,6,5,4
96,4,3,4,4,4,3,4,4,5,6,6,6,6,6,4
97,3,6,6,4,3,4,4,4,6,3,3,6,4,6,4
98,5,4,4,4,4,4,4,4,4,4,4,4,4,4,4
99,3,4,4,4,5,5,6,6,5,4,4,4,6,6,4
100,5,3,6,2,4,6,6,6,6,6,6,6,6,6,4
101,5,4,4,5,3,5,6,6,6,5,6,6,6,6,5
102,6,4,4,4,5,5,6,6,6,5,6,4,6,4,4
103,4,4,3,5,5,4,3,3,5,5,6,6,6,6,4
104,4,6,6,4,4,4,6,6,5,5,6,6,6,6,4
105,4,3,3,4,4,4,6,6,4,6,6,6,6,4,4
106,4,3,3,4,4,4,6,6,3,4,6,6,6,3,4
107,3,3,3,3,4,4,3,3,5,4,6,6,4,6,4
108,3,3,3,4,3,6,6,4,3,6,6,6,6,4,4
109,4,4,4,5,6,5,5,5,5,6,6,6,6,6,5
110,4,4,6,5,5,5,6,6,5,5,6,6,6,4,5
111,4,4,6,4,4,5,5,5,5,5,6,5,6,6,4
112,5,5,5,5,5,5,5,5,5,5,6,5,6,5,5
113,6,3,3,4,6,4,6,6,3,4,5,6,6,2,4
114,4,0,4,5,5,5,4,4,6,3,6,5,6,6,4
115,4,6,6,6,6,6,6,6,6,6,6,6,6,6,0
116,3,3,3,5,4,5,5,5,2,4,3,6,5,6,4
117,5,5,5,5,5,5,5,5,5,5,5,5,5,5,5
118,6,4,4,4,4,4,4,4,4,2,3,3,3,3,4
119,3,4,4,4,4,4,6,6,4,3,4,3,6,6,4
120,5,4,4,4,5,4,4,5,5,4,5,4,5,4,5
121,5,3,3,4,4,4,6,6,3,3,4,6,6,2,4
122,3,4,3,5,4,5,6,6,3,6,6,3,6,6,5
123,4,4,4,5,5,4,5,5,6,5,6,5,6,6,5
124,0,0,0,0,0,0,0,0,0,0,0,0,0,0,0
125,4,4,4,5,5,5,4,6,5,4,4,4,6,6,5
126,5,4,4,5,5,5,6,6,5,4,5,5,5,6,5
127,3,3,3,4,3,2,6,6,4,4,3,3,6,6,4
128,5,5,5,5,6,6,5,6,5,5,5,5,6,5,5
129,4,6,3,4,6,3,6,6,6,6,6,6,6,6,4
130,2,2,3,3,4,4,4,3,3,3,3,3,3,3,3
131,4,4,4,5,5,5,6,6,3,5,6,6,6,6,4
132,1,1,1,3,4,4,2,2,3,5,5,5,6,5,5
133,5,5,5,5,5,5,5,5,5,5,6,6,6,6,5
134,4,2,2,5,5,5,3,3,4,4,4,4,4,4,4
135,4,5,4,5,5,5,4,4,4,5,5,5,6,5,5
136,4,4,4,5,5,4,6,6,4,3,6,4,6,4,4
137,4,4,6,5,0,5,6,6,5,5,6,5,6,6,4
138,3,3,4,5,5,5,6,6,0,6,6,6,6,6,5
139,4,4,4,4,4,5,6,6,0,4,6,4,6,3,4
140,5,3,4,5,5,5,2,2,6,6,6,4,6,6,3
141,3,2,3,3,3,3,6,6,4,4,6,4,6,4,3
142,4,5,4,4,4,3,3,3,6,4,4,6,6,6,5
143,5,3,3,4,4,4,4,4,4,4,3,4,6,4,4
144,6,6,6,6,6,5,4,4,5,6,6,6,6,6,5
145,0,0,0,4,4,5,0,0,0,0,0,0,0,0,0
146,3,2,4,4,4,4,4,4,3,5,5,4,5,5,4
147,5,5,5,5,5,5,5,5,5,5,5,5,5,5,5
148,4,4,6,4,4,4,6,6,6,6,6,6,6,6,4
149,4,6,3,4,4,4,3,3,6,6,6,4,6,2,3
150,5,3,4,5,5,5,5,5,3,5,5,4,6,6,4
151,6,4,6,5,6,6,6,6,6,6,6,6,6,6,2
152,6,6,6,4,4,6,3,4,6,6,6,6,6,6,5
153,5,6,4,4,5,4,6,6,5,4,6,5,6,5,4
154,4,3,3,5,5,5,4,4,4,4,4,5,6,6,5
155,5,4,4,4,5,4,6,6,5,6,6,6,6,6,5
156,5,4,4,4,5,5,3,3,4,6,6,6,6,6,4
157,5,5,5,5,5,5,5,5,5,5,5,5,5,5,5
158,5,6,6,5,6,5,6,6,6,4,6,6,6,6,4
159,4,4,4,4,4,5,6,6,4,5,6,4,6,4,4
160,6,6,4,4,4,4,5,4,5,5,6,6,6,6,4
161,5,5,5,5,5,5,5,5,5,5,5,5,5,5,5
162,5,3,2,5,5,5,6,6,5,6,6,6,6,6,5
163,4,4,3,4,4,4,4,4,4,4,4,4,6,3,4
164,6,1,3,4,3,2,2,2,6,6,6,6,6,6,2
165,5,5,5,5,5,5,5,5,5,5,5,5,5,5,5
166,3,4,4,4,5,4,6,6,5,5,6,6,6,6,5
167,5,6,6,0,0,5,5,5,5,5,5,5,0,0,5
168,6,4,4,5,5,5,5,6,5,6,6,6,6,6,4
169,6,6,6,6,6,6,6,6,2,6,6,6,6,6,2
170,5,5,5,5,3,5,5,5,5,3,5,5,5,6,5
171,5,4,4,5,5,5,6,6,5,5,5,6,6,6,5
172,6,4,4,4,5,5,6,6,0,6,6,6,6,6,4
173,2,2,1,2,3,3,4,4,4,3,6,6,6,6,3
174,3,3,1,4,6,3,6,6,3,6,6,6,6,6,3
175,3,4,3,4,4,4,6,6,4,6,6,6,6,6,4
176,5,5,5,5,5,5,5,5,5,5,5,5,5,5,5
177,3,4,4,4,2,2,2,2,3,3,3,3,6,6,5
178,4,4,0,4,0,4,0,0,3,0,0,0,0,0,4
179,4,4,4,5,4,5,4,4,5,6,6,6,6,6,4
180,4,4,4,5,5,5,6,6,6,5,0,6,6,6,5
181,6,4,4,5,5,5,6,6,5,6,6,6,6,6,5
182,4,3,5,5,5,5,5,6,6,5,5,6,5,4,0
183,3,3,3,4,4,4,4,4,5,4,4,4,4,4,5
184,3,3,3,3,3,3,3,3,3,3,3,3,3,3,3
185,6,6,4,4,4,4,6,3,3,3,6,6,6,6,4
186,5,4,6,5,5,5,5,6,5,6,5,5,6,5,5
187,6,6,6,6,6,6,6,6,6,6,6,6,6,6,5
188,5,5,5,5,5,5,5,5,5,5,5,5,5,5,5
189,4,3,4,5,5,5,4,4,4,5,6,6,6,5,5
190,6,4,4,5,5,5,6,6,5,5,6,5,6,4,4
191,4,4,5,5,6,5,6,6,6,5,6,5,6,5,5
192,3,3,2,1,3,5,6,6,6,1,6,2,6,0,2
193,5,5,5,5,5,5,5,5,5,5,6,6,6,6,5
194,6,6,6,5,5,5,5,5,5,6,6,5,6,6,5
195,4,6,6,4,4,4,6,6,6,6,6,6,6,6,4
196,3,4,3,5,5,5,4,4,5,5,4,6,6,6,4
197,5,5,5,5,5,5,5,5,5,4,4,5,6,6,4
198,5,5,5,4,3,6,6,5,5,5,6,6,6,6,4
199,3,4,4,4,4,4,4,4,5,4,6,6,6,6,4
200,6,4,4,3,5,5,4,4,5,4,0,5,5,6,3
201,1,4,3,3,4,4,6,6,6,2,6,5,6,2,4
202,5,5,5,3,5,4,6,6,6,5,6,6,6,6,3
203,4,4,4,5,4,4,4,4,5,5,6,2,6,3,4
204,5,5,4,3,5,3,5,5,5,5,6,6,6,6,4
205,4,6,6,4,4,5,5,5,6,6,6,6,6,6,5
206,3,4,3,4,4,4,6,6,6,6,6,5,6,6,5
207,6,3,3,3,4,2,4,4,6,5,4,6,5,3,4
208,5,5,4,4,5,5,6,6,5,5,6,6,6,6,5
209,6,2,2,3,4,3,6,6,5,6,6,6,6,6,3
210,4,6,6,4,4,2,6,6,4,3,6,4,6,5,4
211,4,3,3,4,3,4,6,6,5,4,4,6,6,4,4
212,4,6,4,5,5,5,6,6,6,4,6,6,6,6,5
213,4,4,4,4,4,4,4,4,4,4,6,6,6,6,5
214,5,4,3,4,4,3,3,3,3,4,3,3,3,3,4
215,6,4,6,4,6,0,6,6,4,6,6,6,6,6,0
216,4,6,4,5,5,5,6,6,4,4,6,6,6,6,5
217,3,3,3,4,4,5,4,3,5,5,6,6,6,6,3
218,4,4,5,4,5,4,4,4,5,5,5,6,6,6,4
219,4,4,4,4,4,4,4,4,3,4,4,4,4,0,4
220,6,3,3,5,5,4,5,5,5,6,5,5,6,6,5
221,4,4,4,4,4,4,6,6,4,3,4,4,4,6,4
222,5,5,5,5,5,5,5,5,5,5,5,5,5,5,5
223,5,5,5,5,5,5,4,4,4,5,4,4,6,3,4
224,4,4,4,4,2,2,2,2,2,3,3,3,3,3,4
225,5,5,5,2,2,2,1,1,1,3,3,3,3,3,4
226,3,3,3,3,2,2,1,1,1,4,4,4,4,4,4
227,4,4,4,3,4,3,6,6,4,2,6,6,6,6,4
228,4,4,4,5,5,5,5,5,5,5,5,5,5,5,5
229,6,6,3,4,6,3,6,6,4,6,6,6,6,6,4
230,5,4,3,4,4,4,6,6,6,4,3,4,6,3,4
231,1,3,3,5,3,5,1,1,5,6,6,6,6,6,3
232,3,1,3,3,3,2,2,2,3,1,3,6,2,6,4
233,3,3,3,4,3,4,3,4,3,4,3,6,6,6,3
234,5,4,4,5,5,4,6,6,6,5,6,6,6,6,5
235,5,4,4,4,4,4,6,6,6,5,6,6,6,6,4
236,3,2,2,2,3,3,3,3,4,3,3,3,3,0,3
237,6,3,0,3,4,4,6,6,6,6,6,6,6,6,3
238,4,2,3,4,3,3,3,3,2,3,3,4,4,4,4
239,4,3,3,3,3,3,3,3,5,2,2,5,3,3,3
240,3,3,3,2,3,2,2,2,4,6,6,6,6,6,3
241,4,4,4,3,4,3,3,3,3,6,6,6,6,6,4
242,3,3,3,3,3,3,3,3,3,3,3,3,3,3,3
243,0,0,5,5,5,5,5,4,0,0,5,5,6,0,5
244,0,3,4,4,4,4,4,3,5,4,3,6,6,6,4
245,5,5,5,5,5,5,5,5,5,5,5,5,5,5,5
246,5,4,4,5,5,4,4,4,4,6,6,6,6,6,5
247,3,3,4,4,4,4,4,4,4,5,5,5,5,5,4
248,5,2,3,4,4,4,4,4,4,2,3,1,2,2,4
249,0,6,3,3,5,5,5,5,5,6,6,6,6,6,4
250,6,3,4,4,3,3,6,6,3,6,6,6,6,6,4
251,5,5,5,5,5,5,5,5,5,5,5,5,5,5,5
252,6,4,2,4,4,5,6,6,5,0,0,5,0,0,4
253,3,2,2,3,3,3,3,3,6,4,3,2,6,6,3
254,0,0,0,0,0,0,0,0,0,0,0,0,0,0,4
255,4,4,4,4,4,4,4,4,4,4,4,4,4,4,4
256,4,4,3,4,3,3,3,3,3,4,3,6,6,6,4
257,5,5,5,5,5,5,5,5,5,5,5,5,5,5,5
258,0,6,6,4,4,5,0,4,5,0,0,0,0,0,4
259,5,3,0,0,0,0,0,5,0,0,0,0,0,0,0
260,3,3,3,4,4,4,6,6,6,4,3,6,6,6,3
261,3,4,3,4,4,3,6,6,0,4,6,6,6,6,4
262,5,5,4,5,5,5,4,4,5,5,4,5,5,4,5
263,4,4,4,4,4,4,4,4,4,4,4,4,4,4,4
264,0,4,3,3,4,4,4,4,4,4,4,6,6,6,4
265,4,4,4,3,4,4,3,4,4,6,6,6,6,6,4
266,3,3,3,3,4,4,4,4,4,6,6,6,6,6,3
267,4,4,4,4,5,4,4,5,5,6,6,6,6,6,5
268,3,3,3,3,3,3,3,3,3,3,3,3,3,3,3
269,5,5,5,5,5,5,5,5,5,5,5,5,5,5,5
270,6,6,6,4,4,4,4,4,4,4,4,5,4,4,4
271,5,5,5,5,5,5,5,5,5,5,5,5,5,5,5
272,4,4,6,5,5,5,5,5,5,5,5,5,6,4,5
273,4,3,6,5,5,5,4,4,4,5,5,5,5,4,5
274,0,0,0,0,0,0,0,0,0,5,5,4,4,0,0
275,6,4,6,6,6,6,6,6,6,6,5,6,6,6,5
276,5,5,5,5,5,5,5,5,5,5,5,5,5,5,5
277,5,5,5,5,5,5,5,5,5,5,5,5,5,5,5
278,5,3,3,5,5,5,5,5,5,5,5,5,5,5,5
279,2,3,2,4,2,2,3,2,2,3,0,6,6,2,3
280,5,6,4,4,0,0,0,0,0,0,0,0,0,0,0
281,4,4,4,5,5,5,5,5,5,5,4,5,4,0,4
282,3,3,3,4,4,4,3,3,4,4,4,0,0,0,4
283,0,0,0,0,0,0,0,0,0,5,5,5,0,0,5
284,3,3,0,4,4,4,0,0,5,0,3,6,6,6,3
285,5,4,4,4,5,4,6,6,6,4,5,5,6,6,4
286,4,4,4,4,4,4,4,4,3,4,4,4,4,6,4
287,4,5,5,5,5,5,0,5,0,0,0,0,0,0,5
288,0,0,0,5,0,0,0,0,0,0,0,0,0,0,5
289,4,4,4,4,4,4,4,4,4,4,4,4,4,4,4
290,5,4,4,4,5,5,4,0,4,6,6,4,6,6,5
291,4,4,4,4,5,5,5,5,5,5,5,5,5,5,5
292,6,6,6,4,4,4,6,6,4,4,6,6,6,6,4
293,5,5,5,5,5,5,5,5,5,5,5,5,5,5,5
294,0,0,0,4,0,0,0,4,0,5,0,0,6,6,0
295,4,4,4,4,3,4,6,6,4,3,6,5,0,4,4
296,4,4,4,4,4,4,4,4,4,4,4,4,4,4,4
297,5,4,4,5,5,5,6,6,6,5,5,6,4,6,5
298,5,4,4,4,5,4,5,5,4,5,5,6,6,6,4
299,6,6,5,0,5,5,6,6,6,6,4,6,6,6,0
300,6,6,6,4,5,5,6,6,6,6,6,6,6,6,4
301,5,4,4,5,5,0,0,0,0,4,4,5,0,4,4
302,3,3,3,3,4,4,6,6,6,6,6,6,6,6,4
303,3,3,3,3,3,3,3,3,3,3,1,2,6,2,3
304,6,4,6,5,5,5,5,5,5,6,6,5,6,6,5
305,4,5,5,5,5,4,6,6,4,6,6,6,6,6,5
306,6,4,6,5,5,4,6,5,3,4,6,6,6,6,4
307,3,3,3,4,4,4,6,6,6,6,6,6,6,6,4
308,5,3,5,5,5,5,5,5,5,5,5,0,5,0,5
309,4,3,3,4,5,4,4,4,5,4,4,4,6,3,4
310,4,3,4,3,4,4,5,5,4,6,6,6,6,6,4
311,5,4,4,5,5,5,4,4,4,5,5,5,6,4,5
312,3,3,3,3,3,3,3,3,3,3,3,3,3,3,3
313,3,3,3,4,4,3,3,3,6,6,6,6,6,6,3
314,6,6,6,4,4,6,6,6,6,6,6,6,6,6,4
315,5,4,4,3,4,3,3,3,5,4,6,6,6,4,4
316,4,5,5,5,5,5,6,6,5,6,6,6,6,6,5
317,4,3,4,5,5,5,6,6,6,6,6,6,6,6,5
318,6,6,4,5,5,5,6,6,6,6,6,6,6,6,5
319,5,5,5,5,5,5,5,5,5,5,5,5,5,5,5
320,2,2,3,5,5,4,4,4,4,5,5,5,5,5,3
321,0,5,5,5,5,5,5,5,5,5,5,5,5,0,5
322,6,3,3,4,4,4,6,6,6,6,6,6,6,6,4
323,3,6,6,4,5,4,6,4,6,6,6,5,6,6,4
324,4,5,5,4,5,4,3,3,4,4,4,5,6,0,4
325,3,5,3,3,3,3,6,6,4,4,6,3,6,6,4
326,1,1,1,0,0,4,4,4,4,3,0,4,4,4,4
327,6,2,3,3,3,3,3,3,3,6,6,6,6,6,3
328,3,3,3,3,3,3,3,3,3,3,3,3,3,3,3
329,3,4,3,3,3,3,3,3,4,4,4,3,4,3,4
330,3,3,3,4,4,4,3,3,4,4,4,4,4,4,4
331,4,3,3,4,4,3,3,3,4,4,3,6,6,6,4
332,3,3,5,3,5,5,5,5,5,0,0,0,0,0,4
333,6,3,3,5,5,3,4,4,3,4,5,5,5,5,5
334,4,4,4,4,4,4,4,4,4,4,4,4,4,4,4
335,6,4,5,5,5,5,5,5,6,6,6,5,6,6,5
336,6,4,5,5,5,5,5,5,6,6,6,5,6,6,5
337,3,3,3,2,4,4,4,4,5,3,3,3,3,3,4
338,5,1,5,3,5,5,5,5,5,5,4,4,0,0,4
339,6,4,4,0,5,3,6,6,5,3,4,5,6,6,4
340,6,4,3,4,5,4,5,5,6,6,6,6,6,6,4
341,6,6,6,6,6,6,6,6,6,6,6,6,6,6,4
342,6,6,6,4,5,6,6,6,6,6,6,6,6,6,0
343,4,3,3,4,4,4,4,4,4,4,4,4,4,3,4
344,4,6,6,6,4,6,6,6,5,6,6,5,6,6,0
345,3,6,3,3,4,3,6,3,6,6,6,6,6,6,0
346,0,0,0,0,0,0,0,0,0,0,0,0,0,0,0
347,4,6,5,5,5,5,6,6,5,5,5,6,5,6,5
348,4,3,3,3,4,3,4,4,3,5,5,4,4,4,5
349,3,3,1,4,5,5,6,6,6,6,6,6,6,6,4
350,3,3,3,3,3,3,3,3,3,6,6,3,6,6,4
351,4,5,3,4,4,4,4,4,4,6,6,6,6,6,5
352,5,3,3,4,4,5,6,6,6,4,6,5,6,4,4
353,4,1,2,3,4,3,3,4,2,4,6,4,6,6,4
354,4,3,2,4,3,3,3,3,3,3,3,3,2,2,3
355,5,4,4,3,6,4,6,4,5,6,6,6,6,6,5
356,4,3,3,4,4,4,6,6,6,6,6,4,6,6,4
357,3,2,4,4,4,4,4,4,5,5,4,4,4,4,3
358,6,6,6,3,4,4,4,4,6,6,6,6,4,6,4
359,4,4,4,4,4,4,4,4,5,5,5,5,5,5,5
360,5,5,5,5,5,5,5,5,5,5,5,5,5,5,5
361,5,4,4,4,3,4,6,6,5,4,6,6,6,6,5
362,5,6,3,0,4,4,6,6,6,4,6,5,6,5,4
363,5,6,5,5,6,5,6,6,6,6,6,6,6,6,5
364,6,3,3,4,6,4,6,6,6,3,6,6,6,4,4
365,5,5,5,5,5,5,5,5,5,6,6,6,6,6,0
366,6,3,3,4,4,3,4,4,4,6,6,6,6,6,4
367,4,4,4,4,4,4,4,4,4,4,4,4,4,4,4
368,6,6,6,4,0,4,0,0,4,4,6,6,6,6,4
369,6,6,6,4,4,4,4,4,4,6,6,6,6,6,4
370,4,4,4,4,4,4,4,4,4,4,4,4,4,4,4
371,4,4,4,4,4,4,4,4,4,4,4,4,4,4,4
372,3,4,3,3,3,3,3,3,3,3,3,3,3,3,3
373,4,4,4,4,4,3,6,6,4,3,6,3,6,3,4
374,3,3,2,4,3,3,3,3,3,4,6,4,6,0,4
375,6,4,4,3,2,6,6,6,6,6,6,6,6,6,4
376,4,4,4,5,4,4,6,6,4,4,3,0,3,3,4
377,4,4,4,5,4,4,4,4,4,4,1,2,1,2,4
378,6,5,4,4,4,3,6,6,6,6,6,6,6,6,5
379,6,5,4,5,5,5,6,6,6,4,6,4,6,4,5
380,3,2,3,3,3,4,6,6,4,4,6,3,6,2,4
381,5,4,6,4,4,4,6,6,6,4,4,3,6,6,5
382,6,6,6,4,4,4,6,6,6,6,6,5,6,6,4
383,4,3,3,3,3,3,3,3,4,6,6,4,6,6,4
384,5,3,3,4,3,4,6,6,6,4,6,6,6,6,4
385,6,6,6,5,5,5,5,5,5,6,6,5,6,6,4
386,6,6,3,3,3,3,6,6,4,6,6,6,6,6,4
387,5,5,4,5,4,4,4,4,5,5,3,3,3,3,4
388,5,3,3,3,2,3,3,3,5,6,6,6,6,6,4
389,6,4,4,4,4,4,6,6,6,6,6,4,6,6,4
390,6,6,6,3,3,3,3,3,4,0,0,0,0,0,3
391,3,3,3,2,4,3,6,6,3,2,2,2,6,1,2
392,5,2,2,5,5,5,6,6,5,5,5,5,5,5,4
393,4,4,4,4,4,4,4,4,4,4,4,4,4,4,5
394,4,4,4,4,4,4,4,4,2,3,3,4,3,4,4
395,4,4,4,4,4,4,4,4,4,4,4,4,4,4,4
396,4,4,4,4,5,5,5,5,4,5,5,5,5,5,5
397,5,5,5,5,5,5,6,6,6,6,6,6,6,6,5
398,3,3,3,4,6,4,6,6,1,6,6,2,6,2,3
399,3,4,3,3,3,3,4,6,3,6,6,6,6,6,4
400,5,5,4,5,5,5,6,6,5,6,6,6,6,6,5
401,5,5,5,5,5,5,5,5,5,4,4,4,6,6,5
402,4,4,4,4,4,4,3,3,3,6,6,6,6,6,4
403,5,3,3,5,5,5,5,5,4,3,3,6,2,6,4
404,6,6,6,5,6,5,6,6,5,6,6,6,6,6,5
405,5,5,4,5,5,5,6,6,5,5,6,6,6,6,5
406,6,6,6,5,5,5,6,6,6,6,6,6,6,6,0
407,5,4,4,5,4,5,5,5,5,6,6,6,6,6,5
408,4,4,4,4,3,4,6,6,3,4,6,6,6,3,4
409,6,6,6,6,6,6,6,6,6,6,6,6,6,6,5
410,3,3,3,3,2,3,3,3,4,2,6,3,6,2,3
411,4,4,3,5,5,4,4,4,6,6,6,4,6,4,4
412,3,2,2,4,4,4,4,4,6,4,4,4,6,4,3
413,3,4,4,5,5,4,6,6,5,6,6,6,6,6,4
414,4,4,4,4,4,4,4,4,4,6,6,4,6,4,4
415,6,4,4,4,4,5,5,5,5,4,4,3,4,4,5
416,4,6,6,4,4,4,4,4,6,4,6,6,6,6,4
417,6,4,6,4,6,6,6,6,5,6,6,6,6,6,4
418,5,5,5,5,5,5,5,5,5,5,6,6,6,6,5
419,6,5,5,5,5,5,5,5,5,5,6,5,6,6,4
420,4,4,4,4,4,4,4,4,4,4,4,4,4,4,4
421,3,3,3,4,4,4,6,6,6,4,6,3,6,3,3
422,3,5,4,4,3,3,3,3,4,4,6,6,6,6,4
423,4,4,6,4,6,4,4,4,6,6,6,6,6,6,4
424,3,3,3,3,3,3,3,3,3,3,3,3,3,3,3
425,5,5,5,5,5,5,5,5,5,5,5,5,5,5,5
426,3,3,3,4,4,4,4,4,4,0,0,0,0,0,4
427,4,3,2,5,5,4,6,6,5,5,4,4,2,6,4
428,6,4,4,4,4,4,4,4,5,4,4,3,3,3,4
429,5,5,5,5,5,5,6,6,5,5,6,5,6,5,5
430,4,3,3,5,4,4,6,6,4,4,6,4,6,6,4
431,4,4,3,4,4,3,2,2,2,3,2,2,2,1,4
432,3,3,3,3,3,3,3,3,3,3,3,3,3,3,1
433,6,3,3,3,3,3,6,6,6,6,6,6,6,6,3
434,4,3,3,4,4,4,4,4,4,4,6,6,6,6,4
435,5,4,4,4,4,4,4,4,4,4,4,4,4,4,4
436,6,3,2,4,3,4,6,6,6,6,6,6,6,6,3
437,5,4,4,5,5,4,6,6,5,6,6,4,6,6,4
438,4,2,3,4,4,4,3,3,5,3,3,4,6,4,4
439,4,5,4,5,5,5,6,6,5,6,6,5,6,6,5
440,5,5,5,5,5,5,6,6,5,6,6,6,6,6,5
441,4,4,5,4,3,5,6,6,5,4,6,5,6,4,4
442,5,4,4,5,5,3,6,6,6,6,6,6,6,6,5
443,4,4,3,5,5,5,6,6,5,6,6,6,6,6,4
444,4,4,4,5,5,5,6,6,6,6,6,6,6,6,5
445,4,4,6,5,4,5,6,4,6,6,6,6,6,6,4
446,3,4,3,4,4,5,6,6,5,6,6,5,6,6,5
447,4,4,4,5,4,4,6,6,6,4,4,6,4,6,4
448,6,3,6,5,5,5,6,6,5,6,6,6,6,6,4
449,4,6,2,4,5,4,4,4,2,2,2,6,2,6,3
450,3,4,4,2,3,4,4,3,4,6,6,6,6,6,4
451,6,6,4,4,4,4,6,6,5,6,6,6,6,6,3
452,3,6,6,4,4,4,6,6,5,4,6,6,6,6,4
453,5,4,4,4,4,4,4,4,4,5,4,4,4,4,4
454,4,3,4,5,3,4,4,4,5,5,2,3,2,3,3
455,4,4,4,4,4,4,5,4,5,6,6,6,6,6,4
456,3,4,3,4,3,3,4,3,5,4,3,6,6,6,3
457,5,5,6,5,5,5,5,5,6,5,6,6,6,6,4
458,4,4,4,4,5,4,4,4,6,4,6,6,6,6,4
459,4,4,4,5,5,5,5,5,5,0,0,5,5,5,0
460,3,3,3,3,6,3,3,3,3,3,3,1,1,1,0
461,4,2,2,4,4,4,4,4,4,0,0,5,0,0,4
462,4,3,3,4,3,3,4,3,5,4,4,4,4,6,4
463,4,4,4,4,4,5,6,6,4,4,6,6,6,6,4
464,5,3,3,5,5,5,5,5,5,5,5,6,5,6,4
465,3,3,3,3,4,3,4,3,3,3,3,3,6,4,4
466,4,4,4,5,4,5,4,4,5,4,5,5,6,6,4
467,4,2,3,3,4,4,6,6,4,3,3,3,4,2,3
468,4,4,3,5,4,4,6,6,5,5,6,5,6,6,5
469,2,3,3,4,5,5,6,6,5,6,6,5,6,6,4
470,3,4,3,4,4,5,6,5,5,4,6,6,6,6,4
471,4,4,4,5,5,5,4,4,4,5,5,6,6,6,5
472,2,2,2,4,3,1,3,3,3,6,6,6,6,6,3
473,3,3,3,3,3,3,3,3,3,3,3,3,3,3,3
474,2,2,3,4,5,5,5,5,4,4,4,5,5,5,4
475,6,5,4,3,4,3,3,3,5,4,6,4,6,6,4
476,5,4,3,0,5,5,4,4,5,5,5,5,5,5,5
477,4,3,3,4,5,5,6,5,5,6,6,5,6,6,4
478,6,4,6,5,5,5,6,6,4,5,6,5,6,6,4
479,6,3,6,5,5,6,5,5,5,6,6,6,6,6,4
480,5,2,3,5,6,4,4,4,5,6,6,6,6,6,4
481,5,5,5,5,5,5,5,5,6,5,5,5,5,5,5
482,5,5,4,5,5,5,6,6,4,4,4,4,4,4,5
483,5,5,5,5,5,4,5,5,5,5,6,4,6,3,5
484,3,5,5,4,5,5,4,4,5,4,5,5,4,5,5
485,4,4,4,5,5,4,6,6,2,3,1,6,1,6,4
486,5,5,4,5,5,4,6,6,5,5,3,6,6,6,5
487,3,3,3,4,4,4,4,4,5,6,6,6,6,6,4
488,3,3,3,4,2,3,6,6,3,4,3,6,2,6,3
489,3,4,4,4,4,4,4,4,5,6,6,6,6,6,4
490,4,4,4,4,4,4,4,4,4,6,6,6,6,6,4
491,4,4,4,3,3,3,3,3,3,3,3,4,3,6,4
492,3,3,3,5,4,3,3,3,3,4,4,4,3,6,4
493,4,4,4,4,4,4,5,5,5,4,4,4,6,6,5
494,0,0,0,0,0,0,0,0,0,0,0,0,0,0,0
495,3,4,4,3,3,3,6,6,2,6,6,6,6,6,4
496,5,5,5,5,5,4,5,5,5,5,4,5,6,6,5
497,4,6,6,3,4,4,6,6,5,2,6,5,6,6,4
498,5,5,5,5,5,5,6,6,5,5,5,5,6,5,5
499,5,4,4,4,4,4,4,4,4,4,3,4,3,1,4
500,5,4,4,5,4,5,6,6,5,5,6,5,6,6,4
501,5,6,5,5,5,5,5,5,5,5,4,6,6,6,0
502,3,3,3,3,3,3,3,3,3,4,4,3,4,3,3
503,3,3,3,3,3,3,3,3,3,3,3,6,6,6,3
504,2,3,3,4,4,2,0,0,0,3,0,4,2,0,3
505,3,2,3,3,3,3,3,3,1,4,3,3,3,3,3
506,4,4,4,4,4,4,4,4,4,4,4,4,4,4,4
507,4,2,3,3,4,3,3,3,5,6,6,3,6,4,5
508,6,6,3,5,5,5,6,6,4,5,6,5,6,6,5
509,6,6,6,3,5,3,6,6,4,3,3,6,6,6,4
510,2,3,3,2,3,3,1,1,4,3,2,4,3,6,4
511,4,4,3,4,4,4,4,4,4,4,4,4,4,4,4
512,5,5,5,4,5,5,5,5,3,5,5,5,5,5,5
513,3,4,4,4,4,4,4,4,4,3,3,4,4,4,4
514,4,4,4,4,4,4,4,4,5,4,4,4,4,4,4
515,6,6,6,6,6,6,6,6,6,6,6,6,6,6,4
516,5,5,5,5,5,5,5,5,5,5,5,5,5,5,5
517,5,0,0,0,0,0,0,0,0,0,0,0,0,0,0
518,5,5,5,5,5,5,5,5,5,0,0,0,0,0,5
519,4,3,3,2,5,4,6,6,6,2,6,5,6,1,4
520,4,4,3,3,3,4,3,3,4,3,3,3,6,3,3
521,4,4,4,4,4,4,4,4,4,4,4,4,4,4,4
522,5,3,3,4,4,4,2,2,3,4,3,6,3,6,4
523,4,4,4,4,4,4,6,6,6,6,6,6,6,6,4
524,3,3,3,4,5,4,3,4,3,4,6,6,6,6,4
525,5,5,3,4,5,4,5,5,5,6,6,6,6,6,5
526,4,4,4,4,3,0,4,0,6,4,4,6,6,6,5
527,5,4,4,6,6,6,6,6,6,6,6,6,6,6,0
528,4,4,3,4,4,4,4,3,3,4,3,3,3,3,4
529,6,6,6,6,6,5,6,6,5,6,6,6,6,6,0
530,3,3,3,4,5,5,5,5,5,5,5,5,5,5,5
531,6,4,3,3,4,3,6,6,6,6,6,6,6,6,5
532,4,2,3,5,5,4,4,3,6,4,6,6,6,6,5
533,0,3,3,5,5,4,4,4,3,3,0,6,6,6,4
534,4,4,4,5,5,5,6,6,6,5,6,4,6,4,4
535,5,5,5,5,5,5,5,5,5,5,5,5,5,5,5
536,4,4,4,4,5,5,5,5,6,5,6,5,6,5,4
537,4,5,5,5,5,5,5,5,5,5,6,6,6,6,5
538,3,3,3,3,3,3,3,6,6,4,6,6,6,6,3
539,4,3,3,4,4,4,3,3,4,4,6,4,6,6,4
540,2,3,3,4,3,4,3,3,4,4,3,3,4,4,4
541,0,6,6,5,5,5,6,6,4,6,6,6,6,6,5
542,3,4,4,5,3,5,3,3,5,5,6,6,6,6,4
543,5,5,5,4,4,5,4,4,3,4,5,6,6,6,5
544,6,2,1,3,3,4,6,6,6,6,6,6,6,6,3
545,3,3,4,4,5,3,6,6,6,6,6,6,6,6,3
546,4,4,4,4,4,4,6,6,4,6,6,6,6,6,4
547,4,5,4,3,4,5,6,4,5,5,5,6,6,6,5
548,5,4,4,4,4,4,4,4,5,4,4,4,4,4,5
549,3,6,3,3,3,3,6,6,6,3,6,3,6,4,3
550,3,3,3,2,3,2,2,2,2,6,6,6,6,6,3
551,6,5,5,5,5,6,6,6,6,6,6,6,6,6,5
552,5,5,5,5,5,5,5,5,5,6,6,6,6,6,5
553,3,1,3,3,3,3,3,3,3,6,6,6,6,6,0
554,4,4,3,5,5,5,5,5,5,5,5,5,5,5,4
555,5,3,3,4,5,5,6,6,6,3,3,4,6,6,4
556,3,3,3,5,4,4,6,6,5,5,6,5,6,4,4
557,3,2,3,2,3,2,2,2,3,6,6,6,6,6,2
558,3,3,3,5,5,5,6,6,6,5,3,5,6,6,4
559,0,4,4,4,4,4,0,4,4,6,6,6,6,6,4
560,3,2,2,3,6,3,0,0,0,3,6,6,6,6,3
561,4,3,3,4,4,4,4,4,4,4,6,4,6,6,4
562,4,3,3,4,4,4,4,4,5,5,6,6,6,6,4
563,3,3,3,5,3,5,5,5,5,6,6,5,6,6,4
564,3,2,3,3,3,3,3,3,4,2,6,4,6,4,4
565,6,2,3,3,4,4,6,6,6,6,6,6,6,6,4
566,3,4,4,5,5,4,6,6,4,5,6,6,6,6,4
567,0,0,0,5,5,5,0,0,0,0,0,5,0,5,5
568,4,5,5,5,5,5,5,5,6,4,6,4,6,4,4
569,2,2,2,5,5,5,4,4,5,5,6,6,6,6,4
570,4,3,3,4,4,4,4,4,4,4,4,6,6,6,4
571,4,3,3,3,3,3,4,4,3,4,6,3,6,6,4
572,5,4,4,5,6,5,6,6,6,6,6,6,6,6,4
573,0,3,3,4,4,4,3,3,4,4,4,4,6,4,4
574,3,4,6,3,3,3,6,6,4,4,6,4,6,6,4
575,3,3,3,4,3,4,4,4,6,4,3,3,3,3,4
576,6,3,6,4,5,5,0,6,6,6,6,6,6,6,4
577,3,3,3,4,4,4,3,3,4,4,6,6,6,6,4
578,2,4,4,5,4,4,6,6,4,6,6,6,6,6,4
579,5,3,3,5,5,5,3,3,5,6,6,6,6,6,4
580,4,3,3,4,4,4,3,3,3,4,6,6,6,6,4
581,5,4,4,4,5,5,5,5,5,5,5,5,5,5,4
582,4,4,3,3,4,4,6,3,6,2,3,0,4,0,4
583,4,4,4,4,4,3,4,4,3,4,4,4,3,3,4
584,4,6,6,4,4,4,4,4,5,4,6,6,6,6,4
585,6,4,6,5,5,4,6,6,3,6,6,6,6,6,4
586,5,3,3,4,4,4,4,4,5,4,4,4,4,4,5
587,3,1,2,4,4,4,3,3,6,6,6,6,6,6,4
588,6,5,3,5,4,5,4,4,5,6,6,6,6,6,4
589,4,3,4,5,5,5,6,6,4,5,4,6,4,6,4
590,5,4,4,4,5,5,4,4,6,4,3,6,6,6,4
591,4,5,4,5,5,4,4,4,6,4,6,6,6,6,4
592,4,3,3,3,4,4,5,5,6,6,6,6,6,6,0
593,1,2,3,2,5,5,5,5,5,5,5,5,5,4,3
594,4,4,4,4,4,4,4,4,4,4,4,4,4,4,4
595,5,3,3,5,3,5,5,5,5,6,6,6,6,6,4
596,2,2,2,3,3,2,2,0,3,3,3,6,3,6,3
597,5,3,3,5,5,5,4,4,6,5,5,6,6,6,4
598,0,5,0,5,5,0,0,0,0,5,5,0,0,0,5
599,5,5,4,5,5,4,4,4,4,4,4,0,0,0,4
600,6,6,3,5,5,5,5,5,6,5,5,6,6,6,3
601,0,0,6,3,4,3,5,4,3,3,4,0,0,0,0
602,5,5,5,5,5,5,5,5,6,5,5,5,6,6,5
603,5,5,5,5,5,4,4,4,4,5,5,4,4,5,5
604,5,3,3,3,3,3,3,3,4,5,5,4,0,0,4
605,5,0,0,5,0,1,5,5,0,5,5,0,0,0,5
606,5,6,4,4,4,4,6,6,5,5,5,6,6,6,4
607,5,3,3,5,5,5,5,5,2,4,5,4,6,3,4
608,6,4,6,3,6,4,6,6,4,6,6,6,6,6,4
609,4,3,3,4,4,5,4,4,5,5,3,4,3,3,4
610,0,3,3,2,3,3,3,2,2,0,3,3,2,2,2
611,5,5,5,5,5,5,2,2,2,3,2,2,2,2,3
612,3,3,3,4,4,4,3,3,3,4,4,3,3,4,4
613,3,3,3,3,3,3,3,3,3,6,6,6,6,6,3
614,5,5,5,4,4,4,3,3,3,3,3,3,4,4,4
615,4,4,2,2,3,3,3,2,2,3,3,3,2,3,3
616,3,3,3,4,4,3,6,6,5,2,3,6,2,6,4
617,6,4,6,5,6,6,6,6,5,6,6,6,6,6,4
618,3,3,3,4,3,4,4,4,4,3,4,6,6,4,3
619,4,4,4,4,4,4,4,4,4,4,4,4,4,4,4
620,2,2,3,4,3,3,3,3,5,3,3,6,6,6,3
621,4,3,3,4,4,4,3,3,4,6,6,6,6,6,4
622,3,3,3,3,3,3,3,3,3,3,3,3,3,3,3
623,2,2,2,4,4,4,3,3,3,5,3,3,4,4,4
624,5,4,4,3,3,4,4,3,3,4,4,4,5,5,5
625,3,3,3,2,2,2,3,3,3,3,4,4,4,3,3
626,0,0,3,3,0,3,0,0,5,0,0,0,0,0,0
627,4,4,3,4,4,4,5,5,4,2,4,4,4,6,4
628,4,4,4,3,4,4,3,3,4,6,6,6,6,6,4
629,4,3,4,4,4,4,6,6,4,4,4,4,6,6,4
630,6,6,6,5,5,5,5,5,5,5,5,5,5,5,5
631,4,4,2,4,3,3,3,3,1,4,4,3,6,6,4
632,5,5,5,5,5,5,5,5,5,5,6,5,6,6,5
633,5,4,4,4,4,5,6,6,5,5,5,5,6,4,4
634,4,4,4,4,4,4,6,6,4,6,6,4,6,4,0
635,5,4,4,4,5,5,5,5,5,3,4,6,6,6,5
636,5,4,5,5,4,4,5,5,5,5,6,6,6,6,5
637,4,6,4,5,5,5,6,6,5,6,6,6,6,6,5
638,5,5,5,5,5,5,5,5,6,4,6,6,6,3,4
639,3,3,3,3,3,0,3,3,4,3,3,3,3,3,3
640,3,3,3,3,3,3,3,3,3,3,3,3,3,3,3
641,6,4,4,5,5,5,5,5,4,4,6,6,6,6,5
642,5,4,4,5,5,5,6,6,4,5,3,3,6,4,4
643,5,5,5,5,5,5,5,5,5,5,5,5,5,5,5
644,5,4,4,5,5,4,6,6,4,5,6,5,5,6,5
645,6,4,3,4,4,4,5,4,5,5,6,6,6,6,4
646,5,5,5,5,5,5,5,5,5,5,5,5,5,5,5
647,4,4,4,4,4,4,4,4,4,3,4,4,3,3,4
648,4,4,3,5,4,4,6,6,5,6,6,5,6,6,5
649,5,4,4,4,4,4,3,3,6,3,3,4,4,3,4
650,6,6,0,5,5,5,6,6,6,5,5,5,6,6,5
651,5,5,5,5,5,5,5,5,5,6,6,6,6,6,5
652,6,5,3,4,5,5,2,4,5,6,6,6,6,6,5
653,4,4,3,4,4,5,6,6,6,5,6,6,6,5,5
654,4,5,3,4,4,4,6,6,6,6,6,6,6,6,4
655,5,3,4,5,5,4,5,5,2,4,4,4,2,2,5
656,4,3,3,3,4,4,6,6,4,3,6,4,6,6,4
657,5,5,5,5,5,5,5,5,5,5,5,5,5,5,5
658,5,5,5,5,5,5,6,6,5,6,6,6,6,6,5
659,3,3,4,4,5,5,5,5,5,6,6,6,6,6,4
660,4,4,4,4,4,4,4,4,4,6,6,6,6,6,4
661,4,4,3,4,5,0,2,5,2,1,4,5,4,4,5
662,5,3,3,4,4,5,4,4,5,4,4,4,4,4,4
663,4,4,4,5,5,5,6,4,4,6,6,6,6,6,5
664,4,5,3,5,5,5,6,6,4,3,3,3,4,2,4
665,4,2,2,5,5,5,2,2,5,5,4,4,4,5,4
666,3,3,3,2,2,2,1,1,1,4,4,4,4,4,3
667,4,4,4,4,3,3,6,6,6,3,6,3,6,4,4
668,5,6,6,5,5,5,6,6,6,6,6,4,6,6,4
669,5,5,4,4,4,4,4,4,3,3,4,4,4,4,4
670,6,6,3,4,4,6,6,0,6,6,6,6,6,6,4
671,3,3,3,4,3,3,3,3,4,0,0,0,0,0,3
672,5,5,5,5,5,5,6,6,6,4,6,6,6,6,5
673,5,6,4,3,3,3,6,6,1,2,4,4,6,6,3
674,5,4,6,5,4,5,4,5,3,5,4,4,4,6,4
675,5,4,6,4,4,4,6,6,4,3,3,3,3,3,4
676,5,4,4,4,4,5,4,4,6,6,6,6,6,6,5
677,4,3,6,4,4,4,6,6,3,3,3,5,3,6,4
678,4,4,4,4,4,4,6,6,4,5,3,6,6,4,4
679,4,4,4,5,6,4,6,4,6,6,6,6,6,6,4
680,4,4,4,5,4,5,4,4,4,4,4,5,6,6,4
681,4,4,4,5,4,5,6,6,5,5,6,6,6,6,4
682,3,3,3,3,3,3,3,3,3,3,3,3,3,3,3
683,5,4,4,4,5,5,5,4,4,5,6,6,6,4,4
684,5,6,6,4,6,4,6,6,5,6,6,6,6,6,4
685,3,3,3,4,3,4,6,6,3,3,3,6,4,6,4
686,4,3,3,4,4,4,4,4,4,4,4,6,6,4,4
687,5,4,3,5,5,2,5,6,5,4,6,4,6,4,5
688,6,6,6,3,5,5,6,6,6,4,6,6,6,6,4
689,5,4,4,5,5,4,4,4,5,5,6,6,6,6,5
690,5,4,3,3,4,4,4,4,5,3,2,4,3,3,4
691,1,3,3,3,4,4,4,4,4,4,4,4,4,4,4
692,6,3,4,4,4,4,6,6,4,5,5,5,4,6,5
693,2,6,6,4,4,4,6,6,5,3,3,6,3,6,4
694,4,4,4,4,4,4,4,4,4,4,4,4,4,4,4
695,5,4,4,4,4,4,6,6,4,5,4,4,4,6,4
696,2,2,2,4,4,4,2,2,0,4,6,6,6,6,4
697,4,4,5,4,5,5,6,6,4,6,6,4,6,6,4
698,6,5,5,5,5,5,5,5,5,6,6,6,6,6,0
699,6,4,6,4,3,5,6,6,6,4,6,6,6,6,5
700,6,3,3,3,2,5,4,4,6,5,5,5,6,6,4
701,6,6,3,3,3,6,6,6,6,6,6,6,6,6,0
702,5,2,2,2,4,4,4,4,6,4,6,4,6,6,4
703,3,6,3,2,4,5,2,2,5,5,3,5,3,6,4
704,4,4,4,4,4,5,5,4,5,5,6,6,6,6,4
705,4,4,4,4,4,4,6,6,4,4,4,4,4,6,4
706,3,4,4,4,4,4,4,4,4,4,4,6,6,6,4
707,4,4,4,4,4,4,4,4,4,4,4,4,4,4,4
708,6,4,3,4,4,3,3,3,5,4,4,6,6,6,4
709,5,4,4,5,5,5,4,4,5,6,6,5,6,6,5
710,3,3,3,3,3,3,3,3,4,2,6,3,6,6,3
711,4,4,4,3,4,3,3,3,1,2,2,4,2,3,4
712,4,4,4,3,4,4,4,4,3,3,3,3,3,3,3
713,5,3,3,4,5,5,4,4,2,5,2,4,4,4,3
714,3,3,3,3,3,3,3,3,3,0,0,3,0,0,3
715,3,3,4,5,4,5,5,5,6,5,6,5,6,6,2
716,4,4,4,3,3,4,3,3,3,3,3,3,3,3,3
717,6,3,3,4,4,3,3,3,4,3,3,3,3,3,3
718,5,5,5,5,5,5,6,6,5,5,5,5,6,6,5
719,5,4,5,5,5,5,6,6,5,6,6,5,6,6,5
720,4,4,4,3,4,4,4,4,4,4,4,6,2,3,4
721,3,3,3,3,3,3,3,3,2,4,6,4,6,6,4
722,3,2,2,5,5,4,3,3,2,4,6,6,6,6,4
723,0,3,3,4,3,4,2,2,4,4,4,4,4,6,4
724,3,4,4,5,5,4,4,4,3,4,4,5,4,6,4
725,4,4,3,3,3,3,6,6,3,4,3,3,3,3,4
726,4,3,4,5,4,4,4,4,4,4,4,4,4,4,4
727,4,4,3,4,4,3,4,4,4,4,6,6,6,6,4
728,4,3,3,4,4,4,3,3,4,2,2,6,6,6,3
729,6,3,3,4,5,5,3,4,4,4,1,4,4,3,5
730,5,4,4,5,5,5,5,5,5,5,5,5,6,6,5
731,6,6,4,4,4,4,4,4,4,4,3,4,6,6,4
732,5,4,5,5,5,5,4,4,4,5,5,5,4,4,5
733,1,2,0,3,2,3,0,2,0,3,3,3,1,1,3
734,4,4,0,3,3,4,4,4,6,3,4,6,6,6,4
735,5,5,5,3,5,5,6,6,6,6,6,6,6,6,5
736,0,0,0,0,0,0,0,0,0,4,0,0,0,0,4
737,4,4,3,4,3,4,6,6,4,3,4,4,6,2,4
738,6,3,3,4,4,4,4,6,4,6,6,6,6,6,4
739,3,4,3,4,4,4,3,3,5,6,6,6,6,6,4
740,6,3,3,4,4,4,4,4,4,4,4,4,3,3,4
741,4,3,3,3,3,3,3,3,3,3,3,3,3,3,3
742,5,3,4,5,4,5,5,5,5,4,6,4,5,6,5
743,5,5,5,5,5,5,5,5,5,6,6,5,6,6,5
744,4,6,4,4,4,4,6,6,2,6,6,6,6,6,4
745,4,5,6,5,6,6,6,6,6,5,6,6,6,6,5
746,0,5,5,5,6,5,6,6,6,6,6,6,6,6,0
747,4,4,4,5,5,5,6,6,6,4,4,6,6,6,4
748,3,3,3,3,3,3,3,3,3,3,3,3,3,3,3
749,3,3,6,4,4,4,6,6,6,4,0,0,0,0,4
750,5,5,5,5,5,5,5,5,5,5,5,0,0,5,5
751,6,6,6,4,4,4,6,6,4,4,6,6,6,6,4
752,4,4,4,4,4,4,4,4,4,6,6,6,6,4,4
753,2,2,4,4,4,4,3,3,3,4,4,3,3,2,3
754,4,4,4,4,4,4,3,3,3,3,3,3,3,3,3
755,4,4,4,0,3,3,3,3,3,3,3,5,3,3,4
756,3,4,3,3,4,3,3,3,6,4,6,6,6,6,4
757,6,5,6,5,5,4,6,6,5,6,6,6,6,6,4
758,3,4,5,5,5,5,2,2,3,4,3,6,6,5,4
759,6,3,6,3,3,3,6,6,6,3,3,6,3,6,3
760,6,2,6,3,4,4,6,6,2,6,6,6,6,6,3
761,3,3,3,5,5,5,6,6,6,5,6,6,6,6,5
762,4,4,6,5,5,4,6,6,4,4,6,6,6,6,4
763,0,0,4,4,5,5,0,5,5,0,0,0,0,0,5
764,5,4,5,5,5,5,0,0,5,5,5,5,6,6,5
765,5,5,5,5,5,5,5,5,5,5,5,5,5,5,5
766,5,5,4,4,4,4,3,3,5,4,6,6,6,6,4
767,5,5,5,5,5,5,5,5,5,3,0,0,3,3,5
768,5,5,5,5,5,5,5,5,6,5,6,6,6,6,4
769,6,4,3,3,4,2,3,3,5,6,6,6,6,6,3
770,6,3,1,4,0,1,3,6,1,6,6,6,6,6,1
771,4,4,6,4,4,5,4,4,4,5,6,5,6,6,4
772,6,6,0,4,4,2,4,4,5,6,6,6,6,6,4
773,4,3,4,3,4,3,4,3,4,4,5,3,5,4,5
774,4,4,3,4,4,4,4,4,4,6,6,6,6,6,4
775,4,4,3,3,6,4,6,4,6,6,6,6,6,6,4
776,3,3,3,4,4,4,3,3,4,6,6,4,6,6,3
777,5,5,5,5,5,5,6,6,6,6,6,6,6,6,5
778,5,4,3,3,4,4,4,4,4,4,4,4,4,4,4
779,5,4,5,5,5,5,4,4,4,5,5,5,5,5,5
780,4,4,3,3,5,5,6,6,6,2,4,4,6,4,4
781,3,4,3,4,6,4,6,6,6,4,6,6,6,6,4
782,0,4,3,3,3,3,6,6,6,6,6,6,6,6,3
783,4,3,3,4,4,5,3,3,3,4,6,4,6,4,4
784,6,6,6,4,4,4,6,6,5,6,6,6,6,6,4
785,4,6,6,5,3,4,6,6,5,6,6,6,6,6,4
786,0,0,0,5,4,5,0,0,5,0,0,4,0,4,5
787,4,3,3,5,5,5,5,5,5,6,6,6,6,6,5
788,5,5,5,5,5,5,5,5,5,5,5,5,5,5,5
789,6,5,5,5,5,5,5,5,5,6,6,6,6,6,4
790,4,4,4,4,4,4,4,4,4,4,4,4,4,4,4
791,3,2,2,5,4,4,4,6,5,1,1,4,1,1,4
792,5,5,5,5,5,5,5,5,6,6,6,5,6,6,5
793,6,3,3,5,5,4,6,6,3,3,1,4,6,4,3
794,5,3,5,4,4,4,6,6,5,4,4,5,5,5,4
795,5,5,5,5,5,5,5,5,5,4,6,5,6,5,5
796,4,4,4,4,5,5,6,6,5,5,4,6,6,6,5
797,3,3,3,3,3,3,3,3,3,6,6,6,6,6,3
798,5,5,5,4,4,4,6,6,5,3,6,4,6,5,5
799,6,6,6,3,1,3,6,6,3,3,6,6,6,6,3
800,5,5,5,5,5,5,5,5,5,5,5,5,5,5,5
801,5,4,6,5,5,5,6,6,6,6,6,6,6,6,4
802,5,4,4,2,5,4,4,4,6,6,6,6,6,6,4
803,4,3,6,4,5,4,6,6,3,6,6,6,6,6,4
804,3,4,4,4,4,4,4,4,6,6,6,6,6,0,4
805,5,5,5,5,5,5,5,5,5,6,6,6,6,6,5
806,3,5,4,4,4,3,6,6,5,3,2,4,6,6,4
807,4,4,5,2,4,6,3,3,3,6,6,6,6,6,5
808,5,5,5,5,4,4,4,4,5,6,6,6,6,6,4
809,5,4,6,4,4,5,6,6,6,4,4,4,6,6,4
810,4,5,4,4,2,4,4,4,6,4,6,6,6,6,4
811,4,3,4,5,3,4,4,6,4,3,6,6,6,6,4
812,6,3,2,4,5,5,6,6,3,6,6,6,6,6,2
813,4,3,4,2,4,3,6,5,5,6,6,4,6,6,4
814,6,2,3,3,4,3,6,6,6,3,6,4,6,3,3
815,4,3,3,4,4,4,4,4,3,3,2,6,6,6,3
816,5,3,4,4,4,5,4,4,4,3,3,6,6,6,4
817,5,4,3,4,4,3,6,6,4,4,5,3,4,4,4
818,2,3,3,3,5,5,4,4,5,5,4,6,6,6,4
819,2,3,3,4,4,4,6,4,1,6,6,6,6,6,4
820,5,3,4,5,4,4,4,4,6,4,5,5,6,6,4
821,3,3,3,3,3,3,3,0,4,4,4,4,4,4,4
822,5,5,5,5,5,5,5,5,5,4,3,6,6,6,5
823,4,3,3,4,4,4,6,6,3,0,0,0,0,0,0
824,3,1,3,3,4,3,0,0,4,4,6,6,6,6,3
825,5,4,4,5,5,4,6,6,6,4,4,6,6,6,4
826,3,3,6,6,0,6,6,6,6,3,2,6,6,6,3
827,5,5,5,5,5,5,5,5,5,5,5,5,5,5,5
828,4,3,4,4,4,6,6,2,2,6,6,6,6,6,3
829,5,4,2,5,5,5,5,5,5,6,6,6,6,6,4
830,5,3,4,3,3,4,3,2,2,3,3,3,3,3,3
831,4,4,4,4,4,4,1,1,1,4,4,4,6,6,4
832,5,5,6,3,5,3,5,5,2,6,6,6,6,6,4
833,6,4,4,4,4,3,6,6,4,3,3,4,6,6,4
834,3,3,3,5,5,5,6,6,5,2,3,4,6,6,3
835,5,5,4,5,5,5,5,5,5,5,5,5,5,5,5
836,4,4,4,4,4,4,4,4,4,4,4,4,4,4,4
837,3,3,3,0,4,3,3,3,3,3,3,3,3,3,4
838,5,4,4,4,4,3,6,6,0,4,4,6,4,6,4
839,3,3,3,4,4,4,4,3,5,5,4,6,6,6,4
840,5,5,5,5,5,5,5,5,3,3,6,5,6,4,4
841,5,5,5,5,5,3,6,6,5,5,4,4,6,6,4
842,4,4,4,4,4,4,4,4,4,6,6,6,6,6,4
843,5,4,3,5,5,5,6,6,5,6,6,6,6,6,3
844,4,3,3,5,5,5,6,6,6,6,6,6,6,6,5
845,6,6,4,2,6,5,6,6,5,6,6,6,6,6,4
846,4,4,4,4,3,4,2,2,4,6,6,4,6,4,4
847,5,4,4,4,5,5,6,5,4,5,4,4,6,6,5
848,3,6,1,3,4,2,6,3,6,6,6,6,6,6,4
849,3,3,3,5,5,5,6,6,5,3,6,5,6,3,5
850,6,6,6,6,6,5,6,6,6,6,6,6,6,6,4
851,5,4,6,5,5,5,5,5,5,6,6,5,6,6,4
852,5,6,6,0,0,0,0,0,0,0,0,0,0,0,0
853,6,3,3,3,3,2,3,3,6,4,6,4,6,4,3
854,4,4,4,3,4,3,3,3,3,6,6,5,6,5,4
855,6,3,6,4,5,5,6,6,6,4,4,6,6,6,4
856,3,3,5,3,3,4,4,4,5,0,0,0,0,0,4
857,4,4,6,4,4,3,6,6,6,4,6,6,6,6,4
858,4,5,4,4,4,4,4,4,5,4,4,4,4,6,4
859,3,3,6,4,4,4,5,5,1,4,5,5,6,5,4
860,4,3,6,4,4,4,4,4,4,5,3,3,3,3,4
861,3,3,3,3,3,3,6,6,6,4,6,2,6,4,3
862,3,3,3,4,3,3,3,3,4,4,4,4,0,0,0
863,3,4,4,4,4,4,4,4,4,5,6,6,6,6,4
864,4,0,0,4,4,5,4,4,5,4,4,0,0,0,4
865,3,3,3,3,3,3,3,3,4,6,6,6,6,6,4
866,5,5,5,5,5,5,5,5,5,5,4,5,5,5,5
867,4,3,3,2,4,4,6,6,6,2,3,4,6,4,3
868,4,4,4,4,4,4,4,4,4,4,4,4,4,4,4
869,4,6,3,5,5,4,6,6,6,4,4,6,3,6,4
870,5,6,5,5,5,5,5,5,4,5,5,5,5,5,5
871,6,6,5,5,5,5,5,5,5,5,6,6,6,6,5
872,5,5,5,5,5,5,5,5,5,6,6,6,6,6,5
873,3,3,3,4,3,3,4,4,4,6,6,6,3,3,4
874,4,4,3,3,3,3,6,6,3,6,6,6,6,6,4
875,4,4,4,5,5,5,5,5,5,5,5,5,5,5,5
876,0,0,0,4,5,5,0,0,0,0,0,0,0,0,0
877,5,5,5,5,5,4,5,5,5,6,6,6,6,6,5
878,4,4,6,5,5,5,5,4,5,4,6,6,6,6,4
879,4,4,4,4,4,3,4,4,5,6,6,6,6,6,4
880,5,6,4,5,5,4,5,5,5,5,5,5,6,6,5
881,6,6,6,6,1,6,6,6,6,0,0,0,0,0,0
882,4,4,3,3,4,3,3,3,3,6,6,5,6,6,4
883,5,5,5,5,5,5,5,5,5,5,5,5,5,5,5
884,5,5,5,5,5,5,5,5,5,5,5,5,5,5,5
885,3,3,3,5,5,5,4,2,5,5,3,6,6,6,5
886,6,4,4,4,5,4,6,6,6,6,6,6,6,6,4
887,5,4,6,5,5,5,6,6,2,5,6,6,6,6,4
888,3,3,3,4,4,4,4,4,4,4,0,4,6,6,4
889,3,2,2,6,3,4,6,6,5,1,5,3,6,6,2
890,4,4,4,4,4,4,4,4,4,4,4,4,4,4,4
891,5,5,4,5,5,5,5,5,6,5,5,3,6,6,5
892,4,3,3,3,3,3,4,4,2,3,3,4,2,6,3
893,6,6,3,5,5,5,6,6,6,4,6,5,6,4,4
894,5,5,5,5,5,5,3,3,5,5,5,5,5,5,5
895,4,6,2,6,4,4,3,3,6,3,6,6,6,4,3
896,4,4,4,5,5,5,6,6,6,6,6,4,6,6,5
897,4,5,5,5,5,5,5,5,5,0,0,5,0,0,5
898,4,4,4,4,4,4,4,4,6,3,6,3,6,6,4
899,3,3,3,4,4,4,4,4,1,6,6,6,6,6,3
900,4,2,2,4,4,4,4,4,4,6,6,6,6,6,4
901,4,3,4,5,5,5,5,5,5,6,6,5,6,6,4
902,3,4,3,4,4,4,6,6,6,4,4,4,6,4,4
903,5,5,4,5,5,4,5,4,5,6,6,5,6,6,5
904,3,3,2,4,3,4,3,3,3,6,6,6,6,6,3
905,5,3,3,4,4,4,6,6,4,5,6,5,6,4,3
906,3,6,6,6,3,3,6,6,6,6,6,6,6,6,3
907,0,0,0,0,0,0,0,0,0,0,0,0,0,0,0
908,4,4,4,3,4,4,6,6,6,3,6,5,6,4,3
909,5,5,6,5,4,4,4,6,6,6,6,4,6,6,5
910,6,3,3,4,4,4,6,4,3,4,3,6,6,6,3
911,5,4,4,4,5,1,6,6,5,6,6,6,6,6,5
912,6,3,4,4,4,4,4,4,4,4,6,4,6,4,4
913,5,4,4,5,5,5,5,5,5,4,6,4,6,5,4
914,5,3,3,4,5,4,6,6,1,5,5,5,6,6,4
915,4,3,4,4,4,4,4,4,5,4,6,4,6,6,4
916,5,4,4,5,5,5,4,4,6,5,4,6,6,5,4
917,4,5,5,4,4,4,6,6,4,3,6,6,6,6,4
918,5,5,5,5,5,5,5,5,5,5,5,5,5,5,5
919,3,2,2,2,2,2,3,3,3,1,1,1,3,6,2
920,5,4,4,4,3,3,6,6,6,6,6,6,6,4,5
921,5,6,6,4,4,4,6,6,3,4,6,6,6,6,3
922,4,3,3,4,4,4,6,6,4,4,4,6,6,4,4
923,4,4,5,4,5,4,6,6,5,6,6,6,6,6,4
924,4,3,3,3,3,4,6,6,5,3,6,6,6,6,3
925,5,5,4,5,5,5,5,5,5,5,5,5,5,5,5
926,5,4,4,5,5,5,5,5,6,5,6,6,6,6,5
927,4,3,3,3,4,4,3,3,4,4,6,6,6,6,4
928,4,4,4,4,4,4,4,4,4,4,4,4,4,4,4
929,6,6,6,6,5,5,6,6,6,6,6,6,6,6,5
930,5,6,6,5,5,5,5,5,5,5,5,5,5,5,5
931,5,3,3,5,5,5,5,5,5,6,6,6,6,6,4
932,3,2,4,4,4,4,3,3,4,5,3,4,6,4,4
933,4,3,4,5,5,5,5,5,5,5,5,5,5,5,4
934,5,6,4,5,4,5,5,5,5,6,6,6,6,6,5
935,5,5,5,5,5,5,5,5,4,5,5,5,6,5,5
936,4,3,4,5,5,5,5,5,5,5,5,5,6,6,5
937,5,6,4,5,5,5,5,5,5,4,5,6,6,6,5
938,3,3,3,2,3,3,1,3,5,3,3,1,1,1,5
939,4,3,3,4,5,5,5,5,3,5,6,5,6,6,4
940,6,3,6,4,4,4,4,4,5,6,6,6,6,6,4
941,4,4,4,4,4,4,4,4,4,4,4,4,4,4,4
942,5,6,6,5,5,5,5,5,5,5,5,5,6,5,3
943,5,5,5,5,5,5,5,5,5,5,5,5,5,5,0
944,4,4,4,3,5,4,5,4,5,4,4,5,4,5,4
945,3,3,3,3,3,2,2,2,4,4,3,4,6,6,4
946,3,1,6,2,3,3,3,3,3,3,3,3,3,3,3
947,4,3,3,4,4,4,3,3,2,3,3,3,3,3,3
948,3,4,4,4,4,5,3,3,4,2,3,6,6,6,4
949,4,3,4,4,5,5,6,6,4,4,4,6,6,6,4
950,6,6,5,5,5,6,3,3,3,4,4,6,6,6,4
951,6,6,5,5,5,6,4,4,6,4,4,6,6,6,4
952,3,3,3,3,3,3,3,3,3,6,6,6,6,6,0
953,5,5,5,5,5,5,5,5,4,3,3,4,4,6,4
954,5,5,5,5,5,5,6,6,4,4,3,4,3,6,4
955,4,2,3,4,3,4,6,6,5,5,6,4,6,6,4
956,6,3,4,5,4,4,4,4,4,4,6,6,6,6,4
957,3,2,3,1,4,1,2,2,3,3,3,4,3,3,3
958,3,3,3,3,3,3,3,3,3,3,3,3,3,3,3
959,5,3,3,4,4,4,4,4,6,4,4,4,4,4,4
960,4,4,4,5,5,5,5,5,4,5,5,6,4,6,5
961,4,4,4,4,4,4,3,3,6,6,6,6,6,6,4
962,4,4,4,4,4,4,4,4,4,4,4,4,4,4,0
963,5,5,5,5,5,5,6,6,5,5,5,6,5,5,5
964,3,5,4,5,5,3,6,0,5,6,6,6,6,6,5
965,4,2,6,4,5,5,6,6,4,3,3,4,3,3,4
966,4,3,6,4,4,4,6,6,4,4,4,6,4,6,4
967,4,3,6,4,6,4,6,6,4,3,6,6,6,6,4
968,5,3,6,5,6,6,6,6,5,6,6,6,6,6,0
969,5,5,5,5,5,5,5,5,5,5,5,5,4,6,5
970,5,5,5,3,5,3,6,6,3,2,2,1,2,6,4
971,4,5,6,4,5,4,4,4,4,4,4,6,6,6,5
972,0,3,4,4,4,4,0,0,0,4,4,4,4,4,4
973,4,5,5,5,5,4,4,4,4,4,4,4,5,4,5
974,5,5,5,5,5,5,5,5,4,5,4,4,6,6,0
975,4,3,4,3,4,4,4,3,4,0,0,0,0,0,4
976,4,4,4,5,5,4,6,6,4,4,6,5,6,6,4
977,3,3,3,4,3,3,6,6,6,2,3,6,3,6,4
978,0,0,0,0,0,0,0,0,0,0,0,0,0,0,0
979,3,4,4,5,5,4,4,4,5,4,3,4,6,6,4
980,4,4,4,4,4,4,4,4,4,4,4,4,4,4,4
981,4,3,3,4,4,4,3,2,3,4,4,4,6,4,3
982,6,3,6,4,3,4,4,4,3,4,4,4,6,4,4
983,6,3,6,3,6,3,6,6,6,6,6,6,6,6,4
984,5,5,4,5,5,4,6,6,6,3,6,5,6,5,5
985,5,4,4,4,5,5,6,6,5,0,6,6,6,6,4
986,4,4,4,5,4,5,6,6,5,3,6,5,6,3,4
987,4,3,3,4,5,5,6,6,4,5,3,6,4,4,4
988,6,4,6,6,2,0,6,6,3,3,6,4,6,6,3
989,3,4,3,3,3,3,3,3,3,3,3,3,3,3,3
990,4,4,3,3,4,4,3,3,4,4,6,4,4,6,4
991,3,3,3,3,3,4,6,3,6,4,4,6,6,6,4
992,4,4,4,5,5,5,5,5,5,5,6,6,6,6,5
993,4,3,4,5,5,5,5,5,4,4,5,5,4,5,4
994,3,1,6,2,5,5,6,6,3,1,6,6,6,6,3
995,5,3,4,5,5,5,5,5,5,5,4,6,6,6,4
996,5,5,5,5,5,5,5,5,6,6,6,5,0,6,5
997,5,6,3,4,4,4,6,6,6,4,6,4,6,4,4
998,0,0,0,0,0,0,0,0,0,0,0,0,0,0,0
999,6,0,3,2,2,3,3,3,3,4,6,6,4,6,4
1000,4,4,4,5,4,4,4,4,6,5,4,6,4,5,5
1001,4,4,4,5,3,4,6,6,4,6,6,4,6,6,4
1002,3,3,4,5,4,5,4,4,3,4,6,3,6,6,4
1003,5,2,3,5,5,5,6,6,6,5,6,6,6,6,4
1004,3,4,3,4,4,4,4,4,6,3,6,4,6,6,4
1005,5,5,5,5,5,5,5,5,5,5,5,5,5,5,5
1006,4,2,3,3,4,4,3,6,6,4,3,5,6,6,3
1007,5,3,4,5,5,5,5,5,5,5,5,5,5,6,4
1008,3,3,0,4,4,4,5,5,5,5,5,5,6,6,5
1009,4,6,3,4,3,6,6,6,6,6,6,6,6,6,3
1010,5,4,4,5,5,5,5,5,5,5,4,6,6,6,5
1011,4,4,4,4,4,4,4,4,4,6,6,6,6,6,4
1012,6,6,6,2,3,2,3,3,1,4,6,6,6,6,3
1013,3,4,3,4,4,4,4,4,5,4,4,4,4,4,4
1014,5,6,6,4,4,5,5,5,5,3,4,5,6,5,4
1015,5,6,4,5,5,5,6,6,6,6,6,6,6,6,5
1016,3,3,3,3,3,2,3,3,6,6,6,6,6,6,4
1017,5,3,6,3,4,4,4,4,4,4,6,6,6,6,4
1018,4,4,4,4,2,2,6,4,6,4,6,6,6,6,4
1019,4,4,4,4,4,4,4,4,4,6,6,4,6,6,4
1020,4,2,2,4,4,4,6,6,5,4,6,6,6,6,4
1021,4,4,4,5,4,4,6,6,4,5,6,6,6,6,4
1022,4,4,4,5,5,6,6,6,6,6,6,4,6,6,4
1023,5,3,5,5,5,5,5,5,5,5,5,6,5,6,4
1024,5,5,5,5,5,5,5,5,5,5,5,5,5,5,5
1025,5,4,4,4,5,5,6,6,6,3,6,4,6,6,4
1026,4,6,3,4,4,3,3,3,4,3,3,3,3,3,3
1027,2,1,2,5,5,5,4,5,6,4,6,3,6,2,3
1028,6,4,4,5,5,5,6,6,6,5,6,5,6,4,4
1029,0,0,0,0,0,0,0,0,0,3,0,3,0,4,3
1030,2,2,2,5,5,5,5,5,5,5,5,6,6,6,5
1031,5,5,5,3,5,4,4,4,6,5,3,5,6,6,5
1032,5,4,5,5,6,6,6,6,5,5,6,6,6,6,5
1033,5,5,5,5,5,5,5,5,5,6,6,6,6,6,5
1034,5,5,5,5,5,5,6,6,5,5,5,5,6,6,5
1035,4,4,4,4,4,5,4,4,5,6,6,4,6,6,4
1036,4,3,3,4,4,4,6,6,5,6,6,4,6,6,4
1037,5,5,5,5,5,5,5,5,5,5,5,6,5,6,5
1038,0,4,4,5,5,5,4,4,4,0,0,0,0,0,4
1039,4,5,3,4,4,4,6,6,6,4,3,5,6,6,4
1040,6,3,6,3,3,3,6,4,5,6,6,6,6,6,3
1041,5,5,5,5,5,5,5,5,5,6,6,6,6,6,5
1042,3,3,3,4,4,4,3,3,4,4,6,6,6,6,4
1043,5,5,5,5,5,5,6,5,6,6,6,6,6,6,5
1044,6,4,6,5,6,5,6,6,5,6,6,6,6,6,5
1045,3,4,4,4,4,4,5,0,6,3,4,4,6,6,0
1046,5,5,5,5,5,5,5,5,5,5,5,5,5,5,5
1047,4,4,4,4,3,4,4,4,4,4,4,1,6,6,4
1048,4,4,4,2,4,4,2,2,4,0,0,3,0,0,3
1049,6,6,6,6,6,5,6,6,6,6,6,6,6,6,5
1050,5,4,4,5,5,5,5,5,5,5,5,6,6,6,5
1051,4,3,3,5,5,4,3,3,6,4,6,6,6,6,4
1052,2,3,6,4,5,5,4,4,6,6,6,5,0,2,3
1053,3,3,3,4,4,4,3,3,6,4,3,4,3,4,4
1054,5,4,4,4,3,3,2,2,5,5,6,6,6,6,5
1055,0,0,0,0,0,3,0,0,1,5,0,0,0,0,4
1056,5,4,4,4,4,4,6,6,6,3,3,6,3,6,4
1057,5,3,4,5,5,5,5,5,3,6,6,6,6,6,5
1058,6,3,3,3,3,3,6,6,4,6,6,6,6,6,3
1059,5,5,5,5,5,5,5,5,5,6,6,6,6,6,5
1060,4,4,3,3,3,3,3,3,3,4,3,4,6,2,4
1061,6,3,3,4,4,4,2,4,6,1,6,4,6,4,3
1062,0,0,0,0,0,0,0,0,0,0,0,0,0,0,0
1063,4,4,4,5,4,4,3,4,5,4,4,3,6,6,4
1064,4,3,4,4,4,4,6,6,4,4,4,6,6,6,4
1065,6,3,6,0,3,3,6,6,6,3,6,4,6,4,4
1066,5,5,5,5,5,5,5,5,5,5,6,6,6,6,5
1067,4,4,4,4,4,4,6,6,4,4,6,5,6,5,5
1068,6,6,5,5,5,5,5,5,5,0,0,0,0,0,5
1069,4,3,3,4,4,4,6,6,4,4,4,4,6,6,4
1070,5,5,5,5,5,5,5,5,5,5,5,5,5,5,5
1071,3,3,3,3,4,4,2,2,2,2,3,4,4,3,3
1072,4,4,3,5,5,5,5,4,3,4,4,6,6,6,5
1073,4,3,2,3,3,3,2,2,3,4,4,6,4,6,4
1074,4,4,4,4,4,4,4,4,5,6,6,6,6,6,4
1075,3,4,4,5,5,5,5,5,5,5,5,6,6,4,5
1076,4,4,4,5,5,5,4,4,6,6,6,6,6,6,4
1077,5,5,5,5,5,5,5,5,5,5,5,5,5,5,5
1078,3,3,3,2,6,5,6,6,5,6,6,6,6,6,4
1079,4,2,2,4,5,4,6,6,4,4,4,6,4,6,4
1080,6,6,6,4,4,4,6,6,5,6,6,6,6,6,4
1081,6,4,4,5,4,4,4,4,5,4,5,5,4,6,5
1082,4,2,2,4,4,4,6,6,5,4,3,4,6,6,4
1083,4,2,2,3,6,4,6,6,2,6,6,6,6,6,3
1084,4,6,6,6,6,5,6,6,5,5,6,5,6,5,4
1085,2,3,4,5,5,5,5,5,5,5,5,5,5,5,4
1086,4,3,3,4,4,4,4,4,4,4,6,6,6,6,4
1087,0,0,0,0,0,0,0,0,0,0,0,0,0,0,0
1088,4,5,5,5,5,5,5,5,6,5,6,6,6,6,5
1089,5,3,4,5,5,4,4,4,3,6,6,5,6,6,4
1090,4,3,3,4,4,4,4,4,4,4,6,4,6,4,4
1091,5,4,4,5,5,5,4,4,5,5,4,4,5,3,4
1092,4,3,4,4,4,4,3,3,5,4,6,6,6,6,4
1093,3,6,6,4,4,5,5,0,6,0,0,0,0,0,0
1094,5,5,3,4,4,4,6,6,5,2,4,5,6,6,4
1095,5,4,3,5,5,5,3,3,5,4,6,4,6,6,5
1096,5,5,5,5,5,4,6,6,5,4,3,4,6,6,5
1097,4,4,6,5,5,6,0,0,6,0,0,0,0,0,0
1098,6,6,6,5,5,5,5,5,5,5,6,6,6,6,5
1099,4,3,4,5,5,5,4,4,5,4,6,4,6,6,4
1100,2,2,2,3,3,3,2,2,2,3,3,3,3,3,3
1101,3,4,3,4,3,3,2,2,3,2,2,2,2,1,3
1102,4,4,4,4,4,4,4,4,3,4,4,6,6,4,4
1103,5,6,6,5,5,5,6,6,5,6,6,6,6,6,4
1104,4,3,2,4,3,3,4,4,3,4,5,4,6,6,4
1105,5,5,4,4,5,5,5,5,5,4,5,6,6,4,5
1106,1,1,1,4,4,4,4,2,2,3,3,3,3,3,3
1107,6,6,4,6,4,5,5,5,5,6,6,6,6,6,5
1108,4,3,3,4,3,3,6,6,3,4,6,6,6,4,4
1109,6,3,3,3,3,3,3,3,6,6,6,5,6,6,4
1110,5,3,4,4,5,5,2,2,5,5,4,4,4,4,4
1111,5,5,5,5,5,5,5,5,5,4,5,5,5,4,5
1112,5,5,5,5,5,5,5,5,5,5,5,5,6,6,5
1113,4,6,6,4,6,6,6,6,6,6,6,6,6,6,4
1114,3,4,4,3,4,4,5,5,5,4,4,4,4,4,3
1115,4,4,4,5,4,3,6,6,3,5,6,4,6,6,5
1116,5,4,4,3,4,5,5,5,4,5,6,4,6,6,4
1117,3,3,2,0,3,3,3,3,3,4,3,3,2,2,3
1118,4,4,4,5,5,3,6,6,5,5,5,6,6,6,4
1119,3,3,3,4,4,5,5,5,5,5,6,6,6,6,4
1120,5,5,4,5,5,5,5,5,5,5,5,6,4,4,5
1121,5,5,5,5,5,5,4,4,4,4,4,5,5,5,4
1122,0,0,0,0,0,0,0,0,0,0,0,0,0,0,5
1123,5,4,3,4,2,3,6,6,4,4,6,3,6,6,4
1124,3,3,3,4,4,4,6,6,3,2,4,3,4,6,4
1125,5,2,2,5,4,4,2,2,2,4,4,3,3,3,4
1126,2,2,2,3,4,5,3,3,5,5,4,4,4,4,4
1127,5,5,5,4,4,5,6,6,6,4,4,6,5,6,4
1128,4,4,3,3,3,4,4,4,3,4,6,5,6,4,4
1129,4,4,4,3,3,3,6,6,5,6,6,4,6,6,5
1130,4,4,4,4,4,4,4,4,4,4,6,4,6,3,4
1131,5,6,6,4,4,4,5,6,6,5,3,6,5,6,0
1132,5,4,4,4,5,5,5,5,5,4,4,5,6,6,5
1133,4,6,6,4,4,4,4,4,4,6,6,6,6,6,5
1134,5,4,3,4,4,4,5,5,2,6,6,5,6,6,4
1135,4,4,3,4,4,3,3,3,3,5,4,4,4,4,4
1136,4,5,4,5,5,5,5,5,5,5,5,5,5,5,5
1137,4,3,3,3,3,6,6,6,4,3,3,3,3,6,3
1138,5,5,5,5,6,5,6,6,6,4,4,6,4,6,5
1139,5,5,5,5,5,5,5,5,5,4,5,5,5,5,5
1140,6,6,6,4,3,4,6,6,6,4,3,6,6,6,4
1141,3,3,2,4,4,4,4,4,4,4,6,4,6,4,4
1142,4,6,2,3,0,3,3,3,3,3,6,3,6,6,4
1143,3,6,3,4,3,3,6,6,4,4,3,6,6,6,4
1144,2,4,4,4,4,4,3,3,5,5,5,5,5,5,4
1145,6,4,4,4,4,4,4,4,4,4,4,6,6,6,4
1146,5,3,4,4,5,4,6,6,5,5,4,4,4,6,4
1147,6,4,4,4,4,4,4,4,3,5,6,6,6,6,4
1148,3,4,4,4,5,5,4,4,5,4,4,3,3,2,4
1149,5,5,5,4,4,5,6,5,5,6,6,6,4,6,4
1150,2,2,3,1,4,2,1,1,6,6,6,2,6,6,3
1151,5,3,6,3,4,4,4,4,6,6,6,6,6,6,4
1152,4,4,4,4,4,4,4,4,4,4,4,4,4,4,4
1153,4,4,4,5,5,5,4,4,4,6,6,6,6,6,4
1154,6,6,6,4,4,5,5,5,5,6,6,6,6,6,5
1155,5,5,5,5,5,5,5,5,5,6,6,6,6,6,5
1156,6,3,4,4,4,4,4,4,3,0,0,0,0,0,4
1157,5,2,2,3,3,3,2,2,3,4,4,3,2,2,3
1158,6,3,4,4,3,3,4,4,2,4,3,6,6,6,4
1159,3,3,3,5,5,5,5,5,5,5,5,5,5,0,4
1160,4,3,3,3,4,4,3,3,4,4,4,4,4,4,4
1161,0,4,0,0,4,0,0,0,0,0,0,0,0,0,0
1162,6,3,4,5,4,4,4,4,6,4,4,4,4,4,4
1163,5,5,5,5,5,5,5,5,5,5,5,5,5,5,5
1164,6,6,6,6,6,6,6,6,6,6,6,6,6,6,5
1165,5,5,5,5,5,5,5,5,5,6,6,6,6,6,5
1166,5,5,5,5,5,5,5,5,5,0,0,0,0,0,5
1167,4,6,6,3,5,4,2,2,6,1,6,6,6,6,5
1168,6,5,6,4,5,4,4,4,5,5,6,6,6,6,5
1169,4,5,5,5,5,5,5,5,5,6,6,6,6,6,5
1170,5,4,4,5,5,5,5,5,5,5,5,6,6,6,5
1171,5,6,5,5,5,5,6,6,6,6,6,6,6,6,5
1172,5,4,4,5,5,5,5,5,5,4,3,5,3,3,4
1173,4,4,5,4,4,3,4,4,6,4,3,4,6,6,4
1174,3,3,3,3,3,3,6,6,4,6,6,4,6,4,4
1175,6,4,6,4,6,4,6,6,4,6,6,6,6,6,3
1176,4,4,4,4,4,3,6,6,4,6,6,6,6,6,4
1177,5,3,3,4,5,4,4,4,5,4,6,5,6,5,4
1178,6,6,4,4,4,5,4,4,5,5,6,6,6,6,4
1179,6,4,3,2,3,3,6,6,3,2,6,6,6,4,4
1180,4,4,4,4,4,4,4,4,4,4,4,4,4,4,4
1181,3,4,4,5,5,5,6,6,5,4,6,6,6,6,4
1182,5,4,4,4,5,4,4,4,5,5,4,4,6,5,5
1183,4,6,6,4,4,4,6,6,5,6,6,5,6,6,4
1184,5,6,6,4,4,5,6,6,5,6,6,5,6,6,4
1185,5,5,5,5,5,5,4,5,5,5,5,4,5,4,5
1186,5,5,5,5,5,5,5,5,5,5,5,5,5,5,5
1187,6,3,4,3,3,3,6,6,3,6,6,6,6,6,4
1188,5,3,3,3,4,3,6,6,6,3,3,6,6,6,4
1189,5,3,5,5,5,4,5,5,5,5,6,6,6,6,5
1190,4,2,1,5,5,5,6,6,5,6,6,5,6,6,3
1191,3,2,2,4,3,4,2,2,0,0,0,0,0,0,0
1192,5,5,5,5,5,5,5,5,5,5,5,5,5,5,5
1193,5,5,5,5,5,5,6,6,6,5,5,6,6,6,5
1194,4,4,6,4,4,4,6,6,4,4,4,4,4,4,4
1195,4,4,3,3,4,4,3,3,3,4,4,4,3,3,4
1196,4,6,6,4,5,4,6,6,4,4,6,6,6,6,4
1197,2,2,3,3,3,4,4,4,4,4,4,4,4,4,4
1198,3,3,3,3,3,3,3,3,2,4,4,4,4,4,4
1199,4,4,3,4,4,4,3,4,4,4,4,4,4,3,4
1200,4,4,3,3,4,4,3,4,4,3,3,4,4,4,4
1201,3,2,3,4,4,4,3,3,4,4,6,6,6,6,3
1202,3,4,4,4,4,4,4,4,6,6,6,6,6,6,4
1203,3,3,4,3,4,4,6,6,6,6,6,3,6,6,4
1204,6,6,6,0,5,3,3,5,3,6,6,6,0,0,0
1205,5,2,2,4,4,4,3,3,2,0,0,0,0,0,4
1206,5,5,4,5,4,5,5,5,5,3,4,5,5,5,4
1207,3,3,3,3,3,3,3,3,3,3,6,3,6,6,3
1208,4,4,3,3,4,4,3,3,2,1,4,4,3,4,4
1209,5,5,5,5,5,5,5,5,5,6,6,5,6,6,0
1210,4,3,4,4,4,4,6,6,4,6,4,6,4,4,4
1211,4,3,2,5,2,3,3,6,5,0,0,0,0,0,3
1212,6,3,3,3,3,3,6,6,6,6,6,6,6,6,3
1213,3,4,4,4,4,5,2,2,2,3,3,3,3,3,3
1214,3,1,4,4,5,4,6,6,6,6,6,6,6,6,3
1215,4,4,4,5,4,4,6,6,5,5,6,4,6,4,5
1216,3,3,3,3,3,3,3,3,3,3,3,3,3,3,3
1217,5,5,3,5,5,5,6,5,4,3,6,5,6,6,5
1218,3,4,4,5,4,4,4,4,6,5,6,6,6,6,4
1219,5,4,4,4,4,3,6,6,4,6,6,5,6,6,4
1220,5,4,4,5,5,5,6,6,4,5,5,6,6,6,5
1221,5,4,5,5,5,5,5,5,5,5,5,6,6,6,5
1222,4,3,3,3,4,4,2,2,3,4,4,3,3,3,4
1223,5,3,3,3,2,3,6,6,4,3,3,3,3,4,3
1224,4,3,4,4,4,4,6,6,5,6,6,5,6,6,5
1225,3,3,3,4,4,3,6,4,4,6,6,6,6,6,4
1226,1,3,3,4,4,4,3,3,3,4,4,4,4,4,4
1227,6,4,4,4,4,4,6,6,4,6,6,6,6,6,4
1228,4,3,3,4,5,5,5,5,5,6,6,4,6,4,4
1229,5,5,5,5,5,5,5,5,5,5,6,6,6,6,5
1230,4,4,4,3,5,4,4,4,5,3,5,5,6,6,4
1231,4,5,5,5,5,5,4,5,5,5,6,6,6,6,5
1232,3,4,4,5,4,4,4,4,5,6,6,6,6,6,5
1233,6,3,3,4,4,4,6,6,5,4,6,6,6,6,4
1234,4,4,4,3,3,4,3,3,4,3,4,4,6,6,4
1235,4,4,4,4,4,4,3,0,4,3,2,3,4,2,4
1236,2,2,2,5,5,5,4,5,1,5,6,6,6,6,4
1237,3,3,3,4,5,5,4,3,6,3,6,6,6,4,4
1238,3,5,5,5,5,5,5,5,3,6,6,5,6,6,4
1239,4,4,4,4,4,4,4,4,4,4,4,4,4,4,4
1240,4,2,3,4,5,4,4,4,5,4,6,6,6,6,4
1241,4,4,3,5,4,3,4,4,5,5,5,4,5,4,5
1242,5,5,5,5,5,5,5,5,5,6,6,6,6,6,5
1243,6,6,4,4,4,4,4,4,4,6,6,6,6,6,4
1244,5,5,4,4,4,4,3,3,3,3,3,4,3,3,4
1245,4,4,4,4,4,4,3,4,2,6,6,6,6,6,4
1246,4,4,4,4,4,4,4,4,4,4,4,4,4,4,4
1247,5,5,5,4,4,4,6,6,6,6,6,6,6,6,0
1248,5,5,5,5,5,5,5,5,5,5,5,6,5,6,5
1249,4,4,4,4,4,4,4,4,4,3,3,3,3,3,0
1250,4,6,6,5,5,5,6,6,4,6,6,6,6,6,5
1251,5,4,4,5,4,5,5,5,6,6,6,6,6,6,5
1252,2,2,3,5,4,4,3,3,3,4,4,3,3,3,4
1253,5,4,4,4,4,4,4,4,5,4,4,5,5,6,4
1254,5,5,5,5,5,5,6,6,5,5,5,6,6,6,5
1255,4,4,3,5,4,5,6,6,4,6,6,6,6,6,5
1256,5,5,4,3,3,2,2,2,3,3,2,3,2,2,3
1257,3,3,3,4,6,4,4,4,4,4,6,6,6,6,4
1258,5,5,5,5,5,5,5,5,5,4,5,6,6,6,5
1259,3,3,3,1,3,1,3,3,4,5,6,4,6,6,3
1260,5,5,5,5,5,5,5,5,5,5,5,5,5,5,0
1261,5,5,5,5,5,5,5,5,5,6,6,6,6,6,5
1262,4,4,4,3,4,4,6,6,5,5,6,6,6,6,4
1263,5,5,5,4,4,4,3,3,3,3,3,4,4,4,4
1264,0,0,0,0,0,0,0,0,0,0,0,0,0,0,0
1265,5,5,4,4,4,3,4,4,3,3,3,5,5,5,4
1266,4,4,4,4,4,4,4,4,4,6,6,6,6,6,4
1267,5,5,5,4,4,4,1,1,1,4,4,4,5,4,4
1268,5,5,5,5,5,5,5,5,5,5,5,5,5,5,5
1269,5,5,5,4,4,4,3,3,3,4,4,4,4,4,4
1270,4,4,4,4,4,4,4,4,4,4,4,4,6,4,4
1271,4,3,3,3,3,4,6,0,1,6,6,4,6,4,3
1272,4,4,4,4,3,4,6,6,4,6,6,6,6,6,4
1273,0,3,3,4,4,3,3,3,6,4,6,6,6,6,3
1274,4,4,4,4,4,4,4,4,6,4,6,6,6,6,4
1275,4,4,3,2,3,4,4,4,4,4,4,5,3,4,4
1276,4,4,4,4,4,3,6,6,6,4,4,6,2,6,4
1277,6,4,3,4,4,4,6,6,6,4,6,5,6,4,4
1278,4,3,6,3,4,4,6,6,6,6,6,2,6,6,4
1279,0,6,3,3,4,4,6,6,4,4,4,6,6,6,4
1280,4,2,3,3,2,2,6,6,3,3,1,3,6,3,3
1281,4,3,3,4,4,4,4,6,6,5,6,6,6,3,4
1282,6,0,5,5,5,5,6,6,5,5,6,6,6,6,5
1283,5,5,5,5,5,5,5,5,5,5,6,4,6,3,5
1284,3,4,4,4,3,4,3,3,1,4,3,4,6,3,3
1285,4,4,4,4,5,5,4,4,5,4,4,6,6,6,4
1286,5,5,4,4,4,4,4,4,4,0,5,5,4,5,5
1287,6,3,4,4,4,4,6,6,6,6,6,5,6,4,4
1288,4,5,5,5,5,5,5,5,4,5,5,5,6,6,4
1289,6,4,4,4,4,4,3,3,5,4,2,5,5,6,4
1290,3,3,3,3,3,4,6,6,4,4,6,4,6,6,4
1291,5,4,4,5,5,5,6,6,5,6,6,5,6,4,5
1292,6,5,5,3,6,5,6,6,6,2,1,6,6,6,4
1293,4,4,4,4,4,4,4,4,4,4,4,6,6,6,5
1294,5,5,5,4,4,4,4,4,6,5,6,6,6,6,5
1295,5,5,5,5,5,5,5,5,5,5,6,6,6,6,5
1296,4,5,6,5,5,5,5,5,4,5,6,5,6,3,0
1297,4,4,4,4,4,4,4,4,4,4,4,4,4,4,4
1298,3,3,3,3,3,3,3,3,3,0,0,0,0,0,3
1299,3,6,3,3,2,0,3,3,1,3,3,4,6,6,2
1300,6,6,6,5,5,5,6,6,6,6,6,6,6,6,5
1301,5,4,4,4,4,4,3,3,4,4,6,4,6,4,4
1302,5,5,5,5,5,5,5,5,5,5,5,6,5,6,5
1303,4,3,3,4,6,4,2,6,5,2,6,5,6,3,5
1304,3,2,3,4,6,6,6,6,6,5,6,6,6,6,4
1305,5,5,4,5,5,5,6,6,4,4,4,5,6,6,4
1306,2,3,6,4,6,5,6,4,6,4,6,6,6,6,4
1307,4,4,4,5,5,5,6,6,6,6,6,6,6,6,4
1308,0,4,4,4,5,4,4,0,0,0,0,0,0,0,4
1309,6,6,6,6,5,6,6,6,6,6,6,6,6,6,0
1310,6,3,3,4,5,5,6,6,5,6,6,5,6,6,4
1311,3,3,4,5,5,4,3,5,6,6,6,4,6,6,4
1312,6,6,4,5,5,6,6,6,6,6,6,6,6,6,4
1313,5,6,3,5,5,6,4,4,5,6,6,6,6,6,5
1314,3,4,4,5,5,5,4,4,5,4,6,6,6,6,5
1315,3,3,3,4,4,4,6,6,5,3,3,4,6,4,4
1316,5,6,3,3,2,6,6,6,4,4,1,6,6,4,4
1317,6,6,6,6,3,3,2,2,5,6,6,3,6,6,3
1318,4,2,3,3,4,3,2,2,4,3,3,3,3,3,3
1319,6,3,3,5,4,4,4,4,3,4,3,3,3,3,4
1320,3,3,3,3,4,4,4,4,5,4,4,4,4,4,4
1321,3,2,3,5,4,3,4,4,1,3,2,2,2,4,3
1322,4,6,3,4,4,4,4,4,4,6,4,6,4,4,4
1323,3,1,2,3,4,3,3,3,3,4,3,2,2,2,2
1324,5,5,5,5,5,5,5,5,5,5,5,5,5,5,5
1325,3,4,6,6,4,2,4,4,5,5,6,6,5,6,5
1326,5,5,5,5,5,5,5,5,5,6,6,6,6,6,5
1327,5,4,4,5,6,5,5,6,6,6,6,6,6,6,5
1328,5,5,5,5,5,5,5,5,6,6,6,6,6,6,5
1329,5,5,5,5,5,5,5,5,5,6,6,6,6,6,5
1330,6,3,6,3,4,4,6,6,5,6,6,5,6,6,5
1331,3,4,6,0,3,6,3,3,6,6,6,6,6,6,3
1332,5,4,4,4,4,4,4,4,4,6,6,6,6,6,4
1333,5,4,6,5,5,5,6,6,6,6,6,6,6,6,4
1334,4,4,4,3,3,3,4,4,4,6,6,6,6,6,0
1335,3,3,4,3,3,3,6,6,6,6,6,6,6,6,3
1336,4,4,4,4,4,4,4,4,4,4,4,4,4,4,4
1337,4,3,3,4,4,4,3,2,4,4,3,4,6,4,3
1338,4,3,3,3,4,3,3,3,4,6,6,6,6,6,3
1339,3,3,3,3,4,4,4,4,4,3,3,3,4,4,4
1340,3,3,3,4,4,4,4,4,4,4,4,4,4,4,3
1341,6,6,1,5,5,5,6,6,6,6,6,6,6,6,0
1342,6,4,4,5,5,4,5,5,1,5,6,6,6,6,4
1343,4,4,4,4,4,4,4,4,4,4,4,4,4,4,4
1344,5,3,5,5,5,4,6,6,6,5,4,5,6,4,4
1345,6,4,4,4,4,4,3,4,5,4,0,4,0,3,4
1346,0,0,0,0,0,0,0,0,0,0,0,0,0,0,0
1347,6,4,4,6,3,6,6,6,4,6,6,6,6,6,4
1348,4,3,4,5,5,5,6,4,6,6,6,6,6,6,4
1349,5,5,5,5,5,5,5,5,5,5,5,6,6,6,4
1350,3,3,3,3,3,3,3,3,3,0,0,0,0,0,3
1351,5,6,4,3,5,5,6,5,6,6,6,5,6,5,4
1352,5,2,4,4,4,5,6,6,5,6,6,6,6,6,4
1353,0,3,6,4,4,4,6,6,6,5,5,6,6,6,4
1354,5,4,4,3,1,1,5,5,5,6,6,6,6,6,4
1355,5,3,4,4,4,4,6,6,5,4,4,6,6,6,4
1356,4,4,4,4,4,3,6,6,5,4,6,4,4,4,4
1357,5,5,5,5,5,5,5,5,5,5,4,4,4,5,5
1358,3,3,3,3,3,3,3,3,3,3,3,3,3,3,3
1359,4,3,4,4,4,4,4,4,4,6,6,6,6,6,4
1360,5,3,3,3,4,4,3,4,1,4,3,3,3,3,4
1361,4,4,4,4,4,4,4,4,4,0,0,0,0,0,4
1362,5,2,3,3,3,3,6,6,6,3,3,3,3,3,3
1363,4,5,5,5,5,5,4,4,5,6,6,6,6,6,5
1364,4,3,5,5,5,5,5,5,6,5,5,5,5,5,5
1365,6,4,4,4,4,2,6,6,3,6,6,5,6,6,4
1366,6,2,1,2,4,3,2,2,1,6,6,4,6,2,2
1367,3,6,3,4,4,2,6,2,6,6,6,6,6,6,3
1368,4,3,2,3,3,3,6,6,3,3,2,4,2,3,3
1369,4,4,4,4,4,4,4,4,4,4,4,4,4,4,5
1370,4,5,4,5,5,5,4,4,5,4,4,4,4,5,4
1371,3,3,3,4,4,4,3,3,4,6,6,6,6,6,4
1372,3,4,2,4,4,3,6,6,2,3,3,1,1,2,3
1373,6,6,6,5,5,5,4,4,5,4,6,6,6,6,5
1374,4,2,2,3,3,3,3,3,6,3,6,6,6,3,3
1375,5,3,3,4,4,5,3,3,4,3,4,4,6,6,4
1376,4,5,5,5,5,5,4,4,4,5,4,5,5,5,4
1377,5,5,5,5,5,5,5,5,5,5,5,5,5,5,5
1378,5,5,5,5,5,5,5,5,5,5,4,4,4,4,5
1379,5,4,3,5,5,4,4,4,1,5,4,6,6,6,4
1380,4,4,4,5,5,5,4,4,6,6,6,5,6,6,4
1381,4,4,4,4,4,4,6,6,4,4,4,5,6,4,4
1382,5,6,6,5,5,5,6,6,6,5,6,5,6,5,5
1383,3,4,6,4,4,4,4,4,6,4,4,6,6,6,4
1384,5,5,5,5,5,5,5,5,5,5,6,5,6,6,5
1385,4,4,6,3,4,3,6,6,5,4,6,4,6,6,4
1386,3,4,4,4,4,5,6,6,2,3,6,6,6,6,4
1387,6,3,6,3,3,3,3,3,3,3,3,3,6,6,3
1388,0,3,3,3,0,2,4,0,0,6,6,6,6,6,3
1389,5,5,4,4,6,4,6,6,6,4,6,5,6,1,5
1390,4,3,3,4,5,5,6,6,4,4,6,6,6,6,4
1391,4,4,4,4,4,4,4,4,4,6,6,6,6,6,4
1392,3,3,4,3,3,4,6,6,3,6,2,6,6,6,3
1393,4,6,6,5,5,5,6,6,5,5,5,5,6,6,5
1394,5,5,5,5,5,5,5,5,5,6,6,6,6,6,5
1395,5,5,5,5,5,5,5,5,6,5,5,5,6,5,5
1396,3,6,3,3,3,3,3,3,3,3,3,3,3,3,3
1397,5,3,6,6,4,4,0,0,0,0,0,0,0,0,0
1398,5,4,4,4,4,4,4,4,4,6,6,6,6,6,4
1399,5,4,4,4,5,5,4,4,6,6,6,6,6,6,4
1400,5,5,5,5,5,5,6,6,5,6,6,6,6,6,5
1401,4,4,4,3,4,3,6,6,5,4,6,4,6,6,4
1402,5,2,2,5,5,3,6,6,6,3,6,3,6,6,3
1403,4,4,4,3,4,4,4,4,4,5,6,6,6,6,4
1404,4,4,4,4,4,4,2,2,3,0,0,0,0,0,3
1405,4,3,3,4,4,4,3,3,3,3,3,3,3,3,4
1406,5,4,3,5,5,5,6,6,3,6,6,6,6,6,4
1407,4,3,3,4,4,4,6,6,6,4,6,4,6,6,4
1408,5,3,3,3,4,4,3,3,4,4,4,4,4,4,4
1409,6,6,6,6,6,6,6,6,4,6,6,6,6,6,4
1410,6,3,3,3,3,2,6,6,6,6,6,6,6,6,4
1411,4,3,4,5,5,5,6,6,5,5,6,6,6,6,4
1412,4,4,4,4,4,4,6,6,6,6,6,6,6,6,4
1413,5,5,5,5,5,5,5,5,5,5,5,5,5,5,5
1414,4,4,3,0,3,3,3,3,6,6,6,6,6,6,3
1415,6,6,4,5,5,4,6,4,6,6,6,6,4,6,4
1416,2,2,2,4,4,4,2,2,3,4,4,4,4,4,4
1417,3,3,3,3,3,3,3,3,3,3,3,3,3,3,3
1418,4,3,4,3,2,4,6,6,3,3,3,4,4,4,4
1419,4,3,3,4,4,5,5,5,5,5,4,6,4,6,4
1420,3,5,6,5,5,4,6,6,3,6,6,5,6,5,4
1421,5,4,4,5,4,4,3,3,6,5,5,6,6,6,4
1422,4,4,4,4,3,3,6,6,4,4,4,6,4,6,4
1423,3,3,3,3,3,3,3,3,2,3,3,3,6,3,3
1424,3,2,2,3,3,5,6,6,6,6,6,6,6,6,3
1425,6,3,3,4,3,4,3,3,4,4,4,4,6,4,3
1426,3,3,3,4,4,4,3,3,3,5,3,4,3,5,4
1427,3,3,3,3,3,4,3,3,3,3,6,4,6,0,3
1428,5,3,4,5,5,5,5,5,6,4,6,5,6,4,4
1429,4,3,4,5,5,4,6,6,5,5,6,5,6,5,4
1430,3,6,3,6,0,4,6,6,5,6,6,6,6,6,4
1431,5,6,6,5,5,5,6,3,6,5,5,6,5,6,5
1432,3,2,2,3,3,4,4,4,6,4,6,3,6,2,4
1433,3,3,3,3,3,3,3,3,3,3,3,3,3,3,3
1434,5,5,5,5,3,3,3,3,3,6,6,3,6,6,4
1435,2,2,2,4,4,4,3,3,3,4,4,3,3,4,4
1436,5,5,5,4,4,4,3,3,3,3,3,3,3,3,4
1437,3,3,3,3,3,3,3,3,3,3,3,3,3,3,3
1438,2,2,5,5,5,5,6,6,2,3,3,3,3,3,4
1439,3,3,3,5,5,5,6,6,3,3,3,3,6,6,3
1440,5,3,4,4,2,3,6,6,3,4,6,4,6,6,4
1441,2,3,3,2,4,4,4,4,5,6,6,6,6,6,3
1442,4,5,3,4,4,4,4,4,6,4,6,3,6,3,4
1443,3,3,3,4,4,4,3,3,5,0,0,0,0,0,4
1444,6,2,3,3,3,4,2,2,4,6,6,6,6,6,2
1445,4,4,4,4,5,5,2,2,1,4,4,4,4,4,4
1446,3,3,3,3,3,3,3,3,3,3,6,3,6,3,3
1447,4,4,4,3,3,3,2,2,2,3,3,3,4,4,3
1448,5,5,5,5,5,5,5,5,5,5,5,5,5,5,5
1449,2,2,2,4,4,4,1,1,1,3,3,3,3,3,3
1450,5,5,5,5,5,5,5,5,5,5,5,5,5,5,5
1451,4,2,2,2,2,3,3,3,4,3,3,4,2,6,3
1452,4,3,3,4,4,4,6,6,4,4,6,3,6,3,4
1453,5,4,4,4,4,3,4,4,5,4,3,4,2,4,4
1454,5,5,5,5,5,5,0,6,3,6,6,6,6,6,5
1455,4,6,6,5,5,5,6,6,6,5,6,6,6,6,5
1456,6,3,4,5,5,5,5,5,3,6,6,5,6,6,5
1457,3,2,2,4,4,3,3,3,4,3,3,3,6,6,3
1458,4,3,2,3,3,3,3,3,4,4,3,3,2,0,3
1459,5,3,3,5,5,5,5,5,3,5,5,5,5,5,5
1460,6,6,6,5,5,5,5,5,6,5,5,6,6,6,5
1461,5,6,6,5,5,5,5,5,5,6,6,6,6,6,5
1462,3,2,3,4,4,4,3,3,3,6,6,6,6,6,3
1463,3,2,2,2,3,3,3,3,4,4,6,5,6,3,4
1464,6,4,6,5,6,4,6,6,6,5,6,6,6,6,5
1465,4,4,4,4,4,4,4,4,6,4,4,4,4,4,4
1466,4,3,4,5,5,5,4,5,5,4,4,4,4,4,0
1467,0,0,0,5,5,5,0,0,0,5,5,0,0,0,5
1468,3,4,3,3,3,3,3,3,6,6,6,6,6,6,0
1469,4,4,4,4,4,4,4,4,4,5,6,3,6,6,4
1470,4,5,4,4,4,4,6,6,5,5,5,5,6,5,5
1471,4,4,4,4,4,3,3,3,3,4,4,5,4,6,0
1472,5,5,5,5,5,5,5,5,5,5,5,5,5,5,5
1473,5,6,6,4,5,4,4,3,4,4,6,6,6,6,5
1474,4,2,3,4,3,3,3,3,4,4,6,4,6,6,4
1475,5,3,4,4,4,5,4,4,4,4,4,5,4,6,5
1476,3,3,3,4,4,4,4,4,4,4,6,6,6,6,4
1477,4,4,6,4,4,4,6,6,4,4,4,6,6,6,4
1478,3,3,3,2,4,3,6,6,6,6,6,6,6,6,4
1479,4,4,4,4,4,4,4,4,4,4,6,6,6,6,4
1480,5,2,3,5,5,5,5,5,5,5,6,5,6,5,5
1481,3,4,4,5,4,4,6,6,5,4,6,5,6,4,4
1482,3,3,3,3,3,3,3,3,3,4,4,4,4,4,4
1483,3,3,3,3,3,3,3,3,2,3,2,2,1,2,3
1484,5,4,4,4,4,3,6,6,3,4,6,3,6,3,4
1485,5,5,5,5,5,5,5,5,5,5,6,6,6,6,5
1486,4,4,4,4,3,0,0,0,0,0,0,0,0,0,0
1487,4,4,4,4,4,4,4,4,4,4,6,6,6,6,4
1488,3,4,4,4,4,4,6,6,6,6,6,6,6,6,4
1489,6,6,6,4,6,4,4,6,6,6,6,6,6,6,4
1490,0,0,0,5,0,0,5,5,5,5,6,4,6,4,4
1491,5,5,6,5,5,5,6,6,5,5,4,6,5,6,5
1492,4,4,4,4,4,4,5,6,4,6,6,6,6,6,4
1493,3,2,2,3,3,3,6,6,3,4,3,4,3,3,3
1494,5,5,5,5,5,5,5,5,5,5,5,5,5,5,5
1495,4,4,4,3,4,3,3,3,3,6,6,6,6,6,4
1496,2,3,3,4,3,3,0,0,3,2,6,3,6,6,3
1497,4,4,4,4,4,4,4,4,4,4,4,4,4,4,4
1498,6,4,4,4,3,4,6,6,6,6,6,6,6,6,4
1499,4,3,3,4,3,3,3,3,6,6,6,6,6,6,3
1500,4,4,4,4,4,4,4,4,6,4,4,4,4,4,4
1501,4,4,6,4,6,6,6,6,4,6,6,6,6,6,4
1502,5,3,4,0,4,0,6,6,0,3,4,4,6,4,4
1503,2,3,3,3,4,4,2,2,5,5,5,5,6,5,4
1504,3,2,2,4,3,4,3,3,4,2,2,3,2,1,3
1505,6,4,4,3,6,4,6,6,4,6,6,6,6,6,4
1506,3,6,4,4,6,3,6,6,6,3,6,5,6,4,4
1507,3,3,6,4,4,4,6,6,1,3,3,6,6,6,4
1508,4,4,0,4,5,4,0,0,0,4,0,0,0,0,4
1509,5,4,4,4,4,4,6,6,4,4,6,4,6,4,4
1510,5,5,4,5,5,4,6,6,3,5,5,6,6,6,5
1511,5,4,4,5,5,5,2,6,5,6,6,4,6,4,4
1512,4,4,4,4,5,4,6,6,6,4,3,4,4,0,4
1513,5,5,5,5,5,5,5,5,5,5,5,5,5,5,5
1514,6,4,4,5,6,4,6,6,5,5,4,6,6,6,4
1515,3,4,4,4,4,4,6,6,6,6,6,6,6,6,4
1516,4,3,3,5,4,4,6,6,6,6,6,6,6,6,3
1517,4,5,4,4,4,4,6,6,3,4,4,6,4,6,4
1518,6,3,6,6,6,4,4,6,6,3,3,6,6,6,3
1519,6,4,6,4,4,5,4,4,4,5,4,5,6,6,4
1520,5,5,5,5,5,5,5,5,5,4,6,6,6,6,5
1521,4,4,3,4,3,3,3,3,4,4,3,3,3,3,4
1522,5,4,4,5,5,5,5,5,4,5,5,5,6,6,5
1523,3,4,4,4,3,4,3,3,2,2,3,6,4,6,3
1524,2,4,4,4,3,4,6,6,6,6,6,4,6,6,4
1525,6,4,4,4,4,4,6,6,6,6,6,4,6,6,4
1526,6,6,6,4,6,5,6,6,5,4,4,6,6,6,5
1527,5,4,3,4,4,5,6,6,4,4,6,6,6,6,4
1528,3,2,3,3,3,3,3,3,3,6,6,6,6,6,3
1529,4,4,4,5,4,5,6,5,5,6,6,6,6,6,5
1530,5,5,5,5,5,5,1,1,1,3,3,3,3,3,4
1531,5,5,5,4,4,4,3,3,3,3,5,4,5,4,4
1532,4,4,4,4,3,4,6,6,6,4,6,4,6,6,4
1533,4,4,4,4,4,5,4,4,4,5,5,4,4,4,5
1534,4,4,4,4,4,4,6,6,6,3,6,6,6,6,3
1535,6,6,6,5,6,5,6,6,6,6,6,6,6,6,4
1536,6,5,5,5,5,5,6,5,4,6,6,6,6,6,5
1537,4,3,4,4,4,5,3,3,5,4,4,6,6,6,4
1538,4,3,4,4,4,4,3,0,0,4,4,6,4,6,4
1539,4,4,4,4,4,4,4,4,4,4,4,4,4,4,5
1540,5,4,4,4,5,5,2,2,5,6,6,5,6,6,4
1541,4,6,3,4,4,4,4,4,5,4,6,6,6,6,4
1542,4,4,4,4,4,4,6,6,3,4,4,6,4,6,4
1543,6,4,4,5,5,5,6,6,6,5,6,6,6,6,5
1544,4,2,4,4,4,3,6,6,2,3,1,1,1,2,3
1545,4,1,2,3,3,4,3,4,3,5,6,6,6,4,4
1546,4,3,4,4,4,5,5,5,6,6,6,6,6,6,4
1547,5,4,4,4,5,3,6,6,4,4,6,4,6,3,4
1548,4,4,5,4,4,5,6,6,4,6,6,6,6,6,4
1549,3,1,4,3,3,3,6,6,5,4,6,6,6,6,4
1550,0,0,0,0,0,0,0,0,0,0,0,0,0,0,0
1551,3,3,3,4,4,4,4,4,5,3,3,4,3,6,4
1552,5,4,4,4,4,4,4,4,4,4,4,4,4,4,4
1553,5,4,3,5,5,5,6,6,5,4,6,6,6,6,5
1554,3,4,3,3,4,3,3,3,6,3,3,6,6,3,3
1555,5,4,4,4,3,4,6,6,3,4,6,6,6,0,4
1556,5,5,5,5,5,5,5,5,5,5,6,6,6,6,5
1557,5,5,5,5,5,5,6,6,6,4,4,5,6,6,5
1558,6,2,3,3,4,3,6,6,4,4,6,6,6,6,3
1559,4,3,3,4,3,3,3,3,6,4,6,3,6,3,3
1560,4,4,4,4,4,4,4,4,4,4,4,4,4,4,4
1561,3,3,4,4,5,4,6,6,5,6,6,6,6,6,4
1562,6,6,4,5,5,5,6,5,4,6,6,6,6,6,4
1563,4,3,3,4,4,5,3,3,5,5,5,3,3,3,4
1564,3,3,3,4,4,4,4,4,2,3,3,6,6,6,4
1565,4,6,3,4,5,6,6,6,5,4,4,6,5,6,4
1566,3,3,1,4,4,4,2,2,4,3,6,6,6,6,3
1567,3,4,4,4,3,3,3,3,3,3,3,3,2,2,3
1568,3,3,3,0,4,4,4,2,4,6,5,6,4,4,4
1569,3,2,2,1,2,2,2,2,6,6,6,6,6,6,2
1570,4,3,3,3,2,2,3,3,4,4,4,3,4,3,4
1571,3,1,2,3,4,4,3,3,3,3,6,4,6,4,3
1572,3,3,3,3,3,3,3,3,3,3,2,3,3,3,3
1573,5,4,4,4,4,4,6,6,4,4,6,6,6,6,4
1574,5,2,4,4,5,5,6,6,6,6,6,6,6,3,3
1575,6,6,6,4,4,5,6,6,3,6,6,4,6,4,0
1576,4,3,6,4,5,5,6,6,5,3,3,6,6,6,4
1577,4,3,3,3,3,3,3,3,3,6,6,6,6,6,3
1578,4,3,3,5,6,4,6,6,6,6,6,6,6,6,4
1579,5,5,3,5,5,5,5,5,5,5,5,6,6,6,5
1580,5,2,6,5,5,6,6,6,5,6,6,6,6,6,5
1581,4,4,4,4,3,4,4,4,4,6,6,6,6,6,4
1582,3,4,4,4,4,4,4,4,4,3,6,6,6,6,4
1583,5,4,4,4,4,4,6,6,6,4,3,4,6,6,4
1584,6,6,6,4,5,6,6,6,6,5,6,5,6,5,5
1585,4,4,3,3,3,3,6,6,5,3,6,4,3,6,5
1586,1,3,3,2,1,3,3,2,2,4,1,1,1,1,2
1587,3,4,4,4,4,4,4,4,4,3,3,4,3,4,4
1588,4,2,3,4,3,3,3,3,3,3,3,3,3,3,3
1589,5,4,4,5,5,3,3,4,4,4,4,4,6,6,4
1590,5,5,5,5,5,5,5,5,5,5,5,5,5,5,5
1591,3,3,4,5,5,5,5,5,1,5,5,5,5,5,4
1592,3,3,3,4,3,3,3,4,3,3,3,3,3,3,3
1593,4,3,4,4,5,4,6,6,4,4,4,6,6,6,4
1594,5,2,4,4,3,4,6,6,6,2,6,6,6,6,4
1595,4,4,3,4,4,4,6,6,4,6,6,6,6,6,4
1596,6,3,3,3,5,5,6,6,5,6,6,6,6,6,4
1597,5,5,5,5,5,5,5,5,5,5,5,5,5,5,5
1598,6,6,6,5,5,5,6,6,6,6,6,6,6,6,4
1599,3,3,3,4,1,4,6,6,6,3,3,6,6,6,3
1600,0,5,5,4,3,5,6,6,2,6,6,6,6,6,0
1601,4,3,3,3,3,4,4,4,3,4,4,4,3,4,4
1602,3,3,3,2,4,3,5,5,4,3,3,4,0,5,4
1603,3,3,3,4,3,4,3,3,3,3,3,3,3,3,3
1604,4,4,4,3,4,5,6,6,6,6,6,6,6,6,4
1605,6,3,6,4,4,4,6,6,5,4,6,6,6,6,3
1606,4,3,4,5,5,5,0,0,5,0,0,0,0,0,4
1607,2,4,4,5,4,4,3,4,3,3,6,6,6,6,3
1608,5,3,3,4,4,4,6,6,6,4,4,3,6,2,0
1609,5,6,5,5,5,5,5,5,5,5,5,5,5,5,5
1610,4,3,3,4,3,3,6,6,6,3,2,6,6,6,3
1611,0,4,4,4,4,4,4,4,4,4,2,6,4,6,4
1612,4,4,4,4,4,4,4,4,4,0,0,0,0,0,0
1613,5,4,3,5,5,5,6,6,5,5,5,5,6,4,5
1614,3,3,3,3,3,3,3,3,3,3,3,3,3,3,3
1615,4,4,6,4,4,4,6,6,4,5,4,6,4,6,4
1616,5,4,4,4,5,5,6,6,4,2,2,4,2,6,4
1617,6,6,6,4,4,4,6,6,6,6,6,6,6,6,4
1618,3,3,3,4,4,4,4,4,5,4,6,4,6,3,4
1619,3,3,3,4,3,3,3,3,5,4,4,4,4,4,4
1620,3,3,3,4,4,3,3,3,4,3,3,3,3,3,3
1621,4,5,4,4,4,4,4,4,4,6,6,6,6,6,4
1622,0,0,0,0,0,0,0,0,0,0,0,0,0,0,4
1623,4,3,3,4,4,3,3,3,4,3,4,4,6,3,4
1624,5,4,4,4,4,6,4,6,4,6,6,6,6,6,5
1625,5,3,6,3,2,3,6,6,6,6,6,6,6,1,3
1626,5,4,4,4,4,4,4,4,5,4,4,4,4,4,4
1627,4,4,4,4,4,4,4,4,5,6,6,6,6,6,5
1628,4,2,3,4,4,6,6,6,6,6,6,6,6,6,4
1629,6,4,6,5,5,5,6,6,6,6,0,0,0,0,5
1630,2,2,2,4,4,3,6,6,2,4,6,4,6,6,3
1631,4,4,4,5,5,5,4,4,6,5,5,6,6,6,5
1632,6,4,3,4,3,3,6,6,4,4,6,4,6,6,4
1633,5,3,4,5,4,5,0,0,2,0,0,0,0,0,4
1634,5,4,4,4,5,4,4,4,3,4,3,6,6,2,4
1635,5,5,5,5,5,5,4,4,4,4,5,4,6,6,4
1636,6,3,3,4,3,3,6,3,3,3,3,3,3,6,3
1637,4,3,3,4,4,4,3,3,3,3,3,4,3,6,4
1638,6,6,2,5,5,5,4,4,5,4,4,6,6,6,5
1639,4,2,2,4,4,3,6,6,4,3,4,2,4,3,4
1640,4,3,3,4,4,4,6,6,4,4,3,3,6,2,4
1641,6,3,6,4,4,4,6,6,6,5,6,6,6,6,4
1642,0,0,0,0,0,0,0,0,0,0,0,0,0,0,0
1643,5,6,6,4,5,3,5,5,4,6,6,6,6,6,4
1644,4,4,4,4,5,5,4,4,5,5,4,4,3,3,4
1645,3,2,2,3,4,3,2,3,3,4,4,3,3,3,3
1646,5,4,4,5,5,4,4,4,4,6,6,6,6,6,5
1647,3,3,3,3,4,3,3,3,5,6,6,6,6,6,3
1648,3,3,3,3,4,5,5,5,5,6,6,6,6,6,4
1649,5,5,5,5,5,5,5,5,3,5,5,5,5,5,5
1650,4,4,3,4,5,3,3,3,3,5,4,4,6,6,4
1651,3,3,2,4,3,4,6,6,4,4,6,6,6,6,4
1652,2,3,2,3,4,5,5,5,5,5,5,5,2,5,4
1653,5,5,4,4,4,4,5,5,4,3,4,0,3,4,4
1654,6,6,0,4,5,4,4,4,5,6,6,6,6,6,4
1655,3,3,4,0,2,0,0,1,4,1,0,3,0,0,0
1656,6,6,3,3,4,4,6,6,6,6,6,6,6,6,0
1657,4,6,6,4,4,6,6,6,5,6,4,5,6,6,4
1658,6,3,3,4,5,5,6,6,6,3,6,6,6,6,3
1659,4,4,4,4,4,4,4,4,4,4,4,4,4,4,4
1660,4,4,3,5,5,5,6,2,4,3,3,4,4,4,4
1661,4,4,4,4,5,4,4,4,4,5,4,5,4,4,4
1662,4,4,4,4,4,4,4,4,4,4,4,4,4,4,4
1663,4,4,5,3,2,3,6,6,4,4,2,5,6,6,4
1664,6,6,4,4,4,6,6,0,4,4,6,6,6,6,4
1665,4,4,4,4,3,4,6,6,6,4,4,6,3,6,4
1666,2,3,3,4,4,4,6,6,4,5,6,6,6,6,4
1667,6,6,4,4,3,4,6,6,5,4,6,6,6,6,5
1668,6,2,4,3,3,3,3,3,2,4,3,3,3,6,3
1669,3,2,3,3,3,3,6,6,3,3,6,4,6,6,3
1670,4,3,5,4,4,4,6,6,2,3,6,6,6,6,4
1671,4,3,3,4,5,3,6,6,6,5,6,6,6,6,4
1672,5,5,5,5,5,5,5,5,5,5,5,5,5,5,5
1673,6,3,3,4,6,4,6,6,4,6,6,6,6,6,3
1674,6,2,2,5,4,5,6,6,5,6,6,6,6,6,2
1675,5,1,6,5,6,5,6,6,6,6,6,6,6,6,3
1676,0,3,3,4,4,4,3,3,0,4,3,3,4,3,4
1677,3,6,6,4,4,4,6,6,6,6,6,6,6,6,4
1678,3,4,4,3,3,4,6,6,2,3,3,6,3,6,3
1679,5,5,5,5,4,3,3,3,2,4,6,4,6,6,3
1680,3,6,6,4,4,4,6,6,2,6,6,4,6,6,3
1681,4,6,6,4,5,5,6,6,6,6,6,6,6,6,4
1682,6,4,4,4,4,4,6,6,6,3,6,6,6,6,4
1683,4,4,4,4,4,4,4,4,5,6,6,6,6,6,4
1684,6,5,3,4,4,4,4,4,4,6,6,5,6,6,4
1685,5,5,5,5,5,5,5,5,5,5,6,6,5,6,5
1686,5,6,6,5,5,5,6,6,6,6,6,6,6,6,5
1687,3,4,4,4,6,4,5,6,4,4,6,6,6,6,5
1688,5,0,0,0,0,0,0,0,0,0,0,0,0,0,0
1689,3,6,6,4,5,3,6,6,6,6,6,4,6,6,3
1690,4,3,3,4,4,4,3,3,4,3,3,3,3,3,4
1691,4,4,3,4,4,4,3,3,3,6,6,6,6,6,4
1692,4,3,3,5,3,4,4,4,6,3,6,6,6,6,4
1693,5,4,4,5,5,5,4,4,5,5,5,5,5,5,5
1694,3,2,2,1,4,4,4,4,6,3,3,4,3,6,3
1695,5,2,3,4,3,4,3,3,4,6,6,6,6,6,4
1696,5,4,4,4,4,4,4,4,2,5,5,6,6,6,5
1697,5,5,5,5,5,5,5,5,5,5,5,5,5,5,5
1698,4,4,4,4,4,4,4,4,4,4,4,4,4,4,4
1699,5,5,5,4,4,4,6,6,5,4,6,6,6,6,5
1700,4,4,4,4,4,4,4,4,4,4,4,4,4,4,4
1701,4,5,5,5,5,5,6,4,6,6,6,6,6,6,5
1702,2,3,3,4,3,5,6,4,6,6,6,6,6,6,4
1703,4,3,3,2,3,4,4,4,4,4,4,4,4,4,4
1704,0,0,0,4,5,0,0,0,0,0,0,0,0,0,0
1705,4,4,6,5,5,5,6,6,5,6,6,6,6,6,5
1706,3,3,4,4,5,5,4,4,5,4,6,4,6,6,4
1707,4,4,4,4,4,4,4,4,4,4,4,4,4,4,4
1708,6,6,6,6,6,6,6,6,6,6,6,6,6,6,0
1709,6,6,6,6,4,4,6,6,6,6,6,6,6,6,2
1710,3,3,3,4,4,3,3,3,5,6,6,6,6,6,4
1711,3,2,6,3,3,4,6,3,4,6,6,6,6,6,0
1712,3,2,2,3,3,3,3,3,6,3,3,3,3,6,3
1713,5,5,5,5,5,5,5,5,5,5,5,5,5,5,5
1714,5,5,5,5,5,6,6,6,5,6,5,6,5,5,5
1715,4,4,4,3,3,3,6,6,2,6,6,6,6,6,0
1716,2,2,3,5,5,5,6,6,4,4,6,5,6,6,3
1717,5,4,4,5,5,5,5,5,5,5,5,5,5,5,5
1718,4,3,2,4,5,4,6,4,5,6,6,6,6,6,4
1719,6,4,6,3,1,6,6,4,3,6,3,6,3,3,3
1720,2,2,2,3,3,3,2,2,2,6,6,6,6,6,3
1721,6,4,4,5,5,5,5,5,5,4,3,6,6,2,4
1722,3,3,3,3,3,3,3,3,3,3,3,3,3,3,3
1723,5,5,5,5,5,5,5,5,5,5,5,5,5,5,5
1724,4,4,4,3,3,3,2,2,2,3,3,3,3,3,3
1725,3,3,3,3,3,3,3,3,3,3,3,3,3,3,3
1726,6,6,6,3,4,1,6,1,6,6,6,6,6,6,3
1727,4,3,3,4,4,4,6,6,5,5,6,6,6,6,4
1728,6,6,6,4,5,4,6,6,5,4,6,6,6,6,4
1729,5,3,3,4,4,4,4,4,6,4,3,3,6,6,4
1730,5,3,4,5,5,5,6,6,6,6,6,6,6,6,5
1731,6,6,6,5,5,5,5,5,5,5,5,5,6,6,5
1732,5,5,5,5,5,5,4,4,4,4,5,5,5,4,5
1733,6,4,6,4,4,4,6,6,6,6,6,6,6,6,4
1734,2,1,1,3,4,4,4,4,3,6,6,6,6,6,3
1735,4,3,4,4,4,4,4,4,4,4,4,5,6,5,4
1736,3,3,3,4,3,3,3,3,6,3,4,4,4,6,4
1737,4,3,3,5,5,5,6,6,6,5,3,6,6,6,4
1738,5,4,4,4,5,4,6,6,4,4,6,5,6,3,5
1739,4,4,4,4,4,4,6,6,3,4,4,4,4,6,4
1740,6,3,3,3,4,2,3,3,5,2,3,6,6,6,3
1741,5,6,6,4,3,4,4,4,5,6,6,6,6,6,4
1742,4,6,6,3,4,3,3,3,4,2,3,3,4,6,3
1743,3,6,4,4,4,4,6,6,4,3,6,6,6,6,4
1744,4,4,4,4,4,4,4,4,4,4,4,4,4,4,4
1745,4,3,3,4,4,4,4,4,4,4,4,4,6,4,4
1746,5,3,2,3,4,4,4,4,5,4,6,6,6,6,4
1747,2,3,3,5,5,5,5,5,5,5,5,5,5,5,4
1748,4,4,4,2,3,6,6,6,6,0,0,0,0,0,4
1749,4,4,3,4,3,3,3,3,4,2,3,3,4,3,4
1750,5,3,3,5,6,5,5,5,6,5,5,6,6,6,5
1751,5,4,3,3,3,3,3,3,6,3,3,6,6,6,4
1752,3,3,4,4,4,4,4,4,4,4,4,4,4,6,4
1753,4,3,3,3,3,3,3,3,3,4,3,3,6,6,3
1754,3,2,2,4,4,4,4,4,4,4,4,6,6,6,3
1755,6,6,6,4,4,5,6,6,6,4,6,6,6,6,4
1756,6,4,4,5,5,5,6,6,5,5,5,5,4,6,4
1757,6,6,6,4,4,4,6,6,1,4,6,6,6,6,4
1758,4,0,0,0,0,0,0,0,0,0,0,4,0,0,0
1759,6,4,6,3,3,4,6,6,5,6,6,4,6,6,4
1760,5,3,4,4,4,4,4,4,5,4,4,4,4,5,5
1761,0,4,6,4,5,3,6,6,4,6,6,6,6,6,4
1762,6,3,3,2,4,4,5,5,5,6,6,3,6,6,3
1763,4,4,3,4,5,5,5,5,4,5,5,5,5,5,5
1764,4,3,3,5,5,5,6,6,6,6,6,6,6,6,4
1765,3,5,4,4,4,4,6,6,4,4,6,5,6,4,4
1766,4,4,4,4,4,5,5,5,6,4,4,5,4,5,5
1767,5,3,5,3,5,5,6,3,6,6,6,6,6,6,4
1768,4,3,3,4,4,4,4,4,4,4,4,4,4,4,4
1769,5,4,6,5,5,5,6,6,4,6,6,5,6,6,4
1770,4,4,4,4,4,4,4,4,4,4,6,4,6,6,4
1771,3,4,4,4,3,3,6,6,4,4,6,5,6,6,4
1772,0,4,3,5,5,4,4,0,4,5,0,5,0,0,4
1773,5,5,5,5,5,5,5,5,5,5,5,5,5,5,5
1774,6,3,2,5,5,5,6,6,4,5,6,5,6,5,4
1775,4,6,5,5,4,4,4,4,4,4,4,4,4,4,5
1776,4,6,3,2,5,4,4,4,5,6,6,6,6,6,3
1777,6,6,6,4,4,4,6,6,5,5,5,6,6,6,5
1778,5,5,5,5,5,4,5,5,5,6,6,6,6,6,5
1779,5,2,6,5,5,5,6,6,6,4,3,5,6,6,5
1780,5,4,4,2,4,4,3,3,5,3,4,6,6,6,4
1781,3,3,4,4,5,5,6,4,5,4,6,5,6,6,4
1782,4,4,4,4,4,4,6,6,4,4,5,6,6,6,4
1783,4,2,3,3,4,3,3,4,5,6,6,6,6,3,3
1784,5,6,6,3,3,6,6,6,5,6,6,6,6,6,5
1785,5,3,3,4,4,6,6,6,6,4,6,5,6,4,4
1786,6,6,6,5,5,5,5,6,5,5,6,6,6,6,5
1787,5,6,6,3,4,4,6,6,1,5,6,6,6,6,4
1788,3,2,3,4,4,4,4,4,3,3,6,4,6,4,3
1789,5,4,4,4,3,4,4,4,4,4,3,3,6,6,4
1790,0,0,0,0,0,0,0,0,0,0,0,0,0,0,0
1791,3,3,3,4,4,5,6,6,5,3,3,6,6,6,3
1792,6,1,1,4,5,4,5,5,5,6,6,6,6,6,2
1793,4,3,3,4,4,4,4,4,3,4,4,4,4,4,4
1794,4,4,3,4,4,4,3,3,4,6,6,6,6,6,4
1795,5,5,4,4,4,4,5,5,5,4,3,5,3,6,5
1796,4,4,4,4,5,4,4,4,5,4,4,4,3,4,4
1797,4,4,3,4,3,3,6,6,6,4,4,4,6,6,4
1798,5,3,4,5,5,5,5,5,5,3,6,5,6,6,5
1799,4,6,6,3,4,4,4,4,5,4,4,4,6,6,4
1800,5,5,5,5,5,5,5,5,5,5,5,5,5,5,5
1801,5,3,2,4,4,3,6,6,4,6,6,6,6,6,4
1802,4,2,3,3,4,5,5,5,5,4,4,6,6,6,4
1803,5,4,4,4,4,5,5,5,6,4,5,6,6,6,4
1804,6,6,6,4,5,5,6,6,2,5,6,5,6,6,4
1805,4,6,4,5,5,5,6,6,6,5,6,5,6,6,5
1806,6,4,4,4,4,4,3,4,4,4,6,6,6,6,4
1807,0,0,0,0,0,0,0,0,0,0,0,0,0,0,4
1808,4,4,4,4,4,4,4,4,5,5,4,4,6,6,4
1809,3,4,4,4,5,5,5,5,5,6,6,6,6,6,4
1810,5,5,4,5,5,5,5,5,5,5,5,5,6,6,5
1811,3,3,3,4,4,5,4,4,5,6,6,5,6,3,4
1812,4,4,3,5,5,5,6,6,6,5,4,6,4,6,4
1813,3,3,3,3,3,3,3,3,1,0,0,0,0,0,3
1814,4,1,3,4,4,3,4,6,4,4,6,6,6,6,4
1815,4,6,6,6,6,5,5,5,5,6,6,6,6,6,0
1816,4,3,4,5,4,5,6,6,3,5,5,5,5,6,5
1817,4,4,5,4,0,3,6,6,4,4,3,5,2,4,4
1818,0,4,5,5,5,5,5,5,5,5,5,5,5,5,5
1819,4,2,4,5,4,5,5,5,5,4,4,4,4,4,4
1820,6,5,5,5,4,4,3,3,4,4,6,4,6,6,5
1821,4,4,4,4,4,4,4,4,4,4,4,4,4,4,4
1822,4,4,4,4,3,4,4,4,5,4,4,4,4,4,4
1823,5,2,3,3,2,4,3,3,3,4,3,6,6,6,4
1824,5,5,5,5,5,5,5,5,5,5,5,5,0,6,5
1825,3,3,4,4,5,4,4,0,4,4,5,4,3,3,4
1826,5,5,5,5,5,5,5,5,5,5,5,5,5,5,5
1827,5,2,3,5,2,5,3,2,2,3,4,5,4,5,4
1828,5,4,4,4,4,4,4,4,6,4,6,5,6,4,4
1829,6,6,0,5,4,4,4,4,3,4,4,4,3,6,4
1830,5,5,5,5,5,5,5,5,5,4,4,6,6,6,5
1831,5,4,4,4,5,5,6,4,6,6,6,5,6,6,5
1832,5,3,3,4,4,4,4,4,5,6,6,6,6,6,4
1833,4,4,4,5,4,4,3,3,2,4,5,5,6,6,4
1834,5,3,3,3,4,3,4,4,5,4,4,4,6,4,4
1835,4,4,4,4,4,3,3,3,5,4,4,4,4,3,4
1836,1,1,1,1,1,1,1,1,1,0,0,0,0,0,0
1837,3,2,3,4,3,3,6,6,5,4,3,6,6,6,4
1838,4,5,5,5,5,5,4,4,0,5,0,0,0,0,5
1839,4,3,3,4,3,4,6,6,6,6,3,5,6,4,4
1840,5,5,5,5,5,5,5,5,5,4,6,6,5,6,5
1841,3,3,3,3,3,3,6,6,0,3,3,4,6,4,3
1842,4,4,4,5,4,5,6,6,3,6,6,6,6,6,4
1843,4,3,3,4,4,5,5,5,5,5,6,4,6,6,5
1844,4,4,4,3,4,3,6,6,3,6,6,6,6,6,4
1845,5,4,4,4,4,4,6,6,5,6,6,6,6,6,5
1846,6,6,6,3,3,3,6,6,3,2,6,3,6,2,2
1847,3,4,3,5,4,4,6,6,6,6,6,6,6,6,5
1848,5,4,4,4,5,4,6,6,6,6,6,6,6,6,4
1849,4,3,2,4,4,4,6,6,6,2,2,4,6,3,4
1850,4,3,4,4,4,4,4,4,3,4,5,5,5,6,4
1851,4,4,4,4,4,3,4,4,3,3,3,4,4,0,3
1852,3,3,4,5,3,5,6,6,4,5,6,6,6,6,4
1853,5,4,3,4,4,4,6,6,4,3,3,3,3,3,5
1854,6,6,6,5,5,4,6,6,5,6,6,4,6,6,0
1855,5,5,4,5,5,5,6,6,6,5,5,6,6,6,5
1856,3,4,4,5,5,5,6,6,6,5,5,5,6,6,5
1857,5,5,5,5,5,5,5,5,5,5,5,5,5,5,5
1858,0,5,5,5,5,6,4,4,5,5,5,6,6,6,4
1859,6,2,6,2,4,4,6,6,5,6,6,6,6,6,4
1860,3,3,3,4,4,4,3,3,4,3,3,3,3,3,4
1861,6,4,3,3,3,3,4,4,6,2,6,3,6,6,4
1862,3,3,2,5,5,5,6,6,5,4,4,6,6,6,4
1863,5,6,6,5,5,5,5,5,4,0,0,0,0,0,3
1864,6,6,3,4,4,4,4,3,3,4,4,4,4,6,4
1865,4,4,4,4,4,4,4,4,4,0,0,0,0,0,4
1866,6,6,6,5,5,5,6,6,5,5,5,5,6,6,4
1867,3,4,3,4,4,5,4,4,3,6,6,6,6,6,4
1868,5,4,3,0,3,4,4,4,3,6,6,6,6,6,5
1869,6,6,3,4,4,4,4,4,4,4,6,4,6,4,4
1870,6,3,3,6,4,4,3,4,6,6,6,6,6,6,4
1871,6,4,6,5,5,6,6,6,6,5,5,6,5,6,5
1872,5,5,4,5,5,5,4,5,5,5,6,6,6,6,5
1873,6,6,6,4,4,4,4,4,6,4,2,6,6,6,4
1874,6,6,5,5,5,5,5,5,5,6,6,6,6,6,5
1875,4,3,3,5,5,5,6,6,5,2,2,6,3,6,4
1876,5,5,5,5,5,5,5,5,5,5,5,5,5,6,5
1877,3,3,3,5,5,5,6,6,3,2,6,6,6,6,4
1878,3,3,3,4,4,3,6,6,6,3,3,6,3,6,3
1879,4,4,4,3,5,4,6,6,4,4,3,4,6,6,4
1880,6,6,4,4,4,4,6,6,5,4,6,4,6,4,4
1881,5,4,4,5,5,5,5,5,5,4,4,4,4,4,5
1882,5,4,4,5,5,5,3,6,4,4,4,5,6,4,5
1883,6,6,6,4,5,4,6,6,6,4,6,6,6,6,4
1884,5,4,4,4,5,5,5,5,6,5,6,6,6,6,4
1885,4,2,3,4,4,4,6,6,5,4,6,6,6,6,4
1886,4,4,4,4,4,4,4,4,6,3,6,6,6,6,4
1887,2,6,3,3,3,4,6,6,3,6,6,6,4,6,3
1888,5,5,5,5,5,5,5,5,5,5,5,5,5,5,5
1889,3,2,3,2,3,3,6,6,2,3,2,4,6,6,3
1890,6,3,3,4,5,4,6,4,3,6,6,6,5,6,5
1891,6,6,6,3,3,4,4,6,4,6,6,6,6,6,4
1892,4,6,2,2,3,3,6,6,0,3,6,6,6,6,3
1893,5,4,6,5,5,5,5,5,5,6,6,6,6,6,5
1894,6,6,5,5,5,6,6,6,6,5,6,5,6,6,5
1895,4,2,3,5,3,5,5,5,4,5,2,4,5,4,4
1896,6,3,2,4,4,4,6,6,4,3,6,0,6,6,3
1897,3,2,2,5,5,5,5,5,5,0,0,0,0,0,4
1898,4,4,4,3,4,3,3,4,3,4,3,4,4,6,4
1899,3,3,4,5,4,4,4,4,3,6,6,6,6,6,4
1900,4,4,6,4,3,5,6,6,5,3,6,6,6,6,4
1901,6,6,2,3,3,3,4,4,4,4,4,4,4,4,3
1902,5,4,4,3,3,4,5,5,5,3,3,4,6,6,4
1903,5,4,4,5,5,0,3,3,6,4,6,6,6,6,4
1904,3,4,3,3,3,4,3,3,5,6,6,6,6,6,4
1905,3,4,4,5,4,4,4,4,4,4,4,6,6,6,4
1906,6,4,4,5,5,5,5,5,5,5,6,5,6,6,5
1907,5,4,4,3,3,3,6,6,2,3,3,4,4,6,4
1908,3,3,3,3,3,3,3,3,3,3,3,3,3,3,3
1909,4,3,3,5,5,5,5,5,5,0,0,0,0,0,5
1910,0,3,4,4,4,4,6,3,4,6,6,6,6,6,4
1911,3,4,3,4,4,3,3,3,4,4,3,3,3,3,5
1912,4,4,4,4,4,4,4,4,4,6,6,6,6,6,4
1913,5,5,5,5,5,5,5,5,5,5,5,5,5,5,5
1914,3,3,3,3,3,3,3,3,4,6,6,6,6,6,4
1915,5,5,5,5,5,5,5,5,5,5,5,5,5,5,5
1916,4,3,3,5,5,5,4,4,5,5,5,5,6,6,4
1917,5,2,2,4,4,2,6,6,6,4,6,6,6,6,4
1918,4,4,4,4,4,4,4,4,0,4,4,0,0,0,4
1919,5,4,3,4,4,3,4,4,5,5,5,5,5,4,4
1920,5,4,3,4,5,5,2,2,4,5,4,4,3,6,3
1921,3,3,3,2,3,3,3,3,6,6,6,2,6,6,2
1922,5,3,3,5,5,5,5,5,6,5,5,5,6,5,5
1923,5,4,4,5,5,5,5,5,5,5,4,5,5,4,5
1924,4,4,4,4,4,4,0,0,4,6,6,6,6,6,4
1925,5,5,5,5,5,5,1,1,0,0,0,5,0,0,0
1926,4,3,3,4,4,3,4,4,6,4,3,4,6,6,4
1927,2,5,5,5,5,3,6,1,3,6,6,6,6,6,3
1928,4,2,3,4,6,6,6,6,4,4,6,6,6,6,4
1929,3,2,3,4,3,3,6,6,3,6,6,6,6,6,3
1930,3,0,4,4,4,3,6,6,6,3,3,3,3,3,3
1931,5,5,5,4,5,5,5,5,4,0,4,4,6,5,5
1932,3,4,3,5,4,5,6,6,4,6,6,6,6,6,4
1933,4,3,3,5,5,3,6,6,5,4,6,4,6,6,4
1934,4,2,3,3,3,3,6,6,0,6,6,6,6,6,3
1935,6,6,4,4,6,4,4,4,4,6,6,4,6,6,4
1936,6,3,4,4,4,4,4,4,5,4,6,6,6,6,4
1937,3,4,4,3,3,3,3,3,6,4,3,6,3,6,3
1938,4,6,3,4,3,4,4,4,4,4,4,4,4,4,4
1939,5,5,5,5,5,5,5,5,6,5,5,6,6,6,5
1940,0,4,4,4,6,4,6,4,6,6,6,6,6,6,4
1941,4,3,3,3,4,2,3,3,3,6,6,6,6,6,4
1942,4,2,3,4,4,3,3,3,5,6,6,6,6,6,4
1943,4,4,4,4,4,4,4,4,4,4,4,4,4,4,4
1944,3,2,2,3,3,4,4,4,4,6,6,6,6,6,4
1945,3,3,3,4,4,4,4,4,4,6,6,4,6,6,4
1946,5,5,5,5,5,5,5,5,5,5,5,5,5,5,5
1947,4,4,3,3,6,4,6,6,6,6,6,6,6,6,4
1948,3,4,3,5,4,5,4,4,3,0,0,0,0,0,4
1949,5,5,5,5,5,5,5,5,5,6,5,6,6,6,5
1950,4,3,6,4,3,4,3,4,4,3,3,6,3,6,4
1951,6,3,6,3,4,4,4,4,4,4,4,4,4,4,4
1952,4,6,6,3,6,4,5,6,3,6,6,4,6,6,4
1953,3,3,3,2,2,3,3,3,3,6,6,3,6,6,3
1954,4,5,4,5,5,4,4,4,6,5,4,6,6,6,5
1955,6,0,5,5,5,0,0,0,5,0,0,5,0,5,5
1956,5,4,3,4,5,5,6,6,5,5,5,6,4,6,4
1957,4,2,3,5,4,4,3,6,3,5,6,6,6,6,4
1958,4,3,4,5,5,5,6,6,5,4,3,4,3,4,4
1959,3,3,3,4,3,3,3,3,4,6,6,2,6,6,0
1960,4,3,3,4,4,4,6,3,3,3,3,6,6,6,0
1961,4,2,3,5,6,5,6,5,5,5,6,6,6,6,4
1962,3,3,4,3,3,2,2,2,3,3,4,3,4,6,3
1963,6,4,4,4,4,4,6,6,6,4,6,6,6,6,4
1964,5,5,5,5,5,5,5,5,5,4,4,4,4,4,5
1965,3,3,3,3,4,4,3,3,4,3,3,4,6,3,4
1966,3,3,4,4,4,3,3,4,0,3,3,6,0,4,5
1967,1,2,2,3,3,3,6,6,1,6,6,4,6,4,3
1968,3,4,2,5,5,5,4,4,5,5,4,5,6,5,5
1969,5,4,4,5,5,5,6,6,5,3,6,5,6,4,4
1970,5,5,5,4,5,5,4,4,6,5,5,5,5,5,5
1971,4,3,4,5,6,4,6,6,4,4,6,6,6,6,4
1972,6,6,6,4,4,4,6,6,5,4,4,6,6,6,4
1973,3,0,3,5,4,5,4,4,6,3,6,6,6,6,4
1974,6,4,4,5,5,5,6,6,3,4,6,6,6,6,5
1975,5,5,6,5,3,4,6,6,6,6,6,6,6,6,3
1976,5,5,4,5,5,5,5,5,4,5,5,5,5,5,5
1977,4,6,2,5,5,5,6,6,4,5,5,5,6,6,4
1978,6,3,3,5,5,5,6,6,5,4,6,6,6,6,4
1979,4,3,4,4,5,4,3,3,3,4,3,4,4,6,4
1980,4,4,3,4,4,4,5,5,5,6,6,4,6,6,4
1981,2,3,3,4,4,4,4,4,4,6,6,4,6,6,4
1982,4,6,6,4,5,5,4,4,5,2,6,5,6,4,4
1983,5,5,5,5,5,5,5,5,5,5,5,5,5,5,5
1984,4,4,4,5,5,5,3,4,3,4,6,5,6,6,4
1985,4,2,2,4,4,3,4,4,5,5,5,5,5,5,3
1986,6,4,4,5,5,4,6,6,4,5,6,6,6,6,4
1987,2,2,3,4,4,5,4,4,5,5,4,5,4,3,4
1988,4,4,3,3,4,5,5,5,5,5,5,5,5,4,4
1989,6,6,6,5,5,5,0,5,5,6,6,6,6,6,0
1990,6,4,6,4,4,4,6,4,4,4,6,6,6,6,0
1991,4,4,4,2,4,3,6,6,6,3,2,4,6,6,3
1992,6,2,2,5,5,3,6,6,6,2,1,5,6,2,4
1993,4,3,3,2,3,4,4,4,4,6,6,6,6,6,4
1994,3,2,4,3,4,4,4,4,5,4,5,5,4,5,4
1995,5,5,5,5,5,5,5,5,5,6,6,6,6,6,5
1996,5,3,4,5,5,5,5,5,5,4,3,5,6,4,4
1997,4,3,3,3,3,2,2,2,1,3,2,4,2,2,3
1998,5,5,5,5,5,5,5,5,5,5,5,6,5,6,5
1999,3,3,3,4,4,3,3,4,4,3,2,2,2,2,3
2000,4,3,4,4,4,4,3,3,3,2,6,3,6,3,4
2001,6,6,6,5,6,4,6,6,5,5,6,6,6,6,5
2002,5,3,6,5,5,5,5,5,4,5,5,5,5,6,5
2003,3,3,3,4,4,4,4,4,4,6,6,6,6,6,3
2004,4,4,4,4,4,4,6,6,6,6,6,6,6,6,4
2005,2,3,3,4,5,5,5,5,5,6,6,6,6,6,4
2006,6,3,3,4,4,4,6,6,4,6,6,6,6,6,3
2007,3,3,3,3,6,4,3,3,4,6,6,6,6,6,3
2008,4,4,4,4,4,4,4,4,4,4,4,4,4,4,5
2009,6,4,4,4,4,4,6,6,6,6,6,6,6,6,4
2010,5,5,5,5,5,5,5,5,5,5,5,6,6,5,5
2011,4,3,3,4,3,3,3,3,6,3,6,6,6,3,3
2012,5,4,4,4,4,3,3,3,4,4,2,3,0,3,4
2013,0,4,3,4,6,5,0,0,0,6,6,6,6,6,0
2014,3,3,3,3,3,3,3,3,3,6,6,6,6,6,3
2015,3,3,3,4,4,3,4,4,2,4,6,6,6,6,3
2016,6,3,3,4,4,4,3,3,2,3,6,5,6,4,4
2017,3,4,4,5,5,5,5,5,5,5,6,5,0,5,4
2018,4,6,6,3,3,4,4,4,4,4,6,5,6,6,4
2019,5,4,6,5,5,4,4,4,5,4,6,5,6,5,4
2020,5,4,6,5,4,5,6,6,5,5,6,5,6,5,5
2021,5,4,2,0,4,4,4,4,4,3,6,4,6,4,4
2022,4,3,3,4,3,3,2,3,2,2,3,4,3,3,4
2023,4,6,4,4,4,6,6,6,6,5,6,4,6,4,4
2024,3,4,4,4,3,3,6,6,4,3,6,4,6,4,4
2025,4,4,4,3,3,3,6,6,6,2,3,3,2,4,4
2026,6,6,0,6,6,6,6,0,6,0,0,0,0,0,0
2027,6,4,3,2,5,4,6,5,6,5,6,5,6,6,3
2028,6,4,3,4,4,3,6,6,6,2,6,4,6,6,4
2029,6,4,4,4,4,4,4,4,4,4,6,4,6,2,4
2030,3,4,4,4,4,4,6,6,6,4,4,4,4,4,5
2031,3,3,3,3,3,3,3,3,3,3,6,3,6,3,3
2032,3,6,6,4,5,5,6,6,5,6,6,5,6,6,5
2033,4,3,0,4,4,5,4,4,5,4,4,5,0,0,4
2034,4,4,4,4,4,4,4,4,4,4,4,4,0,4,0
2035,6,3,6,2,5,5,6,6,3,6,6,4,6,6,3
2036,3,4,4,3,3,4,4,4,3,4,6,6,6,6,4
2037,3,3,3,4,3,4,5,5,6,6,6,5,6,6,5
2038,6,6,6,3,4,4,4,6,6,6,6,4,6,6,4
2039,4,4,3,3,3,3,3,3,2,3,3,6,6,6,3
2040,3,3,3,4,3,2,2,2,3,4,6,6,6,6,4
2041,4,4,4,4,4,4,4,4,4,6,6,5,6,6,4
2042,4,4,4,4,5,5,5,5,5,4,4,3,3,0,4
2043,4,3,3,3,3,4,0,0,0,2,0,3,0,0,3
2044,4,5,5,4,5,5,4,4,5,5,6,4,6,6,5
2045,0,5,5,5,5,6,6,5,3,4,6,6,6,4,4
2046,4,4,4,4,3,3,2,2,5,6,6,4,6,6,4
2047,5,4,3,4,4,4,4,4,5,4,6,4,6,6,4
2048,5,5,5,2,4,5,5,5,5,5,5,5,5,3,5
2049,4,3,6,5,4,6,6,6,2,6,6,6,6,6,0
2050,5,5,4,5,5,5,5,5,5,5,5,5,5,6,5
2051,4,4,5,5,5,5,5,5,6,6,6,5,5,6,0
2052,5,5,5,5,5,5,6,6,6,5,6,6,6,6,5
2053,5,5,5,5,5,5,5,5,5,4,6,6,6,6,5
2054,4,3,4,4,3,4,6,6,6,6,6,4,6,6,4
2055,5,5,4,5,5,5,5,5,6,5,5,5,6,5,5
2056,4,3,3,5,4,5,6,6,5,5,6,5,6,6,5
2057,3,3,3,4,4,4,3,3,5,4,6,6,6,6,4
2058,0,4,4,0,0,0,0,0,0,0,0,0,0,0,4
2059,5,3,6,4,5,5,6,6,6,6,6,4,6,6,4
2060,5,5,5,5,5,5,5,5,5,5,5,5,5,5,5
2061,4,4,4,4,4,4,4,4,6,4,4,4,4,4,4
2062,5,5,5,5,5,5,5,5,5,5,5,5,5,5,5
2063,5,5,5,5,5,5,5,6,4,5,5,5,5,5,5
2064,5,5,4,4,4,4,4,4,5,5,5,5,4,6,5
2065,5,3,4,5,4,4,6,6,3,4,3,6,6,2,4
2066,6,6,6,3,5,5,6,6,5,6,6,6,6,6,4
2067,5,3,3,5,4,5,5,5,4,6,6,6,6,6,5
2068,4,3,3,4,5,4,3,3,5,4,6,5,6,5,5
2069,5,5,5,5,5,5,6,6,5,4,4,5,6,6,5
2070,5,5,5,5,5,5,5,5,5,5,5,5,5,5,5
2071,3,2,2,1,3,1,1,0,4,2,6,4,6,6,2
2072,5,2,4,4,4,5,6,6,4,5,6,6,6,6,4
2073,5,4,5,5,5,5,5,5,4,5,5,4,5,0,5
2074,5,5,5,5,5,4,4,4,4,4,4,4,4,4,5
2075,6,3,6,4,4,4,6,6,6,3,6,4,6,6,4
2076,4,4,6,0,4,4,6,6,6,6,6,6,6,6,4
2077,4,4,4,5,5,5,6,6,6,5,6,5,6,4,4
2078,6,4,4,4,4,4,4,4,6,4,4,3,6,4,4
2079,5,3,3,5,5,5,6,6,6,6,6,6,6,6,4
2080,3,2,6,3,6,6,6,6,6,0,0,0,0,0,2
2081,4,6,6,4,4,4,6,6,3,4,6,6,6,6,4
2082,2,4,6,6,4,3,6,6,6,6,6,6,6,6,3
2083,1,5,4,5,4,4,6,6,5,5,5,6,5,6,4
2084,5,3,3,6,3,3,6,4,5,6,6,6,6,6,0
2085,6,3,5,5,5,5,6,5,5,6,6,6,6,6,5
2086,6,3,3,4,5,3,6,6,3,4,6,5,5,5,4
2087,4,3,3,4,5,5,5,5,4,4,4,3,4,4,4
2088,2,2,2,2,2,2,2,2,2,4,4,4,5,5,4
2089,5,6,6,5,5,5,5,5,5,5,5,6,6,6,5
2090,3,3,3,3,3,0,0,0,0,3,3,3,6,6,3
2091,3,3,3,4,4,4,3,3,3,4,4,6,6,6,4
2092,3,2,2,3,3,3,3,3,4,3,6,3,6,3,3
2093,3,3,3,3,3,3,3,3,3,4,4,4,4,4,4
2094,6,6,4,4,4,4,4,4,5,6,6,4,6,6,5
2095,4,3,4,3,3,3,3,3,3,4,6,4,6,3,3
2096,3,3,3,3,3,3,3,3,4,6,3,6,6,6,3
2097,4,5,4,5,5,5,5,5,5,6,6,4,6,6,5
2098,3,3,3,4,4,4,3,3,3,4,4,4,4,4,4
2099,5,5,5,5,5,5,4,4,5,6,6,6,6,6,0
2100,4,3,3,4,4,4,6,6,4,4,4,4,4,4,4
2101,3,2,1,2,3,3,3,3,2,2,3,4,4,4,3
2102,3,4,4,5,5,5,3,3,4,6,6,6,6,6,4
2103,5,3,3,5,5,5,6,6,6,6,6,6,6,6,4
2104,5,4,4,5,5,5,4,4,5,5,6,6,6,6,5
2105,5,4,4,5,4,4,4,4,4,5,6,4,6,4,5
2106,4,4,4,4,4,4,4,6,3,4,4,4,3,3,5
2107,5,5,4,5,5,5,6,6,4,4,4,6,6,6,5
2108,5,6,4,5,5,5,5,0,5,6,6,6,6,6,4
2109,4,4,3,3,4,0,0,0,0,3,3,3,3,0,4
2110,4,3,3,4,4,4,3,3,2,6,6,4,6,3,4
2111,5,5,5,5,5,5,5,5,5,0,0,0,0,0,0
2112,3,3,2,2,4,4,4,4,5,5,4,4,4,4,3
2113,0,0,4,0,4,4,0,0,4,0,0,0,0,0,4
2114,4,4,4,4,4,4,6,6,4,4,6,4,6,6,4
2115,6,6,6,0,6,6,6,6,6,6,6,6,6,6,5
2116,4,4,4,4,5,4,4,4,4,4,4,4,4,4,4
2117,3,4,3,4,5,5,4,4,5,4,6,4,6,6,4
2118,6,6,6,4,4,4,6,6,4,6,6,4,6,6,4
2119,6,4,4,5,5,5,3,3,4,6,6,6,4,6,4
2120,6,4,4,4,4,3,3,3,4,6,6,5,6,6,4
2121,6,3,6,5,5,5,6,6,6,6,6,5,6,6,5
2122,5,4,6,4,4,4,6,6,6,4,4,6,6,6,4
2123,6,4,4,4,6,3,6,5,5,5,6,6,6,6,5
2124,4,6,3,4,4,4,6,6,6,6,6,3,6,6,4
2125,4,6,3,5,4,6,4,6,5,4,6,5,6,6,4
2126,1,2,2,3,3,3,2,2,2,4,3,3,3,3,3
2127,4,3,3,4,4,4,4,4,4,2,3,0,0,2,4
2128,3,3,3,3,3,3,3,3,3,3,6,6,6,6,3
2129,1,1,1,1,2,3,2,2,2,1,1,1,5,0,4
2130,6,4,4,4,4,4,6,6,6,4,6,6,6,6,3
2131,4,3,3,4,4,3,6,6,5,6,6,6,6,6,4
2132,4,4,4,4,4,4,4,4,4,6,6,6,6,6,4
2133,3,4,3,4,2,4,3,3,4,5,6,5,6,4,4
2134,5,5,5,5,5,0,6,6,6,3,6,6,4,6,4
2135,5,5,5,5,5,5,5,5,5,5,5,5,5,5,5
2136,3,1,3,4,4,4,3,3,5,4,4,4,4,4,3
2137,4,6,5,4,4,4,6,6,5,6,6,6,6,6,4
2138,5,4,3,4,3,4,6,6,6,6,6,5,6,6,4
2139,6,4,4,4,4,4,4,4,3,4,4,6,6,6,4
2140,5,5,5,3,5,4,5,5,4,3,3,5,6,5,5
2141,3,3,3,3,3,3,3,3,3,3,3,3,3,3,3
2142,0,3,3,2,2,6,6,0,6,6,6,6,6,6,3
2143,6,6,3,2,4,4,6,6,6,6,6,6,6,6,0
2144,4,3,2,5,5,5,5,5,5,3,5,6,6,6,4
2145,4,4,4,4,4,5,3,3,5,5,3,6,6,6,5
2146,3,2,2,3,5,3,3,3,2,3,3,3,3,3,3
2147,5,5,4,5,5,5,6,6,6,4,6,5,6,6,5
2148,5,5,5,5,5,5,6,6,6,6,6,6,6,6,5
2149,6,6,4,4,0,3,6,6,6,6,6,6,6,6,3
2150,5,5,4,4,4,4,6,6,6,4,4,4,6,6,5
2151,3,3,3,3,3,3,3,3,3,3,3,3,3,3,3
2152,4,4,4,4,4,4,4,4,4,4,4,4,4,4,4
2153,3,3,4,4,4,4,4,4,4,4,4,4,4,4,4
2154,3,3,3,3,3,3,6,6,6,6,6,6,6,6,3
2155,3,1,1,4,4,4,1,1,1,4,6,5,6,6,3
2156,4,4,4,4,4,4,4,4,3,4,4,4,4,4,4
2157,4,3,3,4,4,4,4,4,5,6,6,4,6,6,3
2158,4,4,4,5,5,4,6,6,5,4,5,5,5,6,4
2159,6,3,3,3,5,3,3,3,6,3,6,6,6,6,3
2160,5,5,4,5,4,5,4,4,4,4,5,3,4,5,5
2161,5,5,5,5,5,5,5,5,5,4,5,5,5,5,5
2162,3,3,3,3,1,3,6,6,6,6,6,6,6,6,3
2163,0,5,5,4,5,5,6,6,3,3,6,3,6,5,4
2164,6,1,2,1,4,2,3,3,2,6,6,1,6,6,2
2165,5,3,4,4,4,4,4,4,5,6,6,6,6,6,4
2166,5,5,5,5,5,5,5,6,6,4,5,4,4,4,0
2167,6,3,3,4,4,5,6,6,5,4,6,5,6,5,5
2168,4,4,4,5,5,5,4,4,4,4,6,6,6,6,4
2169,4,3,3,4,4,4,4,4,4,4,4,4,6,5,4
2170,3,3,4,3,6,5,6,6,5,6,6,5,6,6,4
2171,3,3,3,3,4,4,6,6,3,3,6,4,6,6,4
2172,3,1,3,5,5,3,0,3,1,5,3,2,3,1,3
2173,4,4,4,4,4,4,4,3,4,3,3,4,4,4,4
2174,4,3,1,1,3,3,3,3,3,3,0,1,0,0,0
2175,6,4,3,4,5,4,6,6,4,4,5,4,5,6,5
2176,3,3,3,3,3,3,3,3,3,3,3,3,3,3,3
2177,3,6,4,3,4,3,1,2,3,3,2,6,2,1,2
2178,4,3,3,3,3,3,3,3,2,3,3,5,6,6,4
2179,5,2,5,5,5,5,5,5,5,5,5,6,6,6,5
2180,0,0,0,0,5,5,4,4,5,0,0,0,0,0,0
2181,4,4,4,4,4,4,4,4,4,4,4,4,6,6,5
2182,5,5,5,5,5,5,6,6,5,5,6,5,6,5,5
2183,1,2,2,3,3,3,2,2,4,4,4,4,4,4,3
2184,4,2,3,4,4,4,4,4,4,5,5,5,5,5,3
2185,6,6,6,5,5,5,6,6,6,4,6,6,6,6,5
2186,3,3,3,4,4,4,2,3,2,3,4,3,4,3,4
2187,5,5,5,5,5,0,0,0,5,5,0,0,0,0,5
2188,4,4,4,4,4,4,4,4,3,4,4,4,4,4,5
2189,3,3,3,3,3,4,1,1,3,6,6,6,6,6,3
2190,6,4,4,5,5,5,6,6,5,5,6,5,6,5,5
2191,4,4,4,3,3,3,6,6,4,3,6,4,6,6,4
2192,2,1,1,5,5,5,3,3,3,4,4,4,4,4,4
2193,5,5,5,5,5,5,5,5,3,4,4,4,4,4,4
2194,5,4,5,5,5,5,5,5,5,5,5,5,5,5,5
2195,6,6,6,5,6,3,6,6,5,6,6,6,6,6,4
2196,3,3,3,2,2,2,1,1,1,3,3,3,3,3,3
2197,3,4,4,4,4,4,4,4,4,4,4,6,6,6,4
2198,4,4,4,4,4,4,4,4,6,4,6,6,6,6,4
2199,6,6,5,5,5,5,5,5,5,5,5,5,5,5,5
2200,3,3,3,4,4,4,6,6,5,6,6,6,6,6,4
2201,2,3,3,2,3,3,3,3,3,3,3,3,6,6,3
2202,5,5,5,5,5,5,4,4,4,6,6,5,6,6,5
2203,0,0,0,0,0,0,0,0,0,0,0,0,0,0,0
2204,3,4,6,4,3,5,6,5,6,6,6,6,6,6,4
2205,0,0,0,0,0,0,0,0,0,0,0,0,0,0,0
2206,6,4,6,5,4,5,6,6,5,6,6,6,6,6,5
2207,5,5,3,4,4,4,3,3,4,4,4,0,4,3,4
2208,2,1,1,3,4,4,2,2,4,4,4,4,4,4,4
2209,4,4,4,4,4,4,4,4,4,4,4,4,4,4,4
2210,4,4,4,4,4,3,3,3,3,4,4,4,4,4,4
2211,4,3,4,5,5,5,5,5,5,6,6,6,6,6,4
2212,3,4,6,2,3,4,6,6,6,6,6,4,6,6,3
2213,5,5,5,4,4,4,3,3,3,3,3,3,3,3,3
2214,6,6,0,4,4,4,6,6,4,6,6,4,6,6,4
2215,4,5,4,4,4,4,4,4,4,6,6,6,6,6,4
2216,5,5,5,5,5,5,5,5,5,5,5,5,5,5,5
2217,5,5,5,3,5,5,6,6,6,6,6,5,6,6,5
2218,3,3,3,3,3,3,0,0,0,0,0,4,0,0,3
2219,6,5,3,5,6,6,6,6,6,6,6,6,6,6,0
2220,4,4,4,3,4,4,4,4,5,6,6,6,6,6,4
2221,6,3,6,5,4,5,5,5,5,4,6,6,4,6,5
2222,4,3,3,4,3,4,2,2,4,5,6,6,6,6,3
2223,6,6,6,4,6,4,6,6,6,6,6,4,6,6,4
2224,6,6,6,6,6,6,6,6,4,4,6,6,6,6,0
2225,5,5,5,5,5,5,6,6,5,5,6,5,6,6,5
2226,4,6,0,4,4,4,6,6,5,6,6,5,6,6,4
2227,6,4,3,4,6,5,6,6,6,5,6,6,6,6,5
2228,4,6,3,5,5,5,5,5,5,4,6,6,6,6,5
2229,4,4,4,3,3,3,3,3,3,0,4,4,0,0,4
2230,6,4,4,4,4,4,4,4,4,4,4,4,4,4,4
2231,0,0,0,0,0,0,0,0,0,0,0,0,0,0,4
2232,6,4,6,5,5,5,4,5,5,1,4,5,5,5,4
2233,2,2,2,5,5,5,1,1,5,5,6,5,6,6,0
2234,5,3,4,4,5,5,5,5,5,0,0,0,0,0,5
2235,4,4,4,4,4,4,4,4,4,4,4,4,4,4,0
2236,5,3,3,4,3,4,2,3,5,3,3,4,4,6,3
2237,4,4,4,4,4,3,6,4,5,6,6,6,6,6,4
2238,5,5,5,5,5,5,5,5,5,5,5,5,5,5,5
2239,5,5,4,5,4,5,6,6,3,6,6,6,6,6,4
2240,4,4,4,4,4,4,4,4,4,4,4,4,4,4,4
2241,5,5,5,5,5,5,5,5,5,5,5,5,5,5,5
2242,6,3,3,4,4,3,6,6,3,4,3,5,4,6,4
2243,5,3,3,5,5,5,6,6,5,2,4,4,4,6,4
2244,4,3,6,4,3,4,6,6,3,6,6,2,6,6,4
2245,5,5,5,4,3,5,6,6,6,4,6,4,6,6,4
2246,3,3,3,3,3,3,3,3,3,4,4,3,4,6,4
2247,5,5,4,5,4,5,6,6,4,4,6,4,6,4,4
2248,4,3,3,4,3,3,6,6,6,6,6,6,6,6,4
2249,0,3,3,4,4,4,4,4,4,6,6,6,6,6,4
2250,5,5,5,5,5,5,6,6,6,6,6,6,6,6,5
2251,4,5,6,4,6,4,6,6,4,6,6,6,6,6,4
2252,5,5,5,5,6,5,5,5,2,4,6,6,6,6,5
2253,4,4,4,4,5,5,6,5,5,6,6,6,6,6,4
2254,4,4,3,3,3,3,3,3,3,3,3,3,3,3,4
2255,4,4,3,3,3,4,6,6,4,6,6,4,6,6,3
2256,5,4,5,4,4,5,5,5,5,5,4,5,5,5,5
2257,5,4,3,4,4,4,4,4,5,4,5,6,4,6,4
2258,5,5,5,5,5,5,5,5,5,5,5,5,5,5,5
2259,4,3,3,4,4,4,3,3,2,3,6,6,4,6,4
2260,4,3,4,4,4,3,3,3,3,4,6,6,6,6,4
2261,3,2,2,3,5,5,4,4,6,2,6,6,6,6,4
2262,5,3,4,5,5,5,5,5,6,4,4,5,5,5,5
2263,6,5,5,5,6,6,6,6,6,6,6,6,6,6,5
2264,4,6,6,5,5,6,5,5,6,6,6,6,6,6,4
2265,4,3,3,4,5,4,4,4,6,3,6,6,6,6,4
2266,6,6,6,6,6,6,6,6,6,6,6,6,6,6,4
2267,2,2,2,3,3,3,3,3,3,3,3,3,3,3,3
2268,2,3,3,3,4,4,6,6,4,4,6,6,6,6,4
2269,3,3,3,4,4,5,3,3,3,5,5,5,5,5,4
2270,4,4,4,4,5,5,6,6,5,6,6,6,6,6,5
2271,3,2,2,4,4,4,4,4,5,5,4,3,6,6,3
2272,5,4,4,3,5,5,5,5,6,4,2,3,3,3,4
2273,4,4,4,4,4,4,6,6,4,4,4,6,6,6,4
2274,3,2,2,0,3,3,3,3,3,6,6,6,6,6,3
2275,5,4,4,5,5,5,6,6,5,4,4,5,6,5,5
2276,0,0,0,0,0,0,0,0,0,5,0,0,0,0,5
2277,5,3,3,3,3,3,3,3,3,3,3,3,3,3,3
2278,4,3,3,4,3,4,6,6,4,3,4,6,3,6,4
2279,4,4,4,4,4,6,6,6,6,6,6,6,6,4,4
2280,2,2,2,3,3,3,3,3,3,3,3,3,3,3,3
2281,3,3,3,2,3,3,2,2,6,6,6,6,6,6,3
2282,4,6,6,5,5,5,6,5,5,6,6,5,6,6,4
2283,4,4,4,4,4,4,4,4,4,4,6,4,6,6,0
2284,4,4,5,4,5,4,4,4,6,6,6,6,6,6,4
2285,4,0,4,3,3,4,3,4,5,5,6,5,6,4,4
2286,3,4,4,4,4,4,6,6,4,6,6,6,6,6,4
2287,5,4,4,5,5,5,5,5,5,5,6,4,6,5,5
2288,6,3,4,5,5,5,5,5,5,4,2,6,6,6,4
2289,6,4,4,5,5,5,6,6,6,4,6,4,6,4,4
2290,4,4,2,3,3,4,6,6,4,3,4,4,6,3,4
2291,4,4,3,3,4,4,4,4,5,3,6,6,6,4,4
2292,6,6,4,6,6,6,6,6,6,6,6,6,6,6,4
2293,6,3,6,3,4,4,6,6,6,6,6,6,6,6,4
2294,1,6,6,6,6,6,6,6,6,6,6,6,6,6,0
2295,5,6,4,5,5,5,5,5,5,5,5,5,6,6,5
2296,4,5,4,4,0,5,5,5,5,4,5,5,5,5,4
2297,5,5,5,5,5,5,5,5,5,5,6,5,6,6,5
2298,6,3,2,4,4,4,6,6,3,4,5,4,4,4,4
2299,5,5,5,4,6,5,6,6,5,5,6,6,6,6,5
2300,4,4,4,4,4,4,4,4,4,4,6,6,6,6,4
2301,6,6,6,4,5,4,6,6,5,6,6,6,6,6,4
2302,6,6,6,0,5,6,6,6,6,6,6,6,6,6,5
2303,4,5,5,3,5,5,5,5,5,5,6,6,6,6,5
2304,4,4,4,5,4,4,6,6,5,4,4,6,3,4,4
2305,6,4,6,4,4,4,6,6,6,4,3,4,4,4,4
2306,4,4,4,4,4,4,3,3,5,4,4,6,6,6,4
2307,4,4,6,4,3,4,6,6,5,4,6,4,6,6,4
2308,4,4,5,5,5,4,0,0,4,4,4,4,0,3,4
2309,3,2,3,4,4,3,6,6,3,6,6,6,6,6,4
2310,3,2,2,4,4,3,3,3,3,4,6,3,6,6,4
2311,4,6,6,4,3,4,6,6,4,6,6,6,6,6,4
2312,6,6,6,4,5,5,5,5,6,4,4,4,6,4,4
2313,1,1,1,1,1,1,1,1,1,1,1,1,1,1,1
2314,4,4,4,5,5,5,6,6,5,5,6,5,6,5,4
2315,6,6,6,5,5,5,4,4,5,6,6,6,6,6,5
2316,6,4,4,4,4,4,6,6,5,4,4,4,0,0,4
2317,3,3,3,3,3,3,3,3,3,4,4,4,4,4,3
2318,5,5,6,4,4,3,6,6,5,6,6,3,6,6,4
2319,4,3,6,4,5,4,4,4,6,4,6,6,6,6,4
2320,3,3,3,3,3,3,3,3,3,3,6,3,6,3,3
2321,4,4,4,4,4,5,6,6,4,6,6,6,6,6,4
2322,3,3,4,4,3,4,4,4,4,4,4,6,6,4,3
2323,5,4,4,4,3,4,6,6,5,6,6,3,6,6,4
2324,0,2,0,2,4,2,0,0,0,0,0,0,0,0,2
2325,5,3,4,5,5,5,5,5,5,5,6,5,5,5,4
2326,6,3,3,4,4,4,6,6,3,3,3,6,6,6,4
2327,3,4,4,4,4,4,3,3,4,3,3,3,3,3,3
2328,4,4,4,4,4,4,6,6,6,4,6,4,6,4,4
2329,3,5,4,5,5,4,6,6,2,5,4,5,5,6,4
2330,3,2,3,4,4,4,4,4,5,4,6,6,6,6,3
2331,5,5,5,5,5,5,6,6,5,5,5,6,6,6,5
2332,5,5,5,5,5,5,5,5,5,5,5,5,5,5,5
2333,3,2,3,3,3,3,6,6,6,0,0,0,0,0,0
2334,4,5,5,5,5,5,5,5,5,6,6,6,6,6,5
2335,6,6,6,0,3,3,6,6,4,4,6,6,6,6,3
2336,4,3,3,5,5,5,5,5,5,6,6,6,6,6,5
2337,6,6,6,6,6,6,6,6,6,6,6,6,6,6,0
2338,6,3,3,3,3,3,3,3,3,3,3,6,6,6,3
2339,6,3,3,4,4,4,6,6,3,6,6,6,6,6,4
2340,4,4,4,4,5,4,6,6,5,4,4,6,3,6,4
2341,3,2,3,3,3,3,3,3,3,4,6,6,6,6,4
2342,4,3,5,5,5,4,4,4,5,5,5,5,5,5,5
2343,0,0,0,0,0,0,0,0,0,0,0,0,0,0,0
2344,4,4,4,4,4,4,4,4,4,4,4,4,4,4,5
2345,5,5,5,5,5,5,5,5,5,5,5,5,5,5,5
2346,0,0,0,0,0,0,0,0,0,0,0,0,0,0,0
2347,4,4,4,4,4,4,3,3,5,4,6,4,6,4,4
2348,6,3,3,4,4,4,4,4,4,4,4,4,4,6,4
2349,2,2,3,5,4,5,5,5,5,5,5,5,6,6,5
2350,5,4,3,4,3,4,4,4,5,0,0,0,0,0,4
2351,6,3,3,4,4,4,6,6,3,2,3,3,6,6,4
2352,6,6,6,6,6,6,6,6,6,6,6,6,6,6,4
2353,6,4,3,5,5,5,5,5,6,6,6,6,6,6,5
2354,3,3,3,4,4,4,0,4,5,5,0,0,0,0,5
2355,6,3,3,3,3,3,6,6,5,3,1,1,1,3,3
2356,5,4,5,4,4,4,4,4,6,5,5,6,6,6,4
2357,5,3,4,4,4,0,6,6,6,4,5,5,6,4,4
2358,4,4,3,4,4,4,4,4,5,3,6,6,6,6,4
2359,5,5,4,3,5,5,5,5,5,6,6,6,6,6,4
2360,5,4,4,5,5,5,5,5,5,5,5,6,6,6,4
2361,6,2,2,3,3,3,6,6,6,6,6,6,6,6,3
2362,4,6,5,5,5,5,5,5,5,4,4,6,6,6,5
2363,5,4,4,5,5,5,5,5,5,5,6,6,6,6,5
2364,3,2,3,4,4,4,6,6,6,4,6,6,6,6,3
2365,3,6,6,2,3,3,6,3,4,4,6,4,6,4,4
2366,3,4,4,5,3,4,6,6,3,5,6,6,6,6,4
2367,4,4,4,4,3,3,6,6,4,3,6,6,6,6,4
2368,3,3,3,3,3,3,3,3,3,3,3,3,6,6,3
2369,6,5,6,5,6,6,6,6,5,6,6,6,6,6,5
2370,4,4,4,4,4,4,4,4,4,4,4,4,4,4,4
2371,5,5,5,5,5,5,5,5,4,5,6,4,6,6,5
2372,4,6,6,4,4,4,6,6,6,6,6,4,6,6,4
2373,3,3,3,3,3,3,3,3,6,4,4,6,6,6,4
2374,3,3,4,3,4,0,0,0,0,0,0,0,0,0,3
2375,4,5,4,4,5,5,6,6,5,6,6,6,6,6,5
2376,4,4,4,5,5,5,5,5,5,5,6,6,6,6,5
2377,4,6,4,4,4,4,6,6,4,6,6,6,6,6,4
2378,3,3,3,3,3,3,3,3,3,3,3,3,3,3,3
2379,6,6,4,6,6,6,6,6,6,6,6,6,6,6,4
2380,4,3,4,4,4,3,3,3,3,4,3,6,3,6,4
2381,4,4,3,4,4,4,4,4,4,3,3,6,6,6,4
2382,5,6,4,4,4,4,6,6,6,3,6,0,6,1,4
2383,5,5,5,5,5,5,5,5,5,5,6,6,6,6,5
2384,4,2,3,4,4,4,4,4,4,0,2,2,2,2,3
2385,3,3,3,4,4,4,6,6,3,4,6,5,6,6,4
2386,4,4,3,5,4,4,6,6,4,4,3,6,6,3,4
2387,3,0,0,0,0,0,0,0,0,2,3,3,0,0,5
2388,6,6,6,6,1,6,6,6,6,6,6,6,6,6,0
2389,4,4,4,4,4,4,4,4,4,4,4,4,4,4,4
2390,5,4,3,4,5,5,5,5,5,4,6,5,6,4,5
2391,3,3,2,3,4,4,4,4,5,6,6,6,6,6,3
2392,5,3,3,5,5,5,5,5,3,5,5,5,5,5,5
2393,3,3,3,4,4,4,6,6,5,6,6,5,6,6,4
2394,6,4,6,5,6,5,6,6,5,5,6,6,6,6,5
2395,0,4,4,4,6,4,4,4,5,6,6,6,6,6,4
2396,6,6,6,4,4,4,6,6,6,6,6,6,6,6,4
2397,3,4,3,3,2,2,2,2,3,4,4,3,3,3,4
2398,3,2,2,1,4,3,6,3,4,1,2,4,6,6,3
2399,3,3,3,3,3,3,3,3,4,0,0,3,0,0,3
2400,3,3,3,5,5,5,6,6,4,6,6,5,6,6,4
2401,4,3,6,5,5,5,6,6,5,6,6,6,6,6,3
2402,6,4,6,2,4,4,6,6,5,6,6,3,6,6,4
2403,3,2,2,4,4,4,3,3,3,4,4,5,3,4,3
2404,5,4,4,5,5,4,4,4,5,6,6,6,6,6,4
2405,4,4,4,4,4,4,4,4,4,4,4,4,4,4,4
2406,4,4,3,4,2,4,4,4,5,5,6,6,6,6,4
2407,5,4,4,4,4,4,0,5,5,5,4,4,4,4,4
2408,4,3,3,4,3,3,6,6,4,3,3,4,6,6,3
2409,3,4,4,5,5,5,2,2,3,5,5,5,6,5,5
2410,4,3,4,4,5,5,4,4,5,6,6,6,6,6,4
2411,4,3,3,4,3,3,3,3,4,4,4,4,4,4,4
2412,5,5,5,5,5,4,6,6,5,4,6,5,6,6,5
2413,4,5,4,5,5,5,6,6,4,5,5,5,5,5,5
2414,5,4,4,4,5,5,4,4,4,5,4,4,6,6,5
2415,4,3,3,3,4,3,3,3,4,4,3,4,6,6,3
2416,4,6,6,4,5,3,6,6,5,5,6,6,6,6,4
2417,4,3,3,5,5,5,5,5,4,4,4,4,4,5,4
2418,6,6,3,4,4,4,6,6,4,6,6,4,6,3,4
2419,5,5,5,5,5,4,4,4,5,4,0,5,0,3,4
2420,4,4,4,4,4,4,4,4,4,6,6,6,6,6,5
2421,3,4,4,4,4,5,6,6,5,4,6,5,6,4,4
2422,4,4,4,4,4,4,4,4,4,5,5,5,5,5,4
2423,6,3,3,4,4,4,4,4,6,4,6,4,6,4,4
2424,4,1,1,3,4,4,3,3,1,3,3,1,1,1,2
2425,4,4,3,4,4,4,6,6,2,3,6,6,6,6,4
2426,4,5,4,5,4,5,4,4,6,4,6,4,6,2,4
2427,4,4,4,5,5,4,4,4,5,4,5,5,4,4,4
2428,5,3,3,3,3,3,6,6,6,3,6,6,6,6,4
2429,3,3,3,4,4,4,6,6,5,4,4,6,6,5,5
2430,0,0,0,0,0,0,0,0,0,0,0,0,0,0,0
2431,6,6,6,6,3,3,6,6,4,6,6,6,6,6,3
2432,5,4,5,5,5,5,6,6,5,6,6,6,6,6,5
2433,3,3,3,3,3,3,3,3,3,6,6,6,6,6,3
2434,5,3,2,3,2,4,4,4,4,4,6,6,6,6,1
2435,5,4,4,5,5,5,5,5,4,4,4,5,4,6,5
2436,4,6,6,4,4,4,6,4,6,4,6,3,6,6,4
2437,0,5,0,5,0,5,0,0,6,5,2,0,5,0,4
2438,4,4,3,4,4,5,3,3,5,5,5,5,5,5,5
2439,2,3,3,4,3,4,3,3,2,5,6,2,6,3,3
2440,6,1,2,3,3,4,6,6,6,3,3,6,3,6,3
2441,4,3,3,4,4,4,4,4,4,4,3,3,4,4,4
2442,3,2,2,2,2,2,2,2,3,0,0,0,0,0,3
2443,4,4,3,3,3,3,3,3,4,3,3,3,3,3,4
2444,4,4,4,4,6,4,6,6,6,6,6,6,6,6,4
2445,4,4,4,5,5,5,6,6,5,4,6,4,6,6,4
2446,4,3,3,4,4,4,4,4,5,4,4,4,4,4,4
2447,5,4,4,5,1,6,6,6,6,5,6,5,6,1,4
2448,4,3,3,5,4,5,6,6,5,4,4,5,6,6,4
2449,6,5,4,5,4,5,6,6,5,6,6,6,6,6,5
2450,5,3,4,4,3,4,4,4,5,6,6,6,6,6,4
2451,4,3,4,4,4,5,6,6,5,4,3,6,3,6,4
2452,4,4,4,4,4,4,4,4,4,4,3,6,6,6,5
2453,4,4,4,5,3,4,6,6,1,4,4,6,6,6,4
2454,2,1,1,4,4,1,2,2,5,3,6,5,6,6,5
2455,4,5,5,5,5,5,5,5,6,5,5,5,6,6,5
2456,4,4,4,5,5,5,4,4,5,5,5,5,5,4,5
2457,4,3,3,3,4,3,3,3,4,3,3,3,3,3,4
2458,4,2,6,3,5,0,6,3,4,6,6,4,6,6,0
2459,4,3,3,0,5,5,6,6,5,5,5,6,5,6,4
2460,3,4,3,3,3,3,4,4,3,4,3,4,3,4,3
2461,6,6,6,1,2,2,2,2,2,2,3,6,6,6,0
2462,5,6,4,5,5,4,4,4,6,6,6,5,6,6,5
2463,6,6,6,6,6,6,6,6,4,6,6,6,6,6,4
2464,6,6,6,5,5,4,4,4,5,6,6,5,6,6,4
2465,4,4,4,0,5,5,5,5,5,6,6,6,6,6,5
2466,5,4,4,5,5,5,5,5,5,0,0,4,0,0,4
2467,4,4,3,5,4,4,4,4,5,3,3,4,6,4,4
2468,3,4,4,4,3,4,6,6,6,6,6,4,6,4,4
2469,4,4,3,4,5,6,6,6,6,4,6,4,6,3,4
2470,4,4,3,5,4,4,0,0,0,6,6,6,6,6,5
2471,5,4,6,3,4,5,6,2,6,6,6,6,6,6,4
2472,4,4,4,5,5,3,6,6,5,5,6,4,6,6,4
2473,3,3,3,3,3,3,3,3,3,6,6,6,6,6,0
2474,4,5,4,5,5,4,6,6,6,5,6,6,6,6,5
2475,4,4,3,3,5,4,3,3,4,3,6,6,6,6,4
2476,5,5,5,5,5,5,5,5,5,5,5,5,5,5,5
2477,5,5,4,5,5,5,5,5,5,5,5,5,6,6,5
2478,3,2,3,3,3,3,6,6,2,6,6,6,6,6,4
2479,6,4,6,4,6,4,6,4,6,6,6,6,6,6,4
2480,5,5,5,5,5,5,5,5,5,5,5,5,5,5,5
2481,6,4,2,3,3,3,6,6,6,1,6,3,6,1,3
2482,0,0,0,0,0,0,0,0,0,0,0,0,0,0,0
2483,2,4,3,4,4,4,4,4,4,6,6,6,6,6,4
2484,3,4,4,4,4,4,6,6,0,4,6,5,6,5,4
2485,4,4,4,4,4,4,6,6,6,3,6,4,6,4,4
2486,6,3,3,3,6,3,6,6,6,6,6,6,6,6,3
2487,6,4,3,4,4,5,4,4,5,6,6,3,6,6,4
2488,6,3,3,4,4,4,6,6,3,4,6,2,6,3,4
2489,5,3,3,5,5,5,5,5,5,3,3,4,3,6,5
2490,6,3,3,4,4,4,6,6,4,6,6,4,6,6,4
2491,6,6,6,3,6,6,6,6,6,6,6,6,6,6,4
2492,4,3,3,3,3,3,6,6,6,3,3,6,4,6,3
2493,4,4,6,3,5,4,6,6,5,0,0,5,0,3,4
2494,3,3,3,3,3,3,3,3,3,2,2,2,2,2,0
2495,3,5,3,4,3,3,6,6,4,3,6,4,6,6,4
2496,3,4,4,3,3,3,3,3,6,6,6,4,6,0,2
2497,5,4,4,4,6,3,6,6,6,6,6,6,6,6,4
2498,5,4,4,4,4,4,4,4,4,6,6,6,6,6,4
2499,4,5,4,4,4,4,3,3,4,4,4,5,4,4,4
2500,4,3,3,3,4,4,3,3,5,6,6,6,6,6,4
2501,3,4,4,4,5,4,4,4,2,4,6,4,6,3,4
2502,4,4,4,4,6,4,6,6,5,6,6,6,0,3,4
2503,4,3,3,3,3,3,3,3,3,4,3,6,6,6,3
2504,3,3,3,3,3,2,3,3,3,3,2,2,3,2,3
2505,0,0,0,0,3,3,2,2,6,3,4,4,6,2,0
2506,4,4,4,3,4,3,6,3,4,6,6,6,6,6,4
2507,4,3,3,3,4,4,4,3,3,5,5,4,4,4,5
2508,4,3,3,3,4,4,3,3,3,3,3,3,3,3,3
2509,4,4,4,4,4,4,4,3,6,4,4,5,6,6,4
2510,3,3,5,5,5,5,4,4,4,5,5,5,3,3,4
2511,3,2,3,4,4,4,6,6,4,6,6,4,6,6,4
2512,5,3,3,3,4,4,6,6,6,5,4,6,6,6,4
2513,5,4,5,5,5,5,6,6,5,4,4,6,6,6,4
2514,5,4,4,4,5,4,3,3,4,4,4,4,6,4,4
2515,4,4,3,3,3,3,3,3,3,6,6,6,6,6,5
2516,3,3,3,3,3,3,3,3,3,3,3,3,3,3,3
2517,5,4,4,4,6,4,6,5,5,4,6,6,6,6,4
2518,6,4,6,5,5,5,6,6,6,5,5,5,6,6,4
2519,5,5,5,5,5,5,6,6,3,5,4,5,5,6,5
2520,3,3,3,3,4,4,6,6,6,6,6,5,6,1,3
2521,5,4,0,5,1,5,5,5,5,5,5,5,5,5,5
2522,3,3,3,4,4,4,6,6,5,4,4,3,3,6,4
2523,0,0,0,0,1,0,0,0,0,3,0,0,0,0,3
2524,4,4,4,5,5,5,6,6,5,6,6,6,6,6,5
2525,6,6,3,4,4,4,6,6,5,6,6,6,6,6,4
2526,6,3,3,4,4,4,4,4,4,6,6,6,6,6,4
2527,5,3,3,4,3,4,4,4,5,4,4,5,6,6,4
2528,6,2,6,1,3,3,6,6,4,6,6,3,6,6,1
2529,4,6,6,5,5,5,6,6,5,6,6,6,6,6,4
2530,5,3,3,3,4,4,6,6,6,3,6,6,6,6,4
2531,6,3,4,4,4,4,6,6,5,5,6,5,6,5,4
2532,4,4,3,5,5,5,6,6,5,5,6,6,6,6,0
2533,5,4,3,5,4,5,6,6,3,4,6,6,6,2,4
2534,3,4,5,4,4,4,4,4,4,2,6,6,6,4,4
2535,4,5,4,4,4,4,6,6,6,4,3,6,6,6,4
2536,3,3,3,4,4,5,4,4,5,5,6,6,6,6,3
2537,5,4,4,4,5,5,0,0,0,0,0,0,0,0,5
2538,3,2,2,4,3,3,2,4,3,0,2,4,3,3,3
2539,0,4,4,4,4,4,6,6,4,3,2,6,3,0,4
2540,4,3,6,5,5,5,6,6,6,6,6,6,6,6,5
2541,5,4,4,5,5,4,4,4,4,5,5,6,6,6,4
2542,4,6,6,4,4,4,6,6,6,4,6,6,6,6,0
2543,4,4,4,4,5,4,6,6,6,4,4,6,6,6,4
2544,6,6,3,4,4,4,4,4,4,4,6,6,6,6,4
2545,4,4,4,5,5,5,5,5,5,4,4,4,3,3,4
2546,4,6,3,4,4,4,3,3,6,4,6,4,6,3,4
2547,4,4,6,4,4,5,4,4,5,4,5,6,6,6,5
2548,0,0,0,0,0,0,0,0,4,0,6,4,6,3,4
2549,5,5,4,5,5,5,5,5,5,0,0,0,0,0,5
2550,5,6,6,5,5,3,6,6,6,6,6,6,6,6,5
2551,6,6,6,4,5,5,6,6,5,6,6,6,6,6,4
2552,4,4,4,4,4,4,4,3,4,4,4,0,0,0,4
2553,4,4,4,4,4,4,4,4,4,5,5,5,5,5,4
2554,6,3,3,6,1,6,6,0,6,6,6,6,6,6,5
2555,6,6,4,4,4,4,5,4,5,6,6,6,6,6,5
2556,4,3,3,3,3,3,4,4,3,3,3,4,4,4,3
2557,3,2,2,3,3,4,4,4,4,4,3,3,2,2,4
2558,5,6,6,5,5,3,5,5,5,5,5,5,5,5,5
2559,4,5,4,5,5,5,6,6,5,5,6,6,6,6,5
2560,5,5,5,5,5,5,6,6,5,6,6,6,6,6,5
2561,0,0,0,0,0,0,0,0,0,0,0,0,0,0,0
2562,3,6,4,4,3,3,6,6,6,6,6,6,6,6,0
2563,6,3,3,4,4,4,4,4,4,4,4,4,4,3,4
2564,5,5,5,3,4,5,5,5,5,3,6,6,6,6,0
2565,4,4,4,4,4,4,4,4,5,6,6,6,6,6,4
2566,5,4,4,4,4,4,4,4,1,6,6,6,6,6,4
2567,4,5,4,4,4,4,6,6,4,6,6,6,6,6,4
2568,6,4,6,4,4,4,6,6,6,6,6,4,6,3,4
2569,3,3,3,4,4,3,0,0,4,3,6,6,6,6,3
2570,5,3,3,4,3,4,3,3,4,3,6,6,6,6,4
2571,4,4,4,5,5,3,4,4,5,6,6,6,6,6,4
2572,3,3,5,5,5,5,4,3,5,4,4,4,4,4,4
2573,3,4,6,5,5,5,5,5,5,6,5,6,6,6,5
2574,3,2,3,4,2,4,4,4,3,4,4,4,4,4,4
2575,3,5,4,4,4,5,2,3,3,6,6,6,6,6,0
2576,3,6,6,3,4,4,6,6,6,6,6,3,6,6,4
2577,5,5,5,5,5,5,5,5,5,5,5,5,5,5,5
2578,4,3,3,4,4,3,3,3,3,3,3,6,4,4,3
2579,5,5,5,5,5,5,5,5,5,0,0,0,0,0,0
2580,4,4,4,5,5,5,4,4,5,5,5,5,5,5,5
2581,4,3,3,4,4,5,6,6,4,4,6,6,4,6,4
2582,5,5,5,5,5,5,5,5,5,5,5,5,5,5,5
2583,4,4,5,5,5,5,5,5,6,5,5,5,6,4,4
2584,4,2,4,5,5,5,6,6,5,5,6,4,6,6,5
2585,0,6,6,5,4,4,4,4,4,4,4,4,4,4,4
2586,3,3,3,3,3,3,3,3,3,2,2,2,2,2,3
2587,6,6,6,2,6,5,6,6,6,6,6,6,6,6,3
2588,5,5,5,5,5,5,5,5,5,6,6,5,6,6,5
2589,4,3,3,4,4,4,6,6,1,3,3,6,2,3,4
2590,5,4,4,4,4,4,6,6,6,2,2,6,6,6,4
2591,4,2,6,4,4,4,5,6,6,3,1,6,6,6,3
2592,3,3,3,4,5,4,6,6,4,4,3,6,6,6,4
2593,3,3,3,4,4,3,3,4,3,1,1,1,1,0,4
2594,3,3,3,1,3,2,2,2,4,1,1,3,6,1,2
2595,0,6,3,3,4,0,6,6,3,2,6,3,6,6,3
2596,3,3,3,4,4,5,6,6,4,4,6,6,6,6,4
2597,2,1,2,3,3,3,3,3,3,3,6,3,6,3,3
2598,5,4,0,5,5,6,6,0,5,5,6,5,6,5,5
2599,4,6,2,3,3,4,6,6,4,4,6,4,6,4,4
2600,4,3,3,4,4,4,4,6,6,5,4,6,4,6,4
2601,0,3,0,5,5,5,4,4,4,5,5,5,5,5,4
2602,5,5,5,5,5,5,5,5,5,5,5,5,1,6,5
2603,3,6,6,4,4,3,6,6,5,4,4,6,6,6,3
2604,4,3,3,3,3,3,3,3,3,3,4,6,4,6,3
2605,6,3,6,5,5,5,5,5,6,5,5,6,6,6,4
2606,5,4,4,4,5,5,4,4,5,5,5,5,4,6,4
2607,4,6,5,5,5,5,5,5,4,4,6,6,6,6,4
2608,4,4,4,4,4,4,4,4,4,4,4,4,4,4,4
2609,4,4,4,5,6,4,4,4,6,5,6,6,6,6,4
2610,4,4,4,5,5,5,4,4,5,5,6,5,6,5,5
2611,4,6,6,5,5,5,6,6,5,5,6,5,6,6,4
2612,3,3,4,4,4,3,3,3,6,3,6,4,6,6,3
2613,3,2,3,4,4,4,4,4,5,4,4,3,0,3,3
2614,3,3,3,4,4,5,5,5,6,5,6,6,6,6,3
2615,4,6,6,4,4,5,4,6,3,4,6,5,6,6,4
2616,3,2,6,4,4,4,6,6,3,4,6,4,6,6,4
2617,4,4,4,4,4,4,6,6,5,4,4,6,5,6,4
2618,6,6,3,4,4,4,4,4,4,4,6,6,6,6,4
2619,6,6,5,5,5,5,5,5,5,6,6,6,6,6,4
2620,3,6,6,0,4,4,6,6,5,5,5,5,6,4,4
2621,3,2,3,4,3,4,4,4,2,3,6,4,6,3,3
2622,4,4,4,4,4,4,4,4,4,3,2,3,3,3,3
2623,3,2,2,4,3,3,6,6,6,3,6,6,6,6,3
2624,2,2,2,4,4,3,4,4,5,4,6,3,6,4,4
2625,2,5,1,5,5,5,5,5,5,6,6,6,6,6,4
2626,5,4,4,5,5,5,6,5,5,5,6,5,6,5,5
2627,5,5,5,5,5,5,5,5,5,5,5,5,5,5,5
2628,6,3,5,5,5,5,5,5,6,6,6,6,6,6,5
2629,3,4,4,5,5,5,4,4,5,5,5,5,5,5,5
2630,4,4,4,4,4,4,6,6,6,4,4,6,6,6,4
2631,3,2,3,5,4,4,3,3,6,6,6,6,6,6,4
2632,4,3,6,5,4,4,6,6,4,6,6,6,6,6,4
2633,3,3,3,3,3,4,3,3,3,4,6,6,6,6,3
2634,5,4,4,5,5,4,5,5,4,6,6,6,6,6,5
2635,3,4,3,5,4,4,4,4,5,4,4,5,6,4,4
2636,5,6,6,5,4,5,4,4,5,4,4,4,6,4,4
2637,4,4,4,4,4,4,4,4,3,4,4,3,3,3,4
2638,6,6,5,5,4,4,4,4,4,3,3,3,6,6,4
2639,6,2,2,5,6,5,6,6,6,3,3,6,3,6,4
2640,3,6,3,3,4,3,3,3,6,6,6,6,6,6,3
2641,4,4,5,5,4,4,4,4,4,4,4,0,6,6,4
2642,5,3,4,5,4,5,6,6,6,5,6,5,6,6,3
2643,4,3,4,3,4,4,2,4,4,4,6,5,6,4,4
2644,4,5,5,5,5,5,5,5,2,5,3,4,0,5,5
2645,3,3,3,5,3,4,2,2,3,5,6,6,6,6,3
2646,3,6,3,4,4,3,3,3,4,0,0,0,0,0,4
2647,3,4,4,4,5,5,6,6,6,6,6,6,6,6,4
2648,4,6,6,3,5,4,6,6,6,6,6,5,6,6,4
2649,6,6,4,4,4,4,4,4,3,4,4,4,5,4,4
2650,4,4,6,4,6,4,6,6,6,6,6,6,6,6,4
2651,3,3,2,4,6,4,6,6,6,4,6,4,6,4,4
2652,5,5,4,4,5,5,6,6,4,4,6,5,6,4,5
2653,3,3,3,3,3,3,3,3,3,6,6,6,6,6,3
2654,4,2,4,3,4,5,6,6,5,6,6,6,6,6,4
2655,6,6,4,2,4,5,6,3,5,6,6,5,6,6,4
2656,6,6,4,5,5,5,6,6,5,6,6,5,6,6,5
2657,5,3,3,4,3,4,3,3,5,4,6,6,6,6,4
2658,6,4,4,4,4,4,4,4,4,4,4,6,6,6,4
2659,0,0,0,0,0,0,0,0,0,0,0,0,0,0,0
2660,3,3,3,1,2,3,1,1,5,6,6,6,6,6,4
2661,0,3,5,3,5,5,4,4,5,5,0,0,0,0,3
2662,6,6,6,4,5,4,4,6,4,6,6,6,6,6,4
2663,3,3,3,4,4,4,4,4,4,6,6,6,6,6,4
2664,4,6,4,4,4,4,4,4,5,6,6,5,6,5,4
2665,3,6,6,4,4,4,3,4,5,4,6,5,6,5,4
2666,6,4,4,4,5,5,5,5,5,6,6,6,6,6,5
2667,4,2,3,4,4,4,3,4,4,6,6,6,6,6,3
2668,6,2,6,4,4,2,6,6,6,3,6,5,6,4,3
2669,4,3,3,4,5,4,3,3,3,3,3,3,3,6,4
2670,6,5,5,5,5,5,6,6,5,5,6,5,6,5,5
2671,5,5,5,5,5,5,5,5,6,5,6,5,6,5,5
2672,5,3,4,4,4,5,4,4,5,6,6,6,6,6,4
2673,4,4,4,5,4,3,6,6,6,4,6,6,6,6,4
2674,4,3,3,3,3,3,0,0,0,3,3,0,0,0,3
2675,6,4,6,4,5,4,4,4,4,3,3,3,0,4,4
2676,3,3,3,3,3,3,6,6,6,3,6,3,6,3,3
2677,6,3,6,3,3,3,3,3,3,3,6,6,6,6,3
2678,4,4,6,1,3,4,4,6,0,6,6,6,6,6,4
2679,5,4,4,5,3,5,6,6,6,4,6,3,6,4,4
2680,5,3,2,5,5,5,5,5,6,4,6,3,6,1,3
2681,4,4,6,4,4,4,5,6,5,6,6,6,6,6,4
2682,4,3,6,3,3,3,2,2,4,6,6,6,6,6,3
2683,6,3,6,5,5,3,6,6,4,6,6,6,6,6,4
2684,4,3,3,4,4,4,4,4,4,4,4,3,4,4,4
2685,3,6,3,3,3,3,3,3,3,6,6,6,6,6,4
2686,4,5,6,5,5,5,6,6,4,5,4,6,2,6,4
2687,3,3,3,4,5,5,5,6,3,4,6,6,4,4,4
2688,4,3,0,4,4,4,6,6,5,4,4,4,3,3,4
2689,5,3,3,4,5,4,4,4,4,6,6,6,6,6,4
2690,4,4,4,4,4,3,4,4,3,5,6,6,6,6,4
2691,5,3,4,5,5,5,5,5,5,6,6,6,6,6,4
2692,6,3,3,5,5,4,4,4,5,5,6,6,6,5,4
2693,5,5,5,5,5,5,5,5,5,0,0,0,0,0,5
2694,4,4,4,5,5,5,4,4,5,5,3,4,5,5,5
2695,4,6,4,5,5,5,6,6,6,5,6,5,6,5,4
2696,4,6,6,4,5,5,5,5,5,5,6,6,6,6,5
2697,5,4,4,5,4,4,3,4,3,4,4,4,3,4,4
2698,4,4,4,5,5,5,5,4,5,5,6,6,6,6,4
2699,0,6,3,4,4,4,4,4,4,3,3,6,6,6,4
2700,6,6,6,5,5,5,5,5,3,5,5,6,6,6,4
2701,3,2,1,3,4,3,2,2,5,6,6,5,6,3,3
2702,3,3,3,4,3,3,3,3,4,3,3,3,3,3,3
2703,4,4,4,4,4,4,4,4,4,3,3,3,3,3,4
2704,4,4,4,5,4,4,4,4,5,4,4,4,3,3,4
2705,4,0,3,4,4,4,4,4,4,3,3,3,3,3,3
2706,3,2,2,5,5,5,5,5,5,4,3,5,3,5,3
2707,4,3,3,3,4,3,6,6,3,4,4,4,3,6,4
2708,6,3,4,4,5,4,3,3,2,6,6,6,6,6,4
2709,3,2,3,4,4,4,3,3,2,4,4,6,6,6,3
2710,3,3,3,4,4,4,4,4,5,4,3,6,0,6,4
2711,3,3,3,3,4,4,4,4,3,4,4,4,4,4,3
2712,4,3,3,4,4,4,3,3,3,3,2,3,3,6,4
2713,4,2,2,4,4,4,6,6,5,1,6,2,6,6,3
2714,0,0,0,5,0,5,0,0,5,0,4,0,0,0,5
2715,4,4,4,4,4,3,2,3,3,2,3,5,6,2,4
2716,3,2,2,3,3,3,3,3,3,4,4,4,4,4,3
2717,3,5,4,5,4,4,5,5,2,4,4,0,0,0,4
2718,3,4,3,4,4,4,2,2,6,4,4,4,6,6,4
2719,3,2,4,4,3,3,6,6,6,4,4,6,3,4,3
2720,4,3,6,4,4,5,4,4,3,4,4,5,0,6,4
2721,6,3,4,5,5,4,4,6,4,5,6,3,6,6,4
2722,6,3,6,5,5,5,5,5,5,6,6,6,6,6,4
2723,6,6,2,4,2,3,3,3,5,6,6,5,6,6,4
2724,5,3,3,4,4,4,0,0,4,5,4,3,6,6,4
2725,3,4,4,5,5,4,3,3,2,3,3,4,6,6,4
2726,3,6,4,4,5,3,6,3,6,6,6,6,6,6,4
2727,3,3,3,4,4,4,4,4,5,4,4,4,6,5,4
2728,3,2,2,2,4,4,3,4,4,4,2,2,4,3,3
2729,3,6,4,4,4,5,5,5,1,6,6,6,6,6,4
2730,6,6,3,5,5,4,6,6,6,4,6,6,6,6,4
2731,3,4,4,3,4,3,6,6,5,3,6,5,6,4,4
2732,4,4,4,4,5,5,5,5,4,0,0,0,0,0,5
2733,3,3,3,4,3,3,3,3,2,4,4,3,3,3,3
2734,0,0,0,0,0,0,0,0,0,0,0,0,0,0,0
2735,4,4,4,4,6,5,6,6,5,5,6,6,6,6,5
2736,6,3,3,4,5,4,4,4,6,4,3,6,6,6,3
2737,4,3,3,4,4,4,4,4,4,3,3,3,4,4,4
2738,3,3,3,2,3,3,6,6,6,3,6,6,6,6,2
2739,4,2,3,4,5,5,5,5,3,5,6,6,6,6,3
2740,6,3,4,4,4,4,6,6,5,4,6,6,6,6,4
2741,5,3,4,5,5,5,5,5,4,5,5,5,5,5,4
2742,3,2,4,4,5,4,4,4,3,6,6,6,6,6,3
2743,3,3,3,4,4,4,4,4,4,5,5,5,5,5,4
2744,6,6,6,3,3,3,3,3,3,4,6,5,6,5,4
2745,6,2,6,4,4,4,6,6,6,3,6,5,6,4,3
2746,4,4,3,4,4,4,4,4,3,4,4,5,4,4,4
2747,6,3,3,5,5,5,5,5,6,5,6,6,6,6,4
2748,3,2,3,3,4,3,3,3,3,4,2,4,2,3,3
2749,3,4,4,4,4,4,0,3,3,4,6,4,3,6,4
2750,6,2,2,3,3,2,3,3,4,2,6,2,6,2,0
2751,4,3,3,4,4,4,6,6,4,3,6,4,6,6,4
2752,6,3,4,4,4,4,2,4,6,4,4,6,6,6,4
2753,6,3,6,5,5,4,6,6,6,5,6,5,6,3,5
2754,6,6,5,5,5,5,5,5,5,4,4,3,3,4,4
2755,5,3,3,4,3,3,6,6,6,4,6,4,6,2,4
2756,5,5,5,5,5,5,5,5,5,5,5,6,6,5,5
2757,3,3,4,3,4,3,6,6,4,4,4,6,6,6,4
2758,4,4,4,5,5,5,5,5,5,5,5,5,6,5,5
2759,6,6,6,5,5,5,6,6,6,6,6,6,6,6,5
2760,3,3,3,3,3,3,3,3,3,4,0,0,0,0,3
2761,6,6,4,5,5,5,5,5,5,5,5,5,5,5,5
2762,5,5,5,5,5,5,5,5,5,6,6,6,6,6,5
2763,6,6,6,6,6,6,6,6,6,6,6,6,6,6,5
2764,0,3,4,5,5,4,4,4,2,5,5,5,4,4,4
2765,3,3,0,4,4,4,4,4,3,4,6,6,6,6,0
2766,5,4,5,5,5,5,5,5,5,5,5,5,5,5,5
2767,3,3,4,4,4,3,3,3,4,4,6,6,6,6,4
2768,6,6,6,6,6,6,6,6,6,6,6,6,6,6,0
2769,6,6,6,6,6,6,6,6,6,6,6,6,6,6,5
2770,6,3,3,5,4,4,4,4,5,5,5,6,6,6,4
2771,4,3,3,3,3,3,3,3,4,3,3,4,3,4,3
2772,5,4,4,4,4,4,4,4,4,4,4,4,4,4,4
2773,4,4,4,4,4,4,4,4,5,4,4,6,6,6,5
2774,5,3,5,5,5,5,6,5,5,6,6,6,6,6,4
2775,6,3,3,4,4,4,4,4,3,4,4,6,6,6,4
2776,0,0,0,2,0,0,0,0,0,0,0,0,0,0,0
2777,4,2,4,3,2,3,3,3,6,3,6,6,6,6,4
2778,4,2,3,5,5,5,3,3,5,5,5,5,5,5,4
2779,6,6,6,0,0,4,3,3,5,6,6,6,6,6,4
2780,5,4,5,5,5,5,5,5,5,5,5,5,5,5,5
2781,5,3,2,3,3,3,3,3,3,3,3,3,3,3,3
2782,3,2,4,5,5,4,6,6,6,6,6,6,6,6,4
2783,5,5,5,5,5,5,5,5,6,5,5,6,6,6,5
2784,5,4,3,3,3,4,3,3,5,4,4,4,6,6,4
2785,3,3,3,4,5,3,6,6,3,6,6,6,6,6,4
2786,5,5,4,5,5,5,4,4,6,5,3,4,6,6,4
2787,3,4,6,5,5,5,6,6,2,4,4,5,6,6,4
2788,4,3,4,4,4,4,6,6,5,6,6,6,6,6,4
2789,4,5,4,4,4,5,6,6,5,5,6,5,3,6,5
2790,3,2,5,4,5,5,4,5,5,5,5,6,6,6,4
2791,4,4,4,2,5,4,4,4,6,4,4,5,6,6,4
2792,5,5,3,4,4,5,6,6,2,4,6,6,6,6,4
2793,3,4,3,3,3,3,3,3,2,3,3,6,3,6,3
2794,6,4,5,5,5,4,6,6,5,6,6,6,6,6,5
2795,5,4,6,5,5,5,6,6,6,6,6,6,6,6,4
2796,4,3,3,4,4,5,5,5,3,6,6,6,6,6,4
2797,5,1,2,4,4,2,3,3,5,2,2,6,1,6,3
2798,3,3,3,6,3,3,6,6,3,3,6,6,6,6,3
2799,4,4,4,4,4,3,3,3,1,4,6,4,6,4,4
2800,5,3,4,5,5,5,5,5,5,5,5,5,5,5,4
2801,3,2,4,4,4,4,4,4,4,0,0,5,0,0,4
2802,4,3,4,5,5,5,5,5,5,5,5,6,6,6,5
2803,4,6,6,2,4,5,6,6,5,6,6,6,6,6,4
2804,5,5,5,5,5,5,5,5,5,5,5,5,5,5,5
2805,4,3,3,3,2,3,3,3,4,3,3,3,3,3,4
2806,5,4,4,2,3,3,6,6,3,6,6,6,6,6,4
2807,5,4,2,3,4,2,6,6,4,6,6,6,6,6,4
2808,0,0,0,0,0,0,0,0,0,0,0,0,0,0,0
2809,5,6,5,5,5,5,6,6,6,6,6,6,6,6,5
2810,6,3,4,4,4,4,4,4,4,4,4,4,4,4,4
2811,4,4,4,4,4,4,4,4,4,4,4,4,4,4,4
2812,3,4,3,4,4,4,4,4,4,5,4,5,3,4,4
2813,5,3,5,5,5,5,5,5,4,5,5,5,5,5,5
2814,5,3,3,4,5,5,5,5,5,5,5,4,4,6,4
2815,4,4,4,3,4,4,6,6,4,4,4,4,6,4,4
2816,5,3,4,5,5,5,5,5,5,6,6,6,6,6,4
2817,4,4,5,5,5,4,4,4,4,6,6,4,6,6,4
2818,5,3,3,3,3,3,6,6,3,3,3,3,2,3,3
2819,5,5,5,5,5,5,5,5,5,5,5,5,5,5,5
2820,6,6,5,5,5,5,5,5,5,5,5,5,6,6,5
2821,4,4,4,4,4,4,4,4,3,5,6,6,6,6,4
2822,6,4,3,5,5,5,5,5,6,3,3,4,6,4,4
2823,4,3,5,5,5,5,5,5,5,4,4,4,4,4,4
2824,5,4,3,4,4,4,6,6,6,6,6,6,6,6,4
2825,4,4,4,3,5,5,5,5,5,5,6,6,0,6,5
2826,4,2,4,4,5,5,6,6,5,6,6,4,6,6,4
2827,4,4,5,4,3,4,6,6,2,3,4,4,6,3,4
2828,3,3,4,5,5,5,3,3,5,5,5,6,6,6,5
2829,3,3,2,3,4,5,6,4,5,6,6,6,6,6,4
2830,4,6,3,4,4,4,4,4,4,4,6,4,6,6,4
